source,target,weight,edge_type,skill_key
1002,1009,62,same_skill+sequence,106.0
1002,1013,72,same_skill+sequence,106.0
1002,14841,11,sequence,
1002,16,82,sequence,
1002,211479,1,same_skill,106.0
1002,2730,90,sequence,
1002,36725,1,same_skill,106.0
1002,988,80,sequence,
1002,991,52,same_skill+sequence,106.0
1002,997,68,same_skill+sequence,106.0
1009,1013,73,same_skill+sequence,106.0
1009,16,82,same_skill+sequence,106.0
1009,211479,1,same_skill,106.0
1009,248593,19,sequence,
1009,2730,80,same_skill+sequence,106.0
1009,36725,1,same_skill,106.0
1009,988,65,sequence,
1009,991,78,same_skill+sequence,106.0
1009,997,73,same_skill+sequence,106.0
1013,16,96,same_skill+sequence,106.0
1013,2730,107,same_skill+sequence,106.0
1013,988,105,same_skill+sequence,106.0
1013,991,74,same_skill+sequence,106.0
1013,997,108,same_skill+sequence,106.0
102474,102494,103,sequence,
102474,117,68,sequence,
102474,14841,1,same_skill,75.0
102474,1639,11,sequence,
102474,178,11,sequence,
102474,185878,1,same_skill,75.0
102474,185879,1,same_skill,75.0
102474,185882,1,same_skill,75.0
102474,2209,1,same_skill,75.0
102474,4059,79,sequence,
102474,41,58,sequence,
102474,435859,1,same_skill,75.0
102474,482,54,sequence,
102474,583738,1,same_skill,75.0
102474,8857,134,sequence,
102474,894,53,sequence,
102474,98874,173,sequence,
102494,109445,10,sequence,
102494,109466,42,sequence,
102494,114757,10,sequence,
102494,117,59,same_skill+sequence,75.0
102494,1639,20,sequence,
102494,178,12,sequence,
102494,185882,1,same_skill,75.0
102494,41,58,same_skill+sequence,75.0
102494,482,54,sequence,
102494,8857,35,sequence,
102494,894,65,same_skill+sequence,75.0
102494,89619,1,same_skill,75.0
102494,89632,1,same_skill,75.0
102494,89641,1,same_skill,75.0
102494,89646,1,same_skill,75.0
102494,98874,10,sequence,
1063,12353,1,same_skill,103.0
1063,283249,14,sequence,
1063,30298,253,sequence,
1063,3154,13,same_skill+sequence,103.0
1063,3158,1,same_skill,103.0
1063,342,17,sequence,
1063,409,14,sequence,
1063,45453,1,same_skill,103.0
1063,569689,1,same_skill,103.0
1063,85895,250,sequence,
107667,107681,15,sequence,
107667,107696,14,sequence,
107667,107703,11,sequence,
107667,107717,14,sequence,
107667,107724,15,sequence,
107667,107731,12,sequence,
107667,107738,16,sequence,
107667,107745,15,sequence,
107667,107753,12,sequence,
107667,107760,15,sequence,
107667,107767,12,sequence,
107667,107774,12,sequence,
107667,107781,17,sequence,
107667,107788,11,sequence,
107667,107802,16,sequence,
107667,107809,16,sequence,
107667,107816,14,sequence,
107667,107823,10,sequence,
107667,107830,15,sequence,
107667,107837,18,sequence,
107667,107844,14,sequence,
107667,107851,17,sequence,
107667,107865,14,sequence,
107667,107872,13,sequence,
107667,87835,1,same_skill,311.0
107667,87910,1,same_skill,311.0
107667,88294,41,sequence,
107667,88308,1,same_skill,311.0
107667,88318,1,same_skill,311.0
107667,88322,1,same_skill,311.0
107667,88340,1,same_skill,311.0
107667,88363,1,same_skill,311.0
107667,88391,1,same_skill,311.0
107674,107681,14,sequence,
107674,107689,10,sequence,
107674,107703,14,sequence,
107674,107710,13,sequence,
107674,107717,11,sequence,
107674,107724,12,sequence,
107674,107731,14,sequence,
107674,107738,11,sequence,
107674,107745,16,sequence,
107674,107753,17,sequence,
107674,107767,16,same_skill+sequence,311.0
107674,107774,11,sequence,
107674,107781,13,sequence,
107674,107788,11,sequence,
107674,107795,13,sequence,
107674,107802,12,sequence,
107674,107809,10,sequence,
107674,107823,15,sequence,
107674,107837,14,sequence,
107674,107844,15,same_skill+sequence,311.0
107674,107851,19,sequence,
107674,107858,10,sequence,
107674,107872,15,same_skill+sequence,311.0
107674,81115,1,same_skill,311.0
107674,87508,1,same_skill,311.0
107674,87542,1,same_skill,311.0
107674,87923,1,same_skill,311.0
107674,88031,1,same_skill,311.0
107681,107696,18,sequence,
107681,107703,10,sequence,
107681,107710,10,sequence,
107681,107717,14,sequence,
107681,107724,10,sequence,
107681,107731,15,sequence,
107681,107738,12,sequence,
107681,107745,12,sequence,
107681,107753,11,sequence,
107681,107760,19,sequence,
107681,107774,20,sequence,
107681,107781,17,sequence,
107681,107788,10,sequence,
107681,107795,18,sequence,
107681,107802,21,sequence,
107681,107809,11,sequence,
107681,107816,21,sequence,
107681,107823,12,sequence,
107681,107830,21,sequence,
107681,107837,17,sequence,
107681,107844,12,sequence,
107681,107851,16,sequence,
107681,107858,16,sequence,
107681,107865,19,sequence,
107681,107872,11,sequence,
107681,87740,1,same_skill,311.0
107681,87742,1,same_skill,311.0
107681,87764,1,same_skill,311.0
107681,87791,1,same_skill,311.0
107681,87866,1,same_skill,311.0
107681,87913,1,same_skill,311.0
107681,88330,1,same_skill,311.0
107681,88345,1,same_skill,311.0
107689,107703,10,sequence,
107689,107710,11,sequence,
107689,107724,14,sequence,
107689,107731,1,same_skill,311.0
107689,107738,12,sequence,
107689,107745,15,sequence,
107689,107753,14,same_skill+sequence,311.0
107689,107767,10,sequence,
107689,107774,15,sequence,
107689,107781,12,sequence,
107689,107795,13,sequence,
107689,107802,11,sequence,
107689,107816,22,sequence,
107689,107823,16,sequence,
107689,107830,10,sequence,
107689,107837,13,sequence,
107689,107844,10,sequence,
107689,107851,11,sequence,
107689,107858,11,sequence,
107689,107865,17,sequence,
107689,107872,12,sequence,
107689,87572,1,same_skill,311.0
107689,87613,1,same_skill,311.0
107689,87920,1,same_skill,311.0
107689,87936,1,same_skill,311.0
107689,94584,1,same_skill,311.0
107689,94589,1,same_skill,311.0
107696,107703,1,same_skill,311.0
107696,107710,11,sequence,
107696,107717,18,sequence,
107696,107724,14,sequence,
107696,107738,14,sequence,
107696,107745,14,sequence,
107696,107767,15,sequence,
107696,107774,12,sequence,
107696,107788,19,sequence,
107696,107795,15,sequence,
107696,107802,11,sequence,
107696,107816,12,sequence,
107696,107830,11,same_skill+sequence,311.0
107696,107844,14,sequence,
107696,107851,12,sequence,
107696,107858,12,sequence,
107696,107865,15,sequence,
107696,87507,1,same_skill,311.0
107696,87527,1,same_skill,311.0
107696,87916,1,same_skill,311.0
107696,88041,1,same_skill,311.0
107696,88091,1,same_skill,311.0
107696,88092,1,same_skill,311.0
107703,107710,12,sequence,
107703,107731,15,sequence,
107703,107738,16,sequence,
107703,107745,13,sequence,
107703,107760,15,sequence,
107703,107774,15,sequence,
107703,107781,13,sequence,
107703,107788,12,sequence,
107703,107795,14,sequence,
107703,107802,17,sequence,
107703,107809,15,sequence,
107703,107823,16,sequence,
107703,107830,1,same_skill,311.0
107703,107851,14,sequence,
107703,107858,14,sequence,
107703,107865,10,sequence,
107703,107872,10,sequence,
107703,87527,1,same_skill,311.0
107703,87916,1,same_skill,311.0
107703,87927,1,same_skill,311.0
107703,88041,1,same_skill,311.0
107703,88091,1,same_skill,311.0
107703,88092,1,same_skill,311.0
107710,107717,16,sequence,
107710,107731,11,sequence,
107710,107745,15,sequence,
107710,107753,10,sequence,
107710,107767,17,same_skill+sequence,311.0
107710,107781,12,sequence,
107710,107788,12,sequence,
107710,107795,12,sequence,
107710,107802,11,sequence,
107710,107809,12,sequence,
107710,107816,13,sequence,
107710,107823,14,sequence,
107710,107830,12,sequence,
107710,107837,13,same_skill+sequence,311.0
107710,107851,1,same_skill,311.0
107710,107858,15,sequence,
107710,107865,16,sequence,
107710,107872,1,same_skill,311.0
107710,87508,1,same_skill,311.0
107710,87602,1,same_skill,311.0
107710,87718,1,same_skill,311.0
107710,88031,1,same_skill,311.0
107717,107731,11,sequence,
107717,107738,14,sequence,
107717,107745,13,sequence,
107717,107753,15,sequence,
107717,107760,14,sequence,
107717,107767,12,sequence,
107717,107774,12,sequence,
107717,107781,15,sequence,
107717,107788,1,same_skill,311.0
107717,107795,15,sequence,
107717,107802,12,sequence,
107717,107809,14,sequence,
107717,107816,11,same_skill+sequence,311.0
107717,107823,14,same_skill+sequence,311.0
107717,107837,18,sequence,
107717,107844,11,sequence,
107717,107851,1,same_skill,311.0
107717,107858,10,sequence,
107717,107865,12,sequence,
107717,107872,13,sequence,
107717,87503,1,same_skill,311.0
107717,87543,1,same_skill,311.0
107717,87631,1,same_skill,311.0
107717,87718,1,same_skill,311.0
107724,107731,11,sequence,
107724,107738,19,sequence,
107724,107753,10,sequence,
107724,107767,14,sequence,
107724,107781,16,sequence,
107724,107795,13,sequence,
107724,107802,19,sequence,
107724,107830,12,sequence,
107724,107837,15,sequence,
107724,107844,12,sequence,
107724,107851,10,sequence,
107724,107858,15,sequence,
107724,107865,11,sequence,
107724,87605,1,same_skill,311.0
107724,87915,1,same_skill,311.0
107724,87960,1,same_skill,311.0
107724,88017,1,same_skill,311.0
107724,88093,1,same_skill,311.0
107724,88114,1,same_skill,311.0
107724,88126,1,same_skill,311.0
107724,94591,1,same_skill,311.0
107731,107738,18,sequence,
107731,107745,12,sequence,
107731,107753,14,sequence,
107731,107760,14,sequence,
107731,107767,12,sequence,
107731,107774,17,sequence,
107731,107781,12,sequence,
107731,107788,15,sequence,
107731,107795,1,same_skill,311.0
107731,107802,12,sequence,
107731,107809,10,sequence,
107731,107816,11,sequence,
107731,107823,12,sequence,
107731,107830,12,sequence,
107731,107837,15,sequence,
107731,107844,14,sequence,
107731,107851,12,sequence,
107731,107858,15,sequence,
107731,107865,18,sequence,
107731,87526,1,same_skill,311.0
107731,87572,1,same_skill,311.0
107731,87618,1,same_skill,311.0
107731,87920,1,same_skill,311.0
107731,87936,1,same_skill,311.0
107731,94589,1,same_skill,311.0
107738,107745,15,sequence,
107738,107753,10,sequence,
107738,107760,1,same_skill,311.0
107738,107781,18,same_skill+sequence,311.0
107738,107788,15,sequence,
107738,107795,12,sequence,
107738,107802,18,sequence,
107738,107809,15,sequence,
107738,107816,12,sequence,
107738,107823,14,sequence,
107738,107830,13,sequence,
107738,107837,13,sequence,
107738,107851,13,sequence,
107738,107858,16,same_skill+sequence,311.0
107738,107865,15,sequence,
107738,107872,14,sequence,
107738,87580,1,same_skill,311.0
107738,87620,1,same_skill,311.0
107738,87621,1,same_skill,311.0
107738,87919,1,same_skill,311.0
107738,88096,1,same_skill,311.0
107745,107760,14,sequence,
107745,107767,17,sequence,
107745,107774,16,sequence,
107745,107781,17,sequence,
107745,107788,15,sequence,
107745,107795,13,sequence,
107745,107802,14,sequence,
107745,107809,13,sequence,
107745,107816,12,sequence,
107745,107823,14,sequence,
107745,107830,13,sequence,
107745,107837,13,sequence,
107745,107844,10,sequence,
107745,107851,16,sequence,
107745,107858,15,sequence,
107745,107865,15,sequence,
107745,107872,10,sequence,
107745,87551,1,same_skill,311.0
107745,87606,1,same_skill,311.0
107745,87608,1,same_skill,311.0
107745,87621,1,same_skill,311.0
107745,87625,1,same_skill,311.0
107745,87763,1,same_skill,311.0
107745,87803,1,same_skill,311.0
107745,87840,1,same_skill,311.0
107753,107760,15,sequence,
107753,107767,10,sequence,
107753,107774,10,sequence,
107753,107781,12,sequence,
107753,107788,13,sequence,
107753,107802,12,sequence,
107753,107809,1,same_skill,311.0
107753,107816,13,sequence,
107753,107823,12,sequence,
107753,107830,12,sequence,
107753,107844,15,sequence,
107753,107851,12,sequence,
107753,107858,15,sequence,
107753,107865,15,sequence,
107753,107872,19,sequence,
107753,87507,1,same_skill,311.0
107753,87576,1,same_skill,311.0
107753,87613,1,same_skill,311.0
107753,87920,1,same_skill,311.0
107753,94584,1,same_skill,311.0
107753,94585,1,same_skill,311.0
107760,107767,11,sequence,
107760,107774,16,sequence,
107760,107781,11,sequence,
107760,107788,11,sequence,
107760,107795,11,sequence,
107760,107809,13,sequence,
107760,107816,15,sequence,
107760,107823,21,sequence,
107760,107830,13,sequence,
107760,107844,14,sequence,
107760,107851,16,sequence,
107760,107858,1,same_skill,311.0
107760,107865,11,sequence,
107760,107872,20,sequence,
107760,87511,1,same_skill,311.0
107760,87580,1,same_skill,311.0
107760,87581,1,same_skill,311.0
107760,87620,1,same_skill,311.0
107760,87622,1,same_skill,311.0
107760,87919,1,same_skill,311.0
107767,107781,13,sequence,
107767,107788,10,sequence,
107767,107795,12,sequence,
107767,107802,12,sequence,
107767,107809,10,sequence,
107767,107816,14,sequence,
107767,107830,13,sequence,
107767,107837,15,same_skill+sequence,311.0
107767,107844,16,sequence,
107767,107851,12,sequence,
107767,107858,11,sequence,
107767,107872,1,same_skill,311.0
107767,87508,1,same_skill,311.0
107767,87602,1,same_skill,311.0
107767,87718,1,same_skill,311.0
107767,88031,1,same_skill,311.0
107774,107781,14,sequence,
107774,107788,15,sequence,
107774,107795,13,same_skill+sequence,311.0
107774,107802,16,sequence,
107774,107809,13,sequence,
107774,107816,13,sequence,
107774,107823,12,sequence,
107774,107830,18,sequence,
107774,107837,13,sequence,
107774,107844,1,same_skill,311.0
107774,107851,12,sequence,
107774,107858,12,sequence,
107774,107865,10,sequence,
107774,107872,11,sequence,
107774,81115,1,same_skill,311.0
107774,87526,1,same_skill,311.0
107774,87528,1,same_skill,311.0
107774,87572,1,same_skill,311.0
107774,87618,1,same_skill,311.0
107774,87923,1,same_skill,311.0
107781,107788,12,sequence,
107781,107795,16,sequence,
107781,107802,14,sequence,
107781,107809,12,sequence,
107781,107816,18,sequence,
107781,107823,13,sequence,
107781,107837,12,sequence,
107781,107844,11,sequence,
107781,107851,16,sequence,
107781,107858,14,same_skill+sequence,311.0
107781,107872,12,sequence,
107781,87551,1,same_skill,311.0
107781,87621,1,same_skill,311.0
107781,87625,1,same_skill,311.0
107781,87763,1,same_skill,311.0
107781,87919,1,same_skill,311.0
107781,88096,1,same_skill,311.0
107788,107795,14,sequence,
107788,107802,15,sequence,
107788,107809,13,sequence,
107788,107816,1,same_skill,311.0
107788,107823,1,same_skill,311.0
107788,107830,11,sequence,
107788,107837,20,sequence,
107788,107844,12,sequence,
107788,107851,21,same_skill+sequence,311.0
107788,107858,10,sequence,
107788,107865,14,sequence,
107788,107872,19,sequence,
107788,87503,1,same_skill,311.0
107788,87543,1,same_skill,311.0
107788,87611,1,same_skill,311.0
107788,87631,1,same_skill,311.0
107795,107802,19,sequence,
107795,107809,14,sequence,
107795,107816,10,sequence,
107795,107837,10,sequence,
107795,107844,11,same_skill+sequence,311.0
107795,107858,17,sequence,
107795,107872,18,sequence,
107795,87526,1,same_skill,311.0
107795,87528,1,same_skill,311.0
107795,87572,1,same_skill,311.0
107795,87618,1,same_skill,311.0
107795,94589,1,same_skill,311.0
107802,107809,16,sequence,
107802,107816,12,sequence,
107802,107837,13,sequence,
107802,107851,16,sequence,
107802,107858,23,sequence,
107802,107865,15,sequence,
107802,107872,17,sequence,
107802,87612,1,same_skill,311.0
107802,87614,1,same_skill,311.0
107802,87737,1,same_skill,311.0
107802,87765,1,same_skill,311.0
107802,87769,1,same_skill,311.0
107802,87808,1,same_skill,311.0
107802,88181,1,same_skill,311.0
107802,88183,1,same_skill,311.0
107809,107844,12,sequence,
107809,107858,17,sequence,
107809,107865,10,sequence,
107809,87507,1,same_skill,311.0
107809,87576,1,same_skill,311.0
107809,87613,1,same_skill,311.0
107809,87920,1,same_skill,311.0
107809,88092,1,same_skill,311.0
107809,94584,1,same_skill,311.0
107809,94585,1,same_skill,311.0
107816,107823,14,sequence,
107816,107830,12,sequence,
107816,107837,20,sequence,
107816,107844,14,sequence,
107816,107851,10,sequence,
107816,107858,11,sequence,
107816,107865,1,same_skill,311.0
107816,107872,13,sequence,
107816,87543,1,same_skill,311.0
107816,87577,1,same_skill,311.0
107816,87611,1,same_skill,311.0
107816,87624,1,same_skill,311.0
107816,87631,1,same_skill,311.0
107823,107830,15,sequence,
107823,107837,16,sequence,
107823,107844,16,sequence,
107823,107851,11,same_skill+sequence,311.0
107823,107858,11,sequence,
107823,107872,15,sequence,
107823,87503,1,same_skill,311.0
107823,87543,1,same_skill,311.0
107823,87602,1,same_skill,311.0
107823,87631,1,same_skill,311.0
107823,87718,1,same_skill,311.0
107830,107837,14,sequence,
107830,107851,12,sequence,
107830,107865,10,sequence,
107830,107872,10,sequence,
107830,87507,1,same_skill,311.0
107830,87576,1,same_skill,311.0
107830,87916,1,same_skill,311.0
107830,88091,1,same_skill,311.0
107830,88092,1,same_skill,311.0
107830,94585,1,same_skill,311.0
107837,107851,1,same_skill,311.0
107837,107858,13,sequence,
107837,107865,10,sequence,
107837,107872,12,sequence,
107837,87503,1,same_skill,311.0
107837,87508,1,same_skill,311.0
107837,87602,1,same_skill,311.0
107837,87718,1,same_skill,311.0
107837,88031,1,same_skill,311.0
107844,107851,17,sequence,
107844,107865,24,sequence,
107844,107872,14,sequence,
107844,81115,1,same_skill,311.0
107844,87528,1,same_skill,311.0
107844,87542,1,same_skill,311.0
107844,87618,1,same_skill,311.0
107844,87923,1,same_skill,311.0
107851,107858,14,sequence,
107851,107865,13,sequence,
107851,107872,13,sequence,
107851,87503,1,same_skill,311.0
107851,87602,1,same_skill,311.0
107851,87718,1,same_skill,311.0
107858,107865,12,sequence,
107858,107872,13,sequence,
107858,87580,1,same_skill,311.0
107858,87620,1,same_skill,311.0
107858,87622,1,same_skill,311.0
107858,87919,1,same_skill,311.0
107858,88096,1,same_skill,311.0
107865,87543,1,same_skill,311.0
107865,87577,1,same_skill,311.0
107865,87578,1,same_skill,311.0
107865,87579,1,same_skill,311.0
107865,87611,1,same_skill,311.0
107865,87624,1,same_skill,311.0
107865,87631,1,same_skill,311.0
107872,81115,1,same_skill,311.0
107872,87508,1,same_skill,311.0
107872,87542,1,same_skill,311.0
107872,87923,1,same_skill,311.0
107872,88031,1,same_skill,311.0
107885,107900,1,same_skill,312.0
107885,107905,1,same_skill,312.0
107885,107910,10,sequence,
107885,107985,11,sequence,
107885,108000,11,sequence,
107885,108010,1,same_skill,312.0
107885,108112,1,same_skill,312.0
107885,108222,12,sequence,
107885,108237,11,sequence,
107885,108248,12,sequence,
107885,108258,1,same_skill,312.0
107885,108293,11,sequence,
107885,163346,1,same_skill,312.0
107885,335405,10,sequence,
107885,408546,1,same_skill,312.0
107885,50986,10,sequence,
107885,81116,1,same_skill,312.0
107885,87474,16,sequence,
107885,88499,12,sequence,
107885,89667,11,sequence,
107890,107985,11,sequence,
107890,107990,1,same_skill,312.0
107890,108000,12,same_skill+sequence,312.0
107890,108062,1,same_skill,312.0
107890,108127,1,same_skill,312.0
107890,108237,16,sequence,
107890,108263,11,sequence,
107890,108278,1,same_skill,312.0
107890,108283,1,same_skill,312.0
107890,163498,1,same_skill,312.0
107890,163501,1,same_skill,312.0
107895,107910,1,same_skill,312.0
107895,108000,13,sequence,
107895,108010,10,sequence,
107895,108042,1,same_skill,312.0
107895,108057,1,same_skill,312.0
107895,108077,1,same_skill,312.0
107895,108112,12,sequence,
107895,108142,16,sequence,
107895,108217,1,same_skill,312.0
107895,108222,11,same_skill+sequence,312.0
107895,108237,10,sequence,
107895,108253,12,same_skill+sequence,312.0
107895,108268,10,sequence,
107895,163501,1,same_skill,312.0
107900,107925,1,same_skill,312.0
107900,107985,12,sequence,
107900,108010,1,same_skill,312.0
107900,108057,10,sequence,
107900,108062,11,sequence,
107900,108077,10,sequence,
107900,108112,1,same_skill,312.0
107900,108212,1,same_skill,312.0
107900,108232,12,sequence,
107900,108258,1,same_skill,312.0
107900,108273,11,sequence,
107900,108278,11,sequence,
107900,163477,1,same_skill,312.0
107900,81116,1,same_skill,312.0
107905,108062,10,sequence,
107905,108127,12,sequence,
107905,108142,11,sequence,
107905,108222,12,sequence,
107905,108248,13,sequence,
107905,108253,11,sequence,
107905,108273,14,sequence,
107905,163346,25,same_skill+sequence,312.0
107905,163460,1,same_skill,312.0
107905,335305,19,sequence,
107905,335404,18,sequence,
107905,403733,20,sequence,
107905,408546,1,same_skill,312.0
107905,408750,13,sequence,
107905,409181,15,sequence,
107905,409613,16,sequence,
107905,50985,13,sequence,
107905,53833,13,sequence,
107905,53987,21,sequence,
107905,54340,20,sequence,
107905,81116,1,same_skill,312.0
107905,84889,17,sequence,
107905,87024,13,sequence,
107905,87025,23,sequence,
107905,87473,10,sequence,
107905,88292,18,sequence,
107905,88498,16,sequence,
107905,94843,12,sequence,
107905,97547,20,sequence,
107910,107925,15,sequence,
107910,108042,12,same_skill+sequence,312.0
107910,108057,1,same_skill,312.0
107910,108112,10,sequence,
107910,108127,13,same_skill+sequence,312.0
107910,108142,12,sequence,
107910,108217,1,same_skill,312.0
107910,108222,1,same_skill,312.0
107910,108253,1,same_skill,312.0
107910,108258,11,sequence,
107910,108278,12,sequence,
107910,108283,13,sequence,
107910,163501,1,same_skill,312.0
107925,107985,10,sequence,
107925,108010,1,same_skill,312.0
107925,108057,10,sequence,
107925,108062,10,sequence,
107925,108112,1,same_skill,312.0
107925,108212,11,same_skill+sequence,312.0
107925,108237,1,same_skill,312.0
107925,108253,11,sequence,
107925,108258,1,same_skill,312.0
107925,108263,11,sequence,
107925,108268,11,same_skill+sequence,312.0
107925,108283,14,sequence,
107925,108288,12,sequence,
107925,163477,1,same_skill,312.0
107985,108000,11,sequence,
107985,108077,13,sequence,
107985,108142,1,same_skill,312.0
107985,108253,10,sequence,
107985,108263,1,same_skill,312.0
107985,108273,1,same_skill,312.0
107985,108283,13,sequence,
107985,108288,1,same_skill,312.0
107985,163484,1,same_skill,312.0
107990,108000,1,same_skill,312.0
107990,108062,11,same_skill+sequence,312.0
107990,108112,11,sequence,
107990,108127,1,same_skill,312.0
107990,108212,13,sequence,
107990,108237,1,same_skill,312.0
107990,108258,12,sequence,
107990,108273,14,sequence,
107990,108278,1,same_skill,312.0
107990,108283,11,same_skill+sequence,312.0
107990,163498,1,same_skill,312.0
108000,108057,1,same_skill,312.0
108000,108062,1,same_skill,312.0
108000,108127,1,same_skill,312.0
108000,108142,10,sequence,
108000,108212,11,sequence,
108000,108237,12,sequence,
108000,108258,10,sequence,
108000,108263,13,sequence,
108000,108268,10,sequence,
108000,108278,13,sequence,
108000,108283,1,same_skill,312.0
108000,163498,1,same_skill,312.0
108000,163501,1,same_skill,312.0
108010,108062,10,sequence,
108010,108072,10,sequence,
108010,108112,12,same_skill+sequence,312.0
108010,108127,13,sequence,
108010,108212,1,same_skill,312.0
108010,108217,10,sequence,
108010,108253,11,sequence,
108010,108258,1,same_skill,312.0
108010,108268,13,sequence,
108010,108273,13,sequence,
108010,108278,11,sequence,
108010,108288,12,sequence,
108010,163346,1,same_skill,312.0
108010,81116,1,same_skill,312.0
108042,108057,15,same_skill+sequence,312.0
108042,108077,11,sequence,
108042,108112,10,sequence,
108042,108127,11,same_skill+sequence,312.0
108042,108212,10,sequence,
108042,108217,1,same_skill,312.0
108042,108222,10,sequence,
108042,108253,12,same_skill+sequence,312.0
108042,108283,10,sequence,
108042,163498,1,same_skill,312.0
108042,163501,1,same_skill,312.0
108057,108062,11,sequence,
108057,108127,1,same_skill,312.0
108057,108142,12,sequence,
108057,108217,1,same_skill,312.0
108057,108232,11,sequence,
108057,108283,10,sequence,
108057,163498,1,same_skill,312.0
108057,163501,1,same_skill,312.0
108062,108112,10,sequence,
108062,108127,11,sequence,
108062,108212,11,sequence,
108062,108217,11,sequence,
108062,108237,1,same_skill,312.0
108062,108263,10,sequence,
108062,108268,17,same_skill+sequence,312.0
108062,108278,1,same_skill,312.0
108062,108283,1,same_skill,312.0
108062,108293,10,sequence,
108062,163498,1,same_skill,312.0
108072,108077,1,same_skill,312.0
108072,108127,10,sequence,
108072,108142,1,same_skill,312.0
108072,108222,1,same_skill,312.0
108072,108232,1,same_skill,312.0
108072,108248,1,same_skill,312.0
108072,108258,10,sequence,
108072,108263,11,sequence,
108072,108283,13,sequence,
108072,108288,12,same_skill+sequence,312.0
108072,108293,1,same_skill,312.0
108072,163484,1,same_skill,312.0
108077,108217,1,same_skill,312.0
108077,108222,1,same_skill,312.0
108077,108232,1,same_skill,312.0
108077,108248,1,same_skill,312.0
108077,108253,1,same_skill,312.0
108077,108258,11,sequence,
108077,108293,1,same_skill,312.0
108112,108142,10,sequence,
108112,108212,16,sequence,
108112,108217,11,sequence,
108112,108232,11,sequence,
108112,108258,1,same_skill,312.0
108112,108278,11,sequence,
108112,108283,12,sequence,
108112,163346,1,same_skill,312.0
108112,408546,1,same_skill,312.0
108112,81116,1,same_skill,312.0
108127,108222,14,sequence,
108127,108232,10,sequence,
108127,108258,12,sequence,
108127,163498,1,same_skill,312.0
108127,163501,1,same_skill,312.0
108142,108212,11,sequence,
108142,108232,11,same_skill+sequence,312.0
108142,108237,10,sequence,
108142,108263,1,same_skill,312.0
108142,108273,1,same_skill,312.0
108142,108288,1,same_skill,312.0
108142,108293,1,same_skill,312.0
108142,163484,1,same_skill,312.0
108212,108237,12,same_skill+sequence,312.0
108212,108258,1,same_skill,312.0
108212,108268,1,same_skill,312.0
108212,108278,1,same_skill,312.0
108212,163477,1,same_skill,312.0
108217,108222,1,same_skill,312.0
108217,108248,1,same_skill,312.0
108217,108253,1,same_skill,312.0
108217,108293,10,sequence,
108222,108232,1,same_skill,312.0
108222,108248,1,same_skill,312.0
108222,108253,1,same_skill,312.0
108232,108248,1,same_skill,312.0
108232,108253,1,same_skill,312.0
108232,108263,12,sequence,
108232,108268,10,sequence,
108232,108283,10,sequence,
108232,108293,11,same_skill+sequence,312.0
108232,163484,1,same_skill,312.0
108237,108268,1,same_skill,312.0
108237,108273,12,sequence,
108237,108278,13,same_skill+sequence,312.0
108237,108283,1,same_skill,312.0
108237,108293,10,sequence,
108237,163477,1,same_skill,312.0
108248,108253,12,same_skill+sequence,312.0
108248,108293,1,same_skill,312.0
108248,163484,1,same_skill,312.0
108258,108263,15,sequence,
108258,108268,1,same_skill,312.0
108258,108283,11,sequence,
108258,163477,1,same_skill,312.0
108263,108273,1,same_skill,312.0
108263,108288,1,same_skill,312.0
108263,108293,1,same_skill,312.0
108263,163484,1,same_skill,312.0
108268,108278,15,same_skill+sequence,312.0
108268,108283,1,same_skill,312.0
108268,163477,1,same_skill,312.0
108273,108278,13,sequence,
108273,108288,1,same_skill,312.0
108273,108293,13,sequence,
108278,108283,11,same_skill+sequence,312.0
108278,108293,10,sequence,
108278,163477,1,same_skill,312.0
108283,108288,11,sequence,
108283,163477,1,same_skill,312.0
108288,108293,1,same_skill,312.0
108288,163484,1,same_skill,312.0
108293,163484,1,same_skill,312.0
1085,12347,1,same_skill,77.0
1085,1254,181,same_skill+sequence,77.0
1085,14443,44,sequence,
1085,178,10,sequence,
1085,218653,77,sequence,
1085,218654,18,sequence,
1085,248593,13,sequence,
1085,37151,1,same_skill,77.0
1085,37154,1,same_skill,77.0
1085,39798,1,same_skill,77.0
1085,849,174,same_skill+sequence,77.0
109091,178251,196,same_skill+sequence,277.0
109091,189215,1,same_skill,277.0
109091,189243,1,same_skill,277.0
109091,189261,1,same_skill,277.0
109091,204157,195,same_skill+sequence,277.0
109091,39463,1,same_skill,277.0
109091,53926,1,same_skill,277.0
109091,53932,1,same_skill,277.0
109445,109466,65,sequence,
109445,14797,1,same_skill,82.0
109445,178,52,sequence,
109445,188849,1,same_skill,82.0
109445,188869,1,same_skill,82.0
109445,188885,1,same_skill,82.0
109445,220704,1,same_skill,82.0
109445,220753,1,same_skill,82.0
109445,2229,77,sequence,
109445,4003,21,sequence,
109445,4080,23,sequence,
109445,839,76,same_skill+sequence,82.0
109466,1283,24,sequence,
109466,13830,10,sequence,
109466,15142,11,sequence,
109466,15324,10,sequence,
109466,15612,15,sequence,
109466,178,59,sequence,
109466,20440,12,sequence,
1096,112643,11,sequence,
1096,1144,10,sequence,
1096,121829,23,sequence,
1096,138825,1,same_skill,8.0
1096,525,75,sequence,
1096,98538,34,sequence,
112643,114757,60,sequence,
112643,1254,76,sequence,
112643,1283,79,sequence,
112643,178,107,sequence,
112643,2274,13,sequence,
112643,342,22,sequence,
112643,409,25,sequence,
112643,535632,1,same_skill,88.0
1136,122247,233,sequence,
1136,12365,1,same_skill,95.0
1136,125662,1,same_skill,95.0
1136,138783,1,same_skill,95.0
1136,2690,1,same_skill,95.0
1136,30342,12,sequence,
1136,33078,247,same_skill+sequence,95.0
1136,409,1,same_skill,95.0
1144,187616,1,same_skill,278.0
1144,187664,1,same_skill,278.0
1144,335315,1,same_skill,278.0
1144,814,182,same_skill+sequence,278.0
114757,115226,213,sequence,
114757,12843,13,sequence,
114757,1639,21,sequence,
114757,342,15,sequence,
114757,4059,12,sequence,
114757,409,17,sequence,
114757,814,25,sequence,
115226,455,236,sequence,
115226,75279,1,same_skill,32.0
115226,75293,1,same_skill,32.0
115226,75294,1,same_skill,32.0
115226,75295,1,same_skill,32.0
117,2209,35,sequence,
117,41,138,same_skill+sequence,75.0
117,482,78,sequence,
117,80730,1,same_skill,75.0
117,894,133,same_skill+sequence,75.0
117,89619,1,same_skill,75.0
117,89632,1,same_skill,75.0
117,89641,1,same_skill,75.0
117,89646,1,same_skill,75.0
119238,119241,25,sequence,
119238,119248,31,sequence,
119238,119251,20,sequence,
119238,119258,27,sequence,
119238,119308,184,sequence,
119238,119318,33,sequence,
119238,119338,38,sequence,
119238,119358,34,sequence,
119238,119371,20,sequence,
119238,186577,122,sequence,
119238,186607,15,sequence,
119238,188608,11,sequence,
119238,190280,11,sequence,
119238,211481,1,same_skill,18.0
119238,279802,1,same_skill,18.0
119238,29391,1,same_skill,18.0
119238,30342,1,same_skill,18.0
119238,435874,1,same_skill,18.0
119238,647436,11,sequence,
119238,85795,13,sequence,
119238,85801,12,sequence,
119238,86327,11,sequence,
119238,86574,10,sequence,
119238,88288,10,sequence,
119238,93046,14,sequence,
119238,94855,12,sequence,
119241,119248,33,same_skill+sequence,18.0
119241,119251,21,same_skill+sequence,18.0
119241,119258,36,sequence,
119241,119308,25,sequence,
119241,119318,31,sequence,
119241,119338,31,same_skill+sequence,18.0
119241,119358,30,same_skill+sequence,18.0
119241,119371,25,same_skill+sequence,18.0
119241,2149,1,same_skill,18.0
119241,4507,1,same_skill,18.0
119241,647436,15,sequence,
119248,119251,22,same_skill+sequence,18.0
119248,119258,26,sequence,
119248,119308,25,sequence,
119248,119318,28,sequence,
119248,119338,21,same_skill+sequence,18.0
119248,119358,34,sequence,
119248,119371,25,same_skill+sequence,18.0
119248,2149,1,same_skill,18.0
119248,647436,10,sequence,
119251,119258,20,sequence,
119251,119308,28,sequence,
119251,119318,21,sequence,
119251,119338,24,sequence,
119251,119358,20,sequence,
119251,119371,20,same_skill+sequence,18.0
119251,2149,1,same_skill,18.0
119251,647436,11,sequence,
119258,119308,40,same_skill+sequence,18.0
119258,119318,114,same_skill+sequence,18.0
119258,119338,22,same_skill+sequence,18.0
119258,119358,30,same_skill+sequence,18.0
119258,119371,20,sequence,
119258,211481,1,same_skill,18.0
119258,29391,1,same_skill,18.0
119258,34288,14,sequence,
119258,435874,1,same_skill,18.0
119258,449312,32,sequence,
119258,4507,1,same_skill,18.0
119258,647436,13,sequence,
119308,119318,33,same_skill+sequence,18.0
119308,119338,29,sequence,
119308,119358,23,same_skill+sequence,18.0
119308,119371,21,sequence,
119308,211481,1,same_skill,18.0
119308,217532,147,sequence,
119308,279802,1,same_skill,18.0
119308,29391,1,same_skill,18.0
119308,435874,1,same_skill,18.0
119308,4507,1,same_skill,18.0
119308,647436,14,sequence,
119318,119338,25,same_skill+sequence,18.0
119318,119358,35,same_skill+sequence,18.0
119318,119371,21,sequence,
119318,139621,16,sequence,
119318,211481,1,same_skill,18.0
119318,2149,1,same_skill,18.0
119318,29391,1,same_skill,18.0
119318,4507,1,same_skill,18.0
119318,647436,10,sequence,
119338,119358,39,same_skill+sequence,18.0
119338,119371,25,same_skill+sequence,18.0
119338,2149,1,same_skill,18.0
119338,4507,1,same_skill,18.0
119338,647436,10,sequence,
119358,119371,17,sequence,
119358,211481,1,same_skill,18.0
119358,2149,1,same_skill,18.0
119358,4507,1,same_skill,18.0
119358,647436,16,sequence,
119371,2149,1,same_skill,18.0
119371,4507,1,same_skill,18.0
119371,647436,13,sequence,
121713,121725,11,sequence,
121713,121740,122,same_skill+sequence,83.0
121713,121749,12,same_skill+sequence,83.0
121713,121829,12,sequence,
121713,121849,13,sequence,
121713,121874,1,same_skill,83.0
121713,53263,19,sequence,
121713,84891,21,sequence,
121713,87422,1,same_skill,83.0
121713,87423,1,same_skill,83.0
121713,87428,1,same_skill,83.0
121713,87455,1,same_skill,83.0
121713,97856,96,sequence,
121713,98874,1,same_skill,83.0
121725,121740,14,same_skill+sequence,83.0
121725,121749,147,same_skill+sequence,83.0
121725,121829,1,same_skill,83.0
121725,121874,11,sequence,
121725,188849,22,sequence,
121725,87422,21,sequence,
121725,87430,1,same_skill,83.0
121725,87436,1,same_skill,83.0
121725,87455,1,same_skill,83.0
121725,87462,1,same_skill,83.0
121725,87520,1,same_skill,83.0
121740,121749,1,same_skill,83.0
121740,121829,15,same_skill+sequence,83.0
121740,121849,10,sequence,
121740,121874,15,same_skill+sequence,83.0
121740,87422,113,sequence,
121740,87428,1,same_skill,83.0
121740,87455,1,same_skill,83.0
121740,98874,1,same_skill,83.0
121749,121829,17,same_skill+sequence,83.0
121749,121874,141,same_skill+sequence,83.0
121749,87430,1,same_skill,83.0
121749,87436,1,same_skill,83.0
121749,87455,1,same_skill,83.0
121829,121874,143,same_skill+sequence,83.0
121829,188849,55,sequence,
121829,53002,20,sequence,
121829,87430,1,same_skill,83.0
121829,87436,1,same_skill,83.0
121829,87455,1,same_skill,83.0
121829,87520,12,same_skill+sequence,83.0
121849,85973,70,sequence,
121849,86140,68,sequence,
121849,87435,1,same_skill,83.0
121849,87437,1,same_skill,83.0
121849,87534,1,same_skill,83.0
121849,87554,1,same_skill,83.0
121849,87560,1,same_skill,83.0
121849,87582,1,same_skill,83.0
121849,87585,1,same_skill,83.0
121849,87598,1,same_skill,83.0
121874,87422,1,same_skill,83.0
121874,87428,1,same_skill,83.0
121874,87455,1,same_skill,83.0
121874,98874,1,same_skill,83.0
121925,121931,155,same_skill+sequence,317.0
121925,121940,1,same_skill,317.0
121925,121979,1,same_skill,317.0
121925,121984,1,same_skill,317.0
121925,121991,1,same_skill,317.0
121925,122012,1,same_skill,317.0
121925,178,56,sequence,
121929,121931,159,same_skill+sequence,317.0
121929,121940,156,same_skill+sequence,317.0
121929,121978,1,same_skill,317.0
121929,122012,1,same_skill,317.0
121929,586177,1,same_skill,317.0
121929,586178,1,same_skill,317.0
121929,586179,1,same_skill,317.0
121929,586182,1,same_skill,317.0
121931,121940,1,same_skill,317.0
121931,121978,1,same_skill,317.0
121931,121979,1,same_skill,317.0
121931,121984,1,same_skill,317.0
121931,121991,1,same_skill,317.0
121931,122012,1,same_skill,317.0
121940,121978,1,same_skill,317.0
121940,121984,1,same_skill,317.0
121940,121991,1,same_skill,317.0
121940,122012,153,same_skill+sequence,317.0
121940,586182,1,same_skill,317.0
121978,121979,155,sequence,
121978,121984,157,same_skill+sequence,317.0
121978,122012,1,same_skill,317.0
121978,586178,1,same_skill,317.0
121978,586179,1,same_skill,317.0
121978,586182,1,same_skill,317.0
121979,121984,1,same_skill,317.0
121979,121991,1,same_skill,317.0
121979,126566,30,sequence,
121984,121991,152,same_skill+sequence,317.0
121984,122012,1,same_skill,317.0
121991,122012,152,sequence,
122012,586179,1,same_skill,317.0
122012,586182,1,same_skill,317.0
122038,128403,20,sequence,
122038,128404,23,sequence,
122038,128438,41,sequence,
122038,128458,60,sequence,
122038,134706,44,sequence,
122038,148521,60,sequence,
122038,148923,51,sequence,
122038,152858,47,sequence,
122038,163460,51,sequence,
122038,167292,31,sequence,
122038,423000,46,sequence,
122038,87479,1,same_skill,311.0
122038,87500,1,same_skill,311.0
122038,87695,1,same_skill,311.0
122038,87696,1,same_skill,311.0
122038,87904,1,same_skill,311.0
122038,88295,1,same_skill,311.0
122038,88300,1,same_skill,311.0
122038,97639,1,same_skill,311.0
122072,94587,1,same_skill,311.0
122072,94588,1,same_skill,311.0
122072,94590,1,same_skill,311.0
122072,94604,1,same_skill,311.0
122247,125662,19,sequence,
122247,127424,19,sequence,
122247,137206,32,sequence,
122247,170837,18,sequence,
122247,290326,308,same_skill+sequence,324.0
122247,33078,42,sequence,
122247,418498,14,sequence,
122247,49682,32,sequence,
122247,53263,18,sequence,
122247,75279,19,sequence,
122247,86240,24,sequence,
122247,86457,12,sequence,
122247,86583,18,sequence,
122247,90966,16,sequence,
122247,93046,15,sequence,
122247,94596,26,sequence,
12295,12337,1,same_skill,277.0
12295,189218,1,same_skill,277.0
12295,338321,188,same_skill+sequence,277.0
12295,342821,1,same_skill,277.0
12295,345037,1,same_skill,277.0
12295,345039,1,same_skill,277.0
12295,345040,1,same_skill,277.0
12295,39463,189,same_skill+sequence,277.0
12302,161707,18,sequence,
12302,189360,125,sequence,
12302,190283,10,sequence,
12302,36907,48,same_skill+sequence,321.0
12302,36912,11,sequence,
12302,36915,11,sequence,
12302,36947,1,same_skill,321.0
12302,36963,1,same_skill,321.0
12302,37094,1,same_skill,321.0
12302,88497,78,sequence,
12320,12324,52,sequence,
12320,12327,41,sequence,
12320,12344,38,sequence,
12320,12347,42,sequence,
12320,12350,42,sequence,
12320,12353,37,sequence,
12320,12365,43,sequence,
12320,12366,45,sequence,
12320,12375,27,sequence,
12320,12376,41,sequence,
12320,12380,52,sequence,
12320,12383,63,sequence,
12320,12386,37,sequence,
12320,12387,50,sequence,
12320,12390,48,sequence,
12320,12400,32,sequence,
12320,12404,52,sequence,
12320,12843,1,same_skill,92.0
12320,1639,54,sequence,
12320,280794,1,same_skill,92.0
12320,634279,13,sequence,
12320,90562,1,same_skill,92.0
12324,12327,35,sequence,
12324,12344,47,sequence,
12324,12347,45,sequence,
12324,12350,53,sequence,
12324,12353,48,sequence,
12324,12365,44,sequence,
12324,12366,43,sequence,
12324,12375,54,sequence,
12324,12376,44,sequence,
12324,12380,41,sequence,
12324,12383,41,sequence,
12324,12386,56,sequence,
12324,12387,42,sequence,
12324,12390,48,same_skill+sequence,5.0
12324,12400,37,sequence,
12324,12404,38,sequence,
12324,178,1,same_skill,5.0
12324,455,1,same_skill,5.0
12324,482,1,same_skill,5.0
12324,525,1,same_skill,5.0
12324,634279,14,sequence,
12327,12344,34,sequence,
12327,12347,536,sequence,
12327,12350,50,sequence,
12327,12353,56,sequence,
12327,12365,39,sequence,
12327,12366,45,sequence,
12327,12375,69,sequence,
12327,12376,47,sequence,
12327,12380,41,sequence,
12327,12383,51,sequence,
12327,12386,61,sequence,
12327,12387,40,sequence,
12327,12390,57,sequence,
12327,12400,46,sequence,
12327,12404,45,sequence,
12327,30298,62,same_skill+sequence,86.0
12327,30329,88,sequence,
12327,30332,472,sequence,
12327,32464,32,sequence,
12327,634279,12,sequence,
12327,88198,1,same_skill,86.0
12327,88201,1,same_skill,86.0
12327,88204,1,same_skill,86.0
12327,88223,1,same_skill,86.0
12337,14792,58,sequence,
12337,189218,1,same_skill,277.0
12337,189243,1,same_skill,277.0
12337,338321,1,same_skill,277.0
12337,342821,1,same_skill,277.0
12337,345037,1,same_skill,277.0
12337,345039,1,same_skill,277.0
12337,37084,12,sequence,
12337,39463,1,same_skill,277.0
12337,420655,14,sequence,
12344,12347,36,sequence,
12344,12350,42,sequence,
12344,12353,45,sequence,
12344,12365,40,sequence,
12344,12366,43,sequence,
12344,12375,37,sequence,
12344,12376,41,sequence,
12344,12380,61,sequence,
12344,12383,36,sequence,
12344,12386,38,sequence,
12344,12387,60,sequence,
12344,12390,43,sequence,
12344,12400,46,sequence,
12344,12404,42,sequence,
12344,29397,1,same_skill,16.0
12344,30174,1,same_skill,16.0
12344,634279,19,sequence,
12347,12350,48,sequence,
12347,12353,42,sequence,
12347,12365,46,sequence,
12347,12366,40,sequence,
12347,12375,517,sequence,
12347,12376,52,sequence,
12347,12380,32,sequence,
12347,12383,49,sequence,
12347,12386,57,sequence,
12347,12387,41,sequence,
12347,12390,55,sequence,
12347,12400,41,sequence,
12347,12404,44,sequence,
12347,1254,1,same_skill,77.0
12347,1530,13,sequence,
12347,211483,14,sequence,
12347,2690,209,sequence,
12347,280794,105,sequence,
12347,30329,116,sequence,
12347,31881,82,sequence,
12347,32009,16,sequence,
12347,32464,39,sequence,
12347,33669,10,sequence,
12347,34288,53,sequence,
12347,39798,1,same_skill,77.0
12347,4507,120,sequence,
12347,535622,15,sequence,
12347,634279,15,sequence,
12347,849,91,same_skill+sequence,77.0
12350,12353,53,sequence,
12350,12365,48,sequence,
12350,12366,43,sequence,
12350,12375,56,sequence,
12350,12376,44,sequence,
12350,12380,43,sequence,
12350,12383,47,sequence,
12350,12386,47,sequence,
12350,12387,82,sequence,
12350,12390,47,sequence,
12350,12400,96,sequence,
12350,12404,33,sequence,
12350,53263,25,sequence,
12350,634279,14,sequence,
12350,84589,20,sequence,
12353,12365,42,sequence,
12353,12366,45,sequence,
12353,12375,42,sequence,
12353,12376,49,sequence,
12353,12380,46,sequence,
12353,12383,45,sequence,
12353,12386,54,sequence,
12353,12387,45,sequence,
12353,12390,48,sequence,
12353,12400,42,sequence,
12353,12404,42,sequence,
12353,30298,15,sequence,
12353,3154,13,same_skill+sequence,103.0
12353,3158,1,same_skill,103.0
12353,45453,1,same_skill,103.0
12353,569689,1,same_skill,103.0
12353,634279,13,sequence,
12365,12366,46,sequence,
12365,12375,44,sequence,
12365,12376,38,sequence,
12365,12380,42,sequence,
12365,12383,32,sequence,
12365,12386,43,sequence,
12365,12387,33,sequence,
12365,12390,42,sequence,
12365,12400,50,sequence,
12365,12404,45,sequence,
12365,138783,1,same_skill,95.0
12365,2690,1,same_skill,95.0
12365,33078,1,same_skill,95.0
12365,342,1,same_skill,95.0
12365,409,1,same_skill,95.0
12365,634279,13,sequence,
12366,12375,41,sequence,
12366,12376,40,sequence,
12366,12380,40,sequence,
12366,12383,53,sequence,
12366,12386,48,sequence,
12366,12387,47,sequence,
12366,12390,55,sequence,
12366,12400,41,sequence,
12366,12404,33,sequence,
12366,45924,1,same_skill,13.0
12375,12376,446,same_skill+sequence,76.0
12375,12380,49,sequence,
12375,12383,49,sequence,
12375,12386,43,sequence,
12375,12387,38,sequence,
12375,12390,40,sequence,
12375,12400,42,sequence,
12375,12404,38,sequence,
12375,186635,13,sequence,
12375,283723,1,same_skill,76.0
12375,290885,47,sequence,
12375,30298,56,sequence,
12375,31881,1,same_skill,76.0
12375,32464,67,sequence,
12375,634279,12,sequence,
12375,87042,10,sequence,
12376,12380,54,sequence,
12376,12383,36,sequence,
12376,12386,40,sequence,
12376,12387,41,sequence,
12376,12390,38,sequence,
12376,12400,43,sequence,
12376,12404,50,sequence,
12376,1644,160,sequence,
12376,283723,1,same_skill,76.0
12376,29391,73,sequence,
12376,30174,14,sequence,
12376,30729,263,sequence,
12376,31881,1,same_skill,76.0
12376,32009,18,sequence,
12376,32464,328,sequence,
12376,634279,13,sequence,
12376,85793,15,sequence,
12380,12383,51,same_skill+sequence,47.0
12380,12386,49,sequence,
12380,12387,38,sequence,
12380,12390,44,sequence,
12380,12400,38,sequence,
12380,12404,47,sequence,
12380,334756,1,same_skill,47.0
12380,61096,1,same_skill,47.0
12380,634279,15,sequence,
12380,84746,1,same_skill,47.0
12380,84974,1,same_skill,47.0
12380,85793,1,same_skill,47.0
12380,85895,1,same_skill,47.0
12380,85901,1,same_skill,47.0
12383,12386,28,sequence,
12383,12387,44,sequence,
12383,12390,62,sequence,
12383,12400,38,sequence,
12383,12404,43,sequence,
12383,2149,10,sequence,
12383,30174,10,sequence,
12383,30329,1,same_skill,47.0
12383,444199,11,sequence,
12383,444200,11,sequence,
12383,61096,1,same_skill,47.0
12383,84746,1,same_skill,47.0
12383,85793,1,same_skill,47.0
12383,85895,1,same_skill,47.0
12383,85901,1,same_skill,47.0
12386,12387,40,sequence,
12386,12390,55,sequence,
12386,12400,52,sequence,
12386,12404,48,sequence,
12386,558098,1,same_skill,281.0
12386,558099,1,same_skill,281.0
12386,558101,1,same_skill,281.0
12386,558102,1,same_skill,281.0
12386,634279,12,sequence,
12387,12390,47,sequence,
12387,12400,103,sequence,
12387,12404,43,sequence,
12387,634279,13,sequence,
12387,93875,1,same_skill,91.0
12387,93907,1,same_skill,91.0
12387,93908,1,same_skill,91.0
12387,93929,1,same_skill,91.0
12390,12400,40,sequence,
12390,12404,39,sequence,
12390,178,1,same_skill,5.0
12390,455,1,same_skill,5.0
12390,482,1,same_skill,5.0
12390,525,1,same_skill,5.0
12390,634279,12,sequence,
12400,12404,39,sequence,
12400,30298,53,sequence,
12400,634279,20,sequence,
12404,178251,192,sequence,
12404,336582,90,sequence,
12404,634279,16,sequence,
12404,84899,1,same_skill,277.0
12404,84904,1,same_skill,277.0
12404,89704,1,same_skill,277.0
12404,89727,1,same_skill,277.0
12404,89733,1,same_skill,277.0
12404,89741,1,same_skill,277.0
12404,89747,1,same_skill,277.0
12404,89759,1,same_skill,277.0
12470,12865,47,same_skill+sequence,217.0
12470,12949,46,same_skill+sequence,217.0
12470,13130,40,same_skill+sequence,217.0
12470,13297,47,same_skill+sequence,217.0
12470,13305,43,same_skill+sequence,217.0
12470,13513,46,same_skill+sequence,217.0
12470,14560,45,sequence,
12470,15142,18,same_skill+sequence,217.0
12470,22062,56,same_skill+sequence,217.0
1254,1283,12,sequence,
1254,14841,13,sequence,
1254,1530,19,sequence,
1254,178,80,sequence,
1254,2209,38,sequence,
1254,2274,81,sequence,
1254,37151,1,same_skill,77.0
1254,37154,1,same_skill,77.0
1254,39798,1,same_skill,77.0
1254,849,30,same_skill+sequence,77.0
125662,127424,20,sequence,
125662,138783,1,same_skill,95.0
125662,2690,1,same_skill,95.0
125662,33078,1,same_skill,95.0
125662,53263,19,sequence,
125662,75279,18,sequence,
125662,86240,16,sequence,
125662,86457,22,sequence,
125662,86583,17,sequence,
125662,90966,16,sequence,
125662,93046,13,sequence,
126566,127424,1,same_skill,301.0
126566,283326,1,same_skill,301.0
126566,620388,1,same_skill,301.0
126566,85794,15,sequence,
126566,89641,18,sequence,
126566,90162,1,same_skill,301.0
126566,988,14,sequence,
127424,170837,10,sequence,
127424,283326,1,same_skill,301.0
127424,449312,1,same_skill,301.0
127424,53263,18,sequence,
127424,620388,1,same_skill,301.0
127424,75279,18,sequence,
127424,86240,21,sequence,
127424,86457,25,sequence,
127424,86583,13,sequence,
127424,90162,1,same_skill,301.0
127424,90966,11,sequence,
127424,93046,21,sequence,
1283,178,14,sequence,
1283,2209,63,sequence,
1283,50989,64,sequence,
1283,849,94,sequence,
128403,128404,532,same_skill+sequence,378.0
128403,128410,13,sequence,
128403,128412,11,sequence,
128403,128415,1,same_skill,378.0
128403,128420,11,sequence,
128403,128422,10,sequence,
128403,128430,12,sequence,
128403,128432,11,sequence,
128403,128433,1,same_skill,378.0
128403,128434,16,sequence,
128403,128438,15,same_skill+sequence,378.0
128403,128458,24,sequence,
128403,134706,24,sequence,
128403,148521,18,sequence,
128403,148923,18,sequence,
128403,152858,28,sequence,
128403,163460,25,sequence,
128403,167292,26,sequence,
128403,423000,35,sequence,
128404,128409,10,sequence,
128404,128413,1,same_skill,378.0
128404,128415,18,same_skill+sequence,378.0
128404,128417,13,sequence,
128404,128419,16,sequence,
128404,128423,16,sequence,
128404,128425,15,sequence,
128404,128427,10,sequence,
128404,128429,11,sequence,
128404,128431,14,sequence,
128404,128433,14,same_skill+sequence,378.0
128404,128435,11,sequence,
128404,128438,18,same_skill+sequence,378.0
128404,128448,19,sequence,
128404,128458,24,sequence,
128404,134706,29,sequence,
128404,148521,20,sequence,
128404,148923,28,sequence,
128404,152858,37,sequence,
128404,163460,30,sequence,
128404,167292,17,sequence,
128404,423000,33,sequence,
128409,128410,294,sequence,
128409,128412,16,sequence,
128409,128413,1,same_skill,378.0
128409,128414,23,sequence,
128409,128415,1,same_skill,378.0
128409,128416,21,sequence,
128409,128419,1,same_skill,378.0
128409,128420,11,sequence,
128409,128421,1,same_skill,378.0
128409,128422,12,sequence,
128409,128423,1,same_skill,378.0
128409,128424,11,sequence,
128409,128428,16,sequence,
128409,128429,1,same_skill,378.0
128409,128430,14,sequence,
128409,128432,11,sequence,
128409,128433,1,same_skill,378.0
128409,128434,19,sequence,
128409,128436,11,sequence,
128409,128438,1,same_skill,378.0
128410,128411,12,sequence,
128410,128412,1,same_skill,378.0
128410,128413,10,sequence,
128410,128415,16,sequence,
128410,128417,12,sequence,
128410,128418,1,same_skill,378.0
128410,128419,13,sequence,
128410,128421,11,sequence,
128410,128422,1,same_skill,378.0
128410,128423,24,sequence,
128410,128425,14,sequence,
128410,128426,1,same_skill,378.0
128410,128428,1,same_skill,378.0
128410,128429,13,sequence,
128410,128431,15,sequence,
128410,128433,11,sequence,
128410,128435,11,sequence,
128410,128436,1,same_skill,378.0
128410,128448,1,same_skill,378.0
128410,128468,1,same_skill,378.0
128411,128412,276,sequence,
128411,128416,13,same_skill+sequence,378.0
128411,128417,1,same_skill,378.0
128411,128418,17,sequence,
128411,128420,14,sequence,
128411,128421,1,same_skill,378.0
128411,128422,17,sequence,
128411,128424,14,sequence,
128411,128425,1,same_skill,378.0
128411,128426,13,sequence,
128411,128427,1,same_skill,378.0
128411,128429,1,same_skill,378.0
128411,128430,10,sequence,
128411,128431,1,same_skill,378.0
128411,128432,13,sequence,
128411,128434,13,sequence,
128411,128435,1,same_skill,378.0
128412,128413,12,sequence,
128412,128415,15,sequence,
128412,128417,10,sequence,
128412,128419,11,sequence,
128412,128421,13,sequence,
128412,128422,1,same_skill,378.0
128412,128423,10,sequence,
128412,128425,10,sequence,
128412,128426,1,same_skill,378.0
128412,128427,18,sequence,
128412,128428,1,same_skill,378.0
128412,128429,14,sequence,
128412,128431,10,sequence,
128412,128433,18,sequence,
128412,128436,1,same_skill,378.0
128412,128448,1,same_skill,378.0
128412,128468,1,same_skill,378.0
128412,128469,1,same_skill,378.0
128413,128414,303,sequence,
128413,128415,1,same_skill,378.0
128413,128416,19,sequence,
128413,128418,11,sequence,
128413,128419,1,same_skill,378.0
128413,128420,14,sequence,
128413,128421,1,same_skill,378.0
128413,128422,17,sequence,
128413,128423,1,same_skill,378.0
128413,128424,19,sequence,
128413,128426,13,sequence,
128413,128430,15,sequence,
128413,128432,13,sequence,
128413,128433,1,same_skill,378.0
128413,128434,10,sequence,
128413,128436,13,sequence,
128413,128438,1,same_skill,378.0
128414,128415,12,sequence,
128414,128416,1,same_skill,378.0
128414,128417,16,same_skill+sequence,378.0
128414,128419,15,sequence,
128414,128420,1,same_skill,378.0
128414,128421,12,sequence,
128414,128423,18,sequence,
128414,128424,1,same_skill,378.0
128414,128425,1,same_skill,378.0
128414,128427,10,sequence,
128414,128429,10,sequence,
128414,128430,1,same_skill,378.0
128414,128431,16,sequence,
128414,128433,22,sequence,
128414,128434,1,same_skill,378.0
128414,128435,16,same_skill+sequence,378.0
128415,128416,319,sequence,
128415,128418,18,sequence,
128415,128419,1,same_skill,378.0
128415,128420,10,sequence,
128415,128422,16,sequence,
128415,128423,1,same_skill,378.0
128415,128424,12,sequence,
128415,128426,14,sequence,
128415,128428,12,sequence,
128415,128430,10,sequence,
128415,128432,15,sequence,
128415,128433,1,same_skill,378.0
128415,128436,15,sequence,
128415,128438,1,same_skill,378.0
128416,128417,1,same_skill,378.0
128416,128419,10,sequence,
128416,128421,22,sequence,
128416,128423,15,sequence,
128416,128425,15,same_skill+sequence,378.0
128416,128427,15,same_skill+sequence,378.0
128416,128429,1,same_skill,378.0
128416,128431,1,same_skill,378.0
128416,128433,17,sequence,
128416,128435,13,same_skill+sequence,378.0
128417,128418,291,sequence,
128417,128420,12,sequence,
128417,128422,15,sequence,
128417,128424,15,sequence,
128417,128425,1,same_skill,378.0
128417,128427,1,same_skill,378.0
128417,128428,16,sequence,
128417,128430,12,sequence,
128417,128431,1,same_skill,378.0
128417,128432,13,sequence,
128417,128434,17,same_skill+sequence,378.0
128417,128435,1,same_skill,378.0
128417,128436,11,sequence,
128418,128419,10,sequence,
128418,128420,1,same_skill,378.0
128418,128421,12,sequence,
128418,128422,1,same_skill,378.0
128418,128423,15,sequence,
128418,128424,1,same_skill,378.0
128418,128425,13,sequence,
128418,128427,14,sequence,
128418,128428,1,same_skill,378.0
128418,128429,10,sequence,
128418,128430,1,same_skill,378.0
128418,128432,1,same_skill,378.0
128418,128435,12,sequence,
128418,128436,1,same_skill,378.0
128419,128420,302,sequence,
128419,128421,1,same_skill,378.0
128419,128422,16,sequence,
128419,128423,1,same_skill,378.0
128419,128424,16,sequence,
128419,128426,14,sequence,
128419,128427,1,same_skill,378.0
128419,128428,16,sequence,
128419,128429,1,same_skill,378.0
128419,128430,13,sequence,
128419,128431,1,same_skill,378.0
128419,128432,20,sequence,
128419,128434,15,sequence,
128420,128421,20,sequence,
128420,128423,18,sequence,
128420,128424,1,same_skill,378.0
128420,128427,14,sequence,
128420,128428,1,same_skill,378.0
128420,128429,16,sequence,
128420,128430,1,same_skill,378.0
128420,128431,15,sequence,
128420,128432,1,same_skill,378.0
128420,128433,12,sequence,
128420,128434,1,same_skill,378.0
128420,128436,1,same_skill,378.0
128421,128422,286,sequence,
128421,128423,1,same_skill,378.0
128421,128426,11,sequence,
128421,128427,1,same_skill,378.0
128421,128428,13,sequence,
128421,128429,1,same_skill,378.0
128421,128430,19,sequence,
128421,128431,1,same_skill,378.0
128421,128432,17,sequence,
128421,128434,11,sequence,
128421,128436,14,sequence,
128422,128423,11,sequence,
128422,128426,1,same_skill,378.0
128422,128427,12,sequence,
128422,128428,1,same_skill,378.0
128422,128429,17,sequence,
128422,128432,1,same_skill,378.0
128422,128435,12,sequence,
128422,128436,1,same_skill,378.0
128422,128448,1,same_skill,378.0
128423,128424,304,sequence,
128423,128426,10,sequence,
128423,128428,12,sequence,
128423,128429,1,same_skill,378.0
128423,128430,10,sequence,
128423,128431,1,same_skill,378.0
128423,128432,14,sequence,
128423,128433,1,same_skill,378.0
128423,128434,10,sequence,
128423,128436,14,sequence,
128424,128425,13,same_skill+sequence,378.0
128424,128430,1,same_skill,378.0
128424,128431,11,sequence,
128424,128432,1,same_skill,378.0
128424,128433,18,sequence,
128424,128434,1,same_skill,378.0
128424,128435,16,same_skill+sequence,378.0
128425,128426,274,sequence,
128425,128428,11,sequence,
128425,128430,11,same_skill+sequence,378.0
128425,128434,13,same_skill+sequence,378.0
128425,128435,1,same_skill,378.0
128425,128436,13,sequence,
128426,128427,14,sequence,
128426,128428,1,same_skill,378.0
128426,128429,11,sequence,
128426,128431,11,sequence,
128426,128433,15,sequence,
128426,128435,15,sequence,
128426,128448,1,same_skill,378.0
128426,128468,1,same_skill,378.0
128426,128469,1,same_skill,378.0
128426,128473,1,same_skill,378.0
128427,128428,289,sequence,
128427,128429,1,same_skill,378.0
128427,128431,1,same_skill,378.0
128427,128432,14,sequence,
128427,128435,1,same_skill,378.0
128427,128436,13,sequence,
128428,128429,19,sequence,
128428,128431,12,sequence,
128428,128432,1,same_skill,378.0
128428,128433,17,sequence,
128428,128435,10,sequence,
128428,128436,1,same_skill,378.0
128429,128430,303,sequence,
128429,128431,1,same_skill,378.0
128429,128432,17,sequence,
128429,128434,14,sequence,
12843,14793,51,sequence,
12843,178,10,sequence,
12843,280794,1,same_skill,92.0
12843,36912,18,sequence,
12843,75178,53,sequence,
12843,90562,1,same_skill,92.0
128430,128431,13,sequence,
128430,128432,1,same_skill,378.0
128430,128433,16,sequence,
128430,128434,1,same_skill,378.0
128430,128435,11,sequence,
128430,128436,1,same_skill,378.0
128431,128432,287,sequence,
128431,128434,11,sequence,
128431,128436,13,sequence,
128432,128433,13,sequence,
128432,128434,1,same_skill,378.0
128432,128435,12,sequence,
128432,128436,1,same_skill,378.0
128433,128434,308,sequence,
128433,128436,11,sequence,
128433,128438,1,same_skill,378.0
128434,128435,14,same_skill+sequence,378.0
128435,128436,284,sequence,
128437,128438,13,sequence,
128437,128439,16,sequence,
128437,128441,19,same_skill+sequence,350.0
128437,128442,27,sequence,
128437,128443,12,sequence,
128437,128444,14,sequence,
128437,128445,17,sequence,
128437,128446,17,sequence,
128437,128447,16,same_skill+sequence,350.0
128437,128448,26,sequence,
128437,128449,23,sequence,
128437,128450,16,sequence,
128437,128451,17,sequence,
128437,128452,18,sequence,
128437,128453,16,sequence,
128437,128454,14,sequence,
128437,128455,19,sequence,
128437,128456,26,sequence,
128437,128458,1,same_skill,350.0
128437,128462,13,same_skill+sequence,350.0
128437,128464,1,same_skill,350.0
128437,128472,1,same_skill,350.0
128437,128474,1,same_skill,350.0
128437,128476,1,same_skill,350.0
128437,167296,12,sequence,
128438,128439,10,sequence,
128438,128441,18,sequence,
128438,128442,14,sequence,
128438,128443,11,sequence,
128438,128444,13,sequence,
128438,128445,14,sequence,
128438,128446,14,sequence,
128438,128447,14,sequence,
128438,128449,18,sequence,
128438,128450,18,sequence,
128438,128451,14,sequence,
128438,128452,15,sequence,
128438,128453,18,sequence,
128438,128454,28,sequence,
128438,128455,13,sequence,
128438,128456,19,sequence,
128438,128458,25,sequence,
128438,134706,41,sequence,
128438,148521,42,sequence,
128438,148923,34,sequence,
128438,152858,78,sequence,
128438,163460,62,sequence,
128438,167292,36,sequence,
128438,219323,29,sequence,
128438,423000,51,sequence,
128439,128441,19,sequence,
128439,128442,19,sequence,
128439,128443,15,sequence,
128439,128444,26,sequence,
128439,128445,1,same_skill,350.0
128439,128446,21,sequence,
128439,128447,10,sequence,
128439,128448,18,sequence,
128439,128449,14,same_skill+sequence,350.0
128439,128450,18,sequence,
128439,128451,17,same_skill+sequence,350.0
128439,128452,22,same_skill+sequence,350.0
128439,128453,14,sequence,
128439,128454,19,same_skill+sequence,350.0
128439,128455,17,sequence,
128439,128456,15,sequence,
128439,128460,1,same_skill,350.0
128439,128466,1,same_skill,350.0
128439,128470,1,same_skill,350.0
128441,128442,17,sequence,
128441,128443,15,sequence,
128441,128444,16,sequence,
128441,128445,20,sequence,
128441,128446,23,sequence,
128441,128447,23,same_skill+sequence,350.0
128441,128448,20,sequence,
128441,128449,12,same_skill+sequence,350.0
128441,128450,13,sequence,
128441,128451,22,same_skill+sequence,350.0
128441,128452,18,sequence,
128441,128453,20,sequence,
128441,128454,24,same_skill+sequence,350.0
128441,128455,16,sequence,
128441,128456,23,sequence,
128441,128470,1,same_skill,350.0
128441,128472,1,same_skill,350.0
128441,128474,1,same_skill,350.0
128442,128443,22,sequence,
128442,128444,23,same_skill+sequence,378.0
128442,128445,12,sequence,
128442,128446,22,sequence,
128442,128447,16,sequence,
128442,128448,17,sequence,
128442,128449,20,sequence,
128442,128450,24,same_skill+sequence,378.0
128442,128451,13,sequence,
128442,128452,15,sequence,
128442,128453,26,same_skill+sequence,378.0
128442,128454,12,sequence,
128442,128455,30,same_skill+sequence,378.0
128442,128456,18,sequence,
128442,128461,1,same_skill,378.0
128442,128469,1,same_skill,378.0
128442,128473,1,same_skill,378.0
128442,128475,1,same_skill,378.0
128443,128444,24,sequence,
128443,128445,15,sequence,
128443,128446,13,sequence,
128443,128447,19,sequence,
128443,128448,15,sequence,
128443,128449,19,sequence,
128443,128450,15,sequence,
128443,128451,15,sequence,
128443,128452,14,sequence,
128443,128453,17,sequence,
128443,128454,11,sequence,
128443,128455,20,sequence,
128443,128456,17,same_skill+sequence,378.0
128443,128457,1,same_skill,378.0
128443,128465,1,same_skill,378.0
128443,128467,1,same_skill,378.0
128444,128446,16,same_skill+sequence,378.0
128444,128447,19,sequence,
128444,128448,12,sequence,
128444,128449,19,sequence,
128444,128450,12,same_skill+sequence,378.0
128444,128451,20,sequence,
128444,128452,23,sequence,
128444,128453,17,same_skill+sequence,378.0
128444,128454,19,sequence,
128444,128455,17,sequence,
128444,128456,12,sequence,
128444,128459,1,same_skill,378.0
128444,128461,1,same_skill,378.0
128444,128471,1,same_skill,378.0
128444,128475,1,same_skill,378.0
128445,128446,17,sequence,
128445,128447,17,sequence,
128445,128448,18,sequence,
128445,128449,10,sequence,
128445,128450,17,sequence,
128445,128451,21,sequence,
128445,128452,16,same_skill+sequence,350.0
128445,128453,21,sequence,
128445,128454,15,sequence,
128445,128455,17,sequence,
128445,128456,14,sequence,
128445,128460,1,same_skill,350.0
128445,128466,1,same_skill,350.0
128446,128447,14,sequence,
128446,128448,11,sequence,
128446,128449,14,sequence,
128446,128450,17,sequence,
128446,128451,16,sequence,
128446,128452,17,sequence,
128446,128453,30,same_skill+sequence,378.0
128446,128454,19,sequence,
128446,128455,18,sequence,
128446,128456,21,same_skill+sequence,378.0
128446,128457,1,same_skill,378.0
128446,128459,1,same_skill,378.0
128446,128467,1,same_skill,378.0
128446,128471,1,same_skill,378.0
128446,128475,1,same_skill,378.0
128447,128448,36,sequence,
128447,128449,19,sequence,
128447,128450,13,sequence,
128447,128451,18,same_skill+sequence,350.0
128447,128452,10,sequence,
128447,128453,21,sequence,
128447,128454,13,same_skill+sequence,350.0
128447,128455,22,sequence,
128447,128456,13,sequence,
128447,128470,1,same_skill,350.0
128447,128472,1,same_skill,350.0
128447,128474,18,same_skill+sequence,350.0
128447,128476,1,same_skill,350.0
128448,128449,17,sequence,
128448,128450,28,sequence,
128448,128451,18,sequence,
128448,128452,17,sequence,
128448,128453,18,sequence,
128448,128454,21,sequence,
128448,128455,17,same_skill+sequence,378.0
128448,128456,18,sequence,
128448,128468,1,same_skill,378.0
128448,128469,1,same_skill,378.0
128448,128473,1,same_skill,378.0
128449,128450,19,sequence,
128449,128451,17,same_skill+sequence,350.0
128449,128452,14,same_skill+sequence,350.0
128449,128453,13,sequence,
128449,128454,1,same_skill,350.0
128449,128455,18,sequence,
128449,128456,23,sequence,
128449,128460,1,same_skill,350.0
128449,128466,1,same_skill,350.0
128449,128470,1,same_skill,350.0
128450,128451,19,sequence,
128450,128452,16,sequence,
128450,128453,20,same_skill+sequence,378.0
128450,128454,14,sequence,
128450,128455,14,same_skill+sequence,378.0
128450,128456,10,sequence,
128450,128459,1,same_skill,378.0
128450,128461,1,same_skill,378.0
128450,128473,1,same_skill,378.0
128450,128475,1,same_skill,378.0
128451,128453,17,sequence,
128451,128454,18,same_skill+sequence,350.0
128451,128455,18,sequence,
128451,128456,13,sequence,
128451,128470,1,same_skill,350.0
128451,128472,1,same_skill,350.0
128451,128474,1,same_skill,350.0
128452,128453,13,sequence,
128452,128454,29,sequence,
128452,128455,15,sequence,
128452,128456,16,sequence,
128452,128460,1,same_skill,350.0
128452,128466,1,same_skill,350.0
128453,128454,16,sequence,
128453,128455,20,same_skill+sequence,378.0
128453,128456,15,sequence,
128453,128459,1,same_skill,378.0
128453,128461,1,same_skill,378.0
128453,128475,1,same_skill,378.0
128454,128455,19,sequence,
128454,128456,13,sequence,
128454,128460,1,same_skill,350.0
128454,128470,1,same_skill,350.0
128454,128472,1,same_skill,350.0
128455,128456,12,sequence,
128455,128461,1,same_skill,378.0
128455,128468,1,same_skill,378.0
128455,128469,1,same_skill,378.0
128455,128473,1,same_skill,378.0
128456,128457,1,same_skill,378.0
128456,128459,1,same_skill,378.0
128456,128465,1,same_skill,378.0
128456,128467,1,same_skill,378.0
128456,128471,1,same_skill,378.0
128457,128458,17,sequence,
128457,128459,18,same_skill+sequence,378.0
128457,128460,13,sequence,
128457,128461,17,sequence,
128457,128462,13,sequence,
128457,128464,26,sequence,
128457,128465,22,same_skill+sequence,378.0
128457,128466,16,sequence,
128457,128467,15,same_skill+sequence,378.0
128457,128468,20,sequence,
128457,128469,15,sequence,
128457,128470,15,sequence,
128457,128471,11,same_skill+sequence,378.0
128457,128472,14,sequence,
128457,128473,14,sequence,
128457,128474,14,sequence,
128457,128475,18,same_skill+sequence,378.0
128457,128476,21,sequence,
128458,128459,27,sequence,
128458,128460,33,sequence,
128458,128461,27,sequence,
128458,128462,21,same_skill+sequence,350.0
128458,128464,22,same_skill+sequence,350.0
128458,128465,11,sequence,
128458,128466,14,sequence,
128458,128467,12,sequence,
128458,128468,17,sequence,
128458,128469,18,sequence,
128458,128470,18,sequence,
128458,128471,20,sequence,
128458,128472,15,sequence,
128458,128473,18,sequence,
128458,128474,15,sequence,
128458,128475,14,sequence,
128458,128476,14,same_skill+sequence,350.0
128458,134706,36,sequence,
128458,148521,36,sequence,
128458,148923,46,sequence,
128458,152858,42,sequence,
128458,163460,43,sequence,
128458,167292,42,sequence,
128458,423000,38,sequence,
128459,128460,17,sequence,
128459,128461,16,sequence,
128459,128462,12,sequence,
128459,128464,15,sequence,
128459,128465,11,sequence,
128459,128466,22,sequence,
128459,128467,16,sequence,
128459,128468,15,sequence,
128459,128469,20,sequence,
128459,128470,17,sequence,
128459,128471,15,same_skill+sequence,378.0
128459,128472,21,sequence,
128459,128473,20,sequence,
128459,128474,12,sequence,
128459,128475,20,same_skill+sequence,378.0
128459,128476,17,sequence,
128460,128461,15,sequence,
128460,128462,16,sequence,
128460,128464,28,sequence,
128460,128465,12,sequence,
128460,128466,19,same_skill+sequence,350.0
128460,128467,11,sequence,
128460,128468,13,sequence,
128460,128469,15,sequence,
128460,128470,21,same_skill+sequence,350.0
128460,128471,10,sequence,
128460,128472,21,sequence,
128460,128473,10,sequence,
128460,128474,13,sequence,
128460,128475,11,sequence,
128460,128476,22,sequence,
128461,128462,21,sequence,
128461,128464,19,sequence,
128461,128465,19,sequence,
128461,128466,23,sequence,
128461,128467,11,sequence,
128461,128468,13,same_skill+sequence,378.0
128461,128469,17,same_skill+sequence,378.0
128461,128470,25,sequence,
128461,128471,25,sequence,
128461,128472,20,sequence,
128461,128473,13,same_skill+sequence,378.0
128461,128474,15,sequence,
128461,128475,19,sequence,
128461,128476,17,sequence,
128462,128464,18,same_skill+sequence,350.0
128462,128465,20,sequence,
128462,128466,16,sequence,
128462,128467,25,sequence,
128462,128468,24,sequence,
128462,128469,24,sequence,
128462,128470,14,sequence,
128462,128471,18,sequence,
128462,128472,26,sequence,
128462,128473,15,sequence,
128462,128474,24,same_skill+sequence,350.0
128462,128475,16,sequence,
128462,128476,24,same_skill+sequence,350.0
128464,128465,16,sequence,
128464,128466,18,sequence,
128464,128467,22,sequence,
128464,128468,44,sequence,
128464,128469,24,sequence,
128464,128470,13,sequence,
128464,128471,17,sequence,
128464,128472,11,same_skill+sequence,350.0
128464,128473,12,sequence,
128464,128474,23,same_skill+sequence,350.0
128464,128475,18,sequence,
128464,128476,16,same_skill+sequence,350.0
128465,128466,18,sequence,
128465,128467,14,same_skill+sequence,378.0
128465,128468,20,sequence,
128465,128469,17,sequence,
128465,128470,17,sequence,
128465,128471,11,same_skill+sequence,378.0
128465,128472,10,sequence,
128465,128473,14,sequence,
128465,128474,20,sequence,
128465,128475,19,sequence,
128465,128476,22,sequence,
128466,128467,11,sequence,
128466,128468,18,sequence,
128466,128469,15,sequence,
128466,128470,13,same_skill+sequence,350.0
128466,128471,15,sequence,
128466,128472,17,sequence,
128466,128473,11,sequence,
128466,128474,16,sequence,
128466,128475,19,sequence,
128466,128476,16,sequence,
128467,128468,20,sequence,
128467,128469,12,sequence,
128467,128470,18,sequence,
128467,128471,26,same_skill+sequence,378.0
128467,128472,13,sequence,
128467,128473,22,sequence,
128467,128474,14,sequence,
128467,128475,14,sequence,
128467,128476,18,sequence,
128468,128469,13,same_skill+sequence,378.0
128468,128470,19,sequence,
128468,128471,14,sequence,
128468,128472,19,sequence,
128468,128473,17,same_skill+sequence,378.0
128468,128474,16,sequence,
128468,128475,16,sequence,
128468,128476,15,sequence,
128469,128470,18,sequence,
128469,128471,14,sequence,
128469,128472,24,sequence,
128469,128473,23,same_skill+sequence,378.0
128469,128474,21,sequence,
128469,128475,16,sequence,
128469,128476,19,sequence,
128470,128471,14,sequence,
128470,128472,19,sequence,
128470,128473,26,sequence,
128470,128474,18,sequence,
128470,128476,22,sequence,
128471,128472,31,sequence,
128471,128473,18,sequence,
128471,128474,13,sequence,
128471,128475,14,same_skill+sequence,378.0
128471,128476,16,sequence,
128472,128473,28,sequence,
128472,128474,16,same_skill+sequence,350.0
128472,128475,12,sequence,
128472,128476,18,same_skill+sequence,350.0
128473,128474,24,sequence,
128473,128475,31,sequence,
128473,128476,25,sequence,
128474,128475,25,sequence,
128474,128476,40,same_skill+sequence,350.0
12865,12949,39,sequence,
12865,13130,40,sequence,
12865,13297,48,sequence,
12865,13305,40,same_skill+sequence,217.0
12865,13513,52,sequence,
12865,14560,32,same_skill+sequence,217.0
12865,15142,23,same_skill+sequence,217.0
12865,22062,38,same_skill+sequence,217.0
129100,129500,39,sequence,
129100,137206,44,sequence,
129100,137261,37,sequence,
129100,148771,36,sequence,
129100,189165,40,sequence,
129100,189285,38,sequence,
129100,232176,34,sequence,
129100,408546,44,sequence,
129100,87263,42,sequence,
129100,90562,40,sequence,
129100,90966,52,same_skill+sequence,94.0
129100,90967,1,same_skill,94.0
129100,90975,1,same_skill,94.0
129100,90998,1,same_skill,94.0
129100,91579,1,same_skill,94.0
129100,97639,36,sequence,
12949,13130,48,same_skill+sequence,217.0
12949,13297,44,same_skill+sequence,217.0
12949,13305,56,same_skill+sequence,217.0
12949,13513,51,same_skill+sequence,217.0
12949,14560,38,sequence,
12949,15142,26,sequence,
12949,22062,42,same_skill+sequence,217.0
129500,129501,29,same_skill+sequence,333.0
129500,129505,63,same_skill+sequence,333.0
129500,129510,1,same_skill,333.0
129500,129552,12,sequence,
129500,129563,1,same_skill,333.0
129500,137206,72,sequence,
129500,137261,38,sequence,
129500,148771,83,sequence,
129500,189165,35,sequence,
129500,189285,43,sequence,
129500,232176,41,sequence,
129500,408546,37,sequence,
129500,87263,31,sequence,
129500,90562,36,sequence,
129500,90966,43,sequence,
129500,97639,37,sequence,
129501,129502,32,sequence,
129501,129505,1,same_skill,333.0
129501,129510,1,same_skill,333.0
129501,129511,11,sequence,
129501,129536,11,sequence,
129501,129538,16,sequence,
129501,129547,11,sequence,
129501,129552,11,sequence,
129501,129553,13,sequence,
129501,129562,11,same_skill+sequence,333.0
129501,129563,11,same_skill+sequence,333.0
129501,129591,10,sequence,
129501,137207,27,sequence,
129501,148841,14,sequence,
129501,189166,21,sequence,
129501,87264,20,sequence,
129501,90967,19,sequence,
129502,129504,32,same_skill+sequence,333.0
129502,129538,1,same_skill,333.0
129502,129540,1,same_skill,333.0
129502,129543,1,same_skill,333.0
129502,129547,11,same_skill+sequence,333.0
129502,129549,1,same_skill,333.0
129502,129552,1,same_skill,333.0
129502,129553,17,sequence,
129502,129592,1,same_skill,333.0
129504,129536,1,same_skill,333.0
129504,129538,1,same_skill,333.0
129504,129540,1,same_skill,333.0
129504,129543,1,same_skill,333.0
129504,129547,1,same_skill,333.0
129504,129552,1,same_skill,333.0
129504,129561,10,sequence,
129504,129591,13,sequence,
129504,129592,1,same_skill,333.0
129504,148771,10,sequence,
129504,282592,12,sequence,
129505,129510,61,same_skill+sequence,333.0
129505,129525,11,sequence,
129505,129547,1,same_skill,333.0
129505,129549,1,same_skill,333.0
129505,129552,1,same_skill,333.0
129505,129561,10,sequence,
129505,129562,1,same_skill,333.0
129505,129563,1,same_skill,333.0
129505,129591,12,sequence,
129510,129538,10,sequence,
129510,129543,10,sequence,
129510,129547,1,same_skill,333.0
129510,129549,60,same_skill+sequence,333.0
129510,129556,10,sequence,
129510,129562,11,same_skill+sequence,333.0
129510,129563,1,same_skill,333.0
129510,129591,10,sequence,
129510,129592,12,sequence,
129511,129525,12,same_skill+sequence,333.0
129511,129536,14,sequence,
129511,129547,11,sequence,
129511,129549,11,sequence,
129511,129553,15,same_skill+sequence,333.0
129511,129561,11,same_skill+sequence,333.0
129511,129591,1,same_skill,333.0
129525,129536,14,same_skill+sequence,333.0
129525,129538,1,same_skill,333.0
129525,129540,14,same_skill+sequence,333.0
129525,129553,1,same_skill,333.0
129525,129556,12,same_skill+sequence,333.0
129525,129561,11,same_skill+sequence,333.0
129525,129563,12,sequence,
129525,129591,13,same_skill+sequence,333.0
129536,129538,1,same_skill,333.0
129536,129540,1,same_skill,333.0
129536,129543,11,same_skill+sequence,333.0
129536,129553,11,same_skill+sequence,333.0
129536,129556,12,same_skill+sequence,333.0
129536,129561,1,same_skill,333.0
129536,129562,12,sequence,
129536,129592,10,sequence,
129538,129540,1,same_skill,333.0
129538,129543,1,same_skill,333.0
129538,129553,1,same_skill,333.0
129538,129556,1,same_skill,333.0
129538,129562,14,sequence,
129538,129563,11,sequence,
129538,129592,11,sequence,
129540,129543,1,same_skill,333.0
129540,129552,11,sequence,
129540,129553,10,sequence,
129540,129556,1,same_skill,333.0
129540,129562,11,sequence,
129540,129591,10,sequence,
129540,129592,20,same_skill+sequence,333.0
129543,129552,12,same_skill+sequence,333.0
129543,129553,10,sequence,
129543,129556,11,same_skill+sequence,333.0
129543,129591,14,sequence,
129543,129592,1,same_skill,333.0
129547,129549,1,same_skill,333.0
129547,129552,12,same_skill+sequence,333.0
129547,129553,10,sequence,
129547,129562,11,same_skill+sequence,333.0
129547,129592,16,same_skill+sequence,333.0
129549,129552,1,same_skill,333.0
129549,129562,1,same_skill,333.0
129549,129563,57,same_skill+sequence,333.0
129549,129592,1,same_skill,333.0
129552,129561,10,sequence,
129552,129562,1,same_skill,333.0
129552,129563,11,sequence,
129552,129591,10,sequence,
129552,129592,11,same_skill+sequence,333.0
129553,129556,1,same_skill,333.0
129553,129561,1,same_skill,333.0
129553,129591,15,same_skill+sequence,333.0
129553,129592,11,sequence,
129556,129561,1,same_skill,333.0
129556,129562,12,sequence,
129556,129591,1,same_skill,333.0
129556,129592,15,sequence,
129561,129591,15,same_skill+sequence,333.0
129562,129563,12,same_skill+sequence,333.0
129562,129592,13,same_skill+sequence,333.0
13130,13297,64,same_skill+sequence,217.0
13130,13305,44,same_skill+sequence,217.0
13130,13513,57,same_skill+sequence,217.0
13130,14560,34,sequence,
13130,15142,28,sequence,
13130,22062,38,sequence,
13297,13305,47,same_skill+sequence,217.0
13297,13513,41,same_skill+sequence,217.0
13297,14560,32,sequence,
13297,15142,22,same_skill+sequence,217.0
13297,22062,47,same_skill+sequence,217.0
13305,13513,43,sequence,
13305,14560,48,same_skill+sequence,217.0
13305,15142,22,same_skill+sequence,217.0
13305,22062,42,same_skill+sequence,217.0
13346,13830,83,same_skill+sequence,240.0
13346,15324,77,same_skill+sequence,240.0
13346,15612,44,sequence,
13346,20440,59,same_skill+sequence,240.0
13346,32568,95,same_skill+sequence,240.0
13346,37048,96,sequence,
134706,148521,39,sequence,
134706,148923,45,sequence,
134706,152858,39,sequence,
134706,163460,38,sequence,
134706,167292,40,sequence,
134706,423000,44,sequence,
13513,14560,46,sequence,
13513,15142,18,sequence,
13513,22062,49,sequence,
136308,138200,11,sequence,
136308,138813,12,sequence,
136308,138825,246,sequence,
136308,161796,221,sequence,
136308,338836,1,same_skill,85.0
136308,338848,1,same_skill,85.0
136308,338861,1,same_skill,85.0
136308,8857,1,same_skill,85.0
136312,136313,12,sequence,
136312,138200,77,sequence,
136312,138783,237,sequence,
136312,280794,90,sequence,
136312,535652,78,sequence,
136313,136315,23,sequence,
136313,138200,154,sequence,
136313,138813,276,sequence,
136313,1533,60,sequence,
136313,583739,1,same_skill,40.0
136313,583740,1,same_skill,40.0
136313,583741,1,same_skill,40.0
136313,620392,1,same_skill,40.0
136313,637287,1,same_skill,40.0
136313,637288,1,same_skill,40.0
136313,75525,1,same_skill,40.0
136313,988,12,sequence,
136315,138813,13,sequence,
136315,138825,27,sequence,
136315,139989,121,sequence,
136315,1533,125,sequence,
136315,283326,18,sequence,
136315,75444,1,same_skill,307.0
137206,137207,15,same_skill+sequence,336.0
137206,137261,42,same_skill+sequence,336.0
137206,148771,46,sequence,
137206,189165,48,sequence,
137206,189285,36,sequence,
137206,232176,38,sequence,
137206,408546,35,sequence,
137206,87263,39,sequence,
137206,90562,46,sequence,
137206,90966,38,sequence,
137206,97639,42,sequence,
137207,137261,1,same_skill,336.0
137207,148841,15,sequence,
137207,189166,19,sequence,
137207,87264,13,sequence,
137207,90967,14,sequence,
137261,148771,37,sequence,
137261,189165,32,sequence,
137261,189285,52,sequence,
137261,232176,34,sequence,
137261,408546,31,sequence,
137261,87263,47,sequence,
137261,90562,43,sequence,
137261,90966,42,sequence,
137261,97639,36,sequence,
138200,138783,232,sequence,
138200,138825,10,sequence,
138200,211508,1,same_skill,12.0
138200,2264,1,same_skill,12.0
138200,30729,1,same_skill,12.0
138200,45926,1,same_skill,12.0
138200,45929,1,same_skill,12.0
138200,98543,1,same_skill,12.0
138200,988,14,sequence,
13830,15324,84,same_skill+sequence,240.0
13830,15612,55,same_skill+sequence,240.0
13830,20440,81,same_skill+sequence,240.0
13830,32568,89,same_skill+sequence,240.0
13830,37048,61,same_skill+sequence,240.0
138783,138813,40,sequence,
138783,138825,35,sequence,
138783,2690,1,same_skill,95.0
138783,33078,1,same_skill,95.0
138783,342,1,same_skill,95.0
138783,409,1,same_skill,95.0
138813,138825,22,sequence,
138813,1533,236,sequence,
138825,14841,10,sequence,
138825,161796,67,sequence,
138825,248603,132,sequence,
139448,139452,22,same_skill+sequence,17.0
139448,139468,18,sequence,
139448,139480,13,sequence,
139448,139483,19,sequence,
139448,139488,21,sequence,
139448,139491,18,same_skill+sequence,17.0
139448,139492,16,sequence,
139448,139497,21,same_skill+sequence,17.0
139448,139502,17,sequence,
139448,139507,25,same_skill+sequence,17.0
139448,139532,14,sequence,
139448,139547,15,sequence,
139448,139552,19,sequence,
139448,139557,17,sequence,
139448,139562,17,same_skill+sequence,17.0
139448,139567,15,sequence,
139448,139571,11,sequence,
139448,139575,17,sequence,
139448,139579,12,sequence,
139448,139615,30,same_skill+sequence,17.0
139448,139616,24,sequence,
139448,139617,19,same_skill+sequence,17.0
139448,139621,18,same_skill+sequence,17.0
139448,139622,13,sequence,
139452,139468,14,sequence,
139452,139480,14,sequence,
139452,139483,17,sequence,
139452,139488,14,sequence,
139452,139491,35,sequence,
139452,139492,21,sequence,
139452,139497,92,same_skill+sequence,17.0
139452,139502,15,sequence,
139452,139507,21,sequence,
139452,139532,16,sequence,
139452,139547,16,sequence,
139452,139557,14,sequence,
139452,139562,23,sequence,
139452,139567,15,sequence,
139452,139571,14,sequence,
139452,139575,22,sequence,
139452,139579,11,sequence,
139452,139615,18,same_skill+sequence,17.0
139452,139616,21,sequence,
139452,139617,16,sequence,
139452,139621,39,same_skill+sequence,17.0
139452,139622,18,sequence,
139452,279772,1,same_skill,17.0
139452,90162,11,sequence,
139468,139480,12,sequence,
139468,139483,21,same_skill+sequence,17.0
139468,139488,21,same_skill+sequence,17.0
139468,139491,16,sequence,
139468,139492,14,sequence,
139468,139497,14,sequence,
139468,139502,18,same_skill+sequence,17.0
139468,139507,14,sequence,
139468,139532,17,sequence,
139468,139547,17,same_skill+sequence,17.0
139468,139552,19,same_skill+sequence,17.0
139468,139557,16,sequence,
139468,139562,16,same_skill+sequence,17.0
139468,139567,12,sequence,
139468,139571,17,sequence,
139468,139575,18,sequence,
139468,139579,21,sequence,
139468,139615,22,sequence,
139468,139616,18,same_skill+sequence,17.0
139468,139617,18,same_skill+sequence,17.0
139468,139621,20,sequence,
139468,139622,21,sequence,
139480,139483,12,sequence,
139480,139488,13,sequence,
139480,139491,17,sequence,
139480,139492,16,same_skill+sequence,17.0
139480,139497,13,sequence,
139480,139502,18,sequence,
139480,139507,14,sequence,
139480,139532,22,same_skill+sequence,17.0
139480,139547,25,sequence,
139480,139552,16,sequence,
139480,139557,19,same_skill+sequence,17.0
139480,139562,16,sequence,
139480,139567,17,same_skill+sequence,17.0
139480,139571,18,same_skill+sequence,17.0
139480,139575,19,same_skill+sequence,17.0
139480,139579,11,same_skill+sequence,17.0
139480,139615,15,sequence,
139480,139616,16,sequence,
139480,139617,15,sequence,
139480,139621,11,sequence,
139480,139622,21,same_skill+sequence,17.0
139483,139488,20,same_skill+sequence,17.0
139483,139491,19,sequence,
139483,139492,17,same_skill+sequence,17.0
139483,139497,17,sequence,
139483,139502,15,sequence,
139483,139507,25,sequence,
139483,139532,13,sequence,
139483,139547,17,sequence,
139483,139552,22,same_skill+sequence,17.0
139483,139557,17,same_skill+sequence,17.0
139483,139562,13,sequence,
139483,139567,16,sequence,
139483,139571,11,same_skill+sequence,17.0
139483,139575,12,sequence,
139483,139579,17,sequence,
139483,139615,19,sequence,
139483,139616,15,same_skill+sequence,17.0
139483,139617,18,sequence,
139483,139621,16,sequence,
139483,139622,14,same_skill+sequence,17.0
139488,139491,13,sequence,
139488,139492,14,same_skill+sequence,17.0
139488,139497,23,sequence,
139488,139502,22,same_skill+sequence,17.0
139488,139507,14,sequence,
139488,139532,21,sequence,
139488,139547,22,same_skill+sequence,17.0
139488,139552,14,same_skill+sequence,17.0
139488,139557,18,same_skill+sequence,17.0
139488,139562,11,sequence,
139488,139567,17,sequence,
139488,139571,22,sequence,
139488,139575,21,sequence,
139488,139579,15,sequence,
139488,139615,21,sequence,
139488,139616,15,same_skill+sequence,17.0
139488,139617,14,sequence,
139488,139621,17,sequence,
139488,139622,13,sequence,
139491,139492,18,sequence,
139491,139497,14,sequence,
139491,139502,13,same_skill+sequence,17.0
139491,139507,22,same_skill+sequence,17.0
139491,139532,12,sequence,
139491,139547,21,same_skill+sequence,17.0
139491,139552,16,sequence,
139491,139557,15,sequence,
139491,139562,19,same_skill+sequence,17.0
139491,139567,21,sequence,
139491,139571,19,sequence,
139491,139579,16,sequence,
139491,139615,26,same_skill+sequence,17.0
139491,139616,19,sequence,
139491,139617,13,same_skill+sequence,17.0
139491,139621,21,same_skill+sequence,17.0
139491,139622,12,sequence,
139492,139497,12,sequence,
139492,139502,17,sequence,
139492,139507,11,sequence,
139492,139532,13,sequence,
139492,139547,21,sequence,
139492,139552,19,same_skill+sequence,17.0
139492,139557,17,same_skill+sequence,17.0
139492,139562,18,sequence,
139492,139567,17,sequence,
139492,139571,19,same_skill+sequence,17.0
139492,139575,16,sequence,
139492,139615,17,sequence,
139492,139616,18,same_skill+sequence,17.0
139492,139621,24,sequence,
139492,139622,22,same_skill+sequence,17.0
139497,139507,22,same_skill+sequence,17.0
139497,139532,12,sequence,
139497,139547,13,sequence,
139497,139552,22,sequence,
139497,139557,11,sequence,
139497,139562,16,sequence,
139497,139567,15,sequence,
139497,139571,23,sequence,
139497,139575,11,sequence,
139497,139579,21,sequence,
139497,139615,19,same_skill+sequence,17.0
139497,139616,12,sequence,
139497,139617,16,sequence,
139497,139621,26,same_skill+sequence,17.0
139497,139622,14,sequence,
139497,279772,1,same_skill,17.0
139497,86800,61,sequence,
139502,139507,14,same_skill+sequence,17.0
139502,139532,24,sequence,
139502,139547,12,same_skill+sequence,17.0
139502,139552,22,same_skill+sequence,17.0
139502,139557,11,sequence,
139502,139562,21,same_skill+sequence,17.0
139502,139567,11,sequence,
139502,139571,21,sequence,
139502,139579,19,sequence,
139502,139615,15,sequence,
139502,139616,23,sequence,
139502,139617,20,same_skill+sequence,17.0
139502,139621,15,sequence,
139502,139622,14,sequence,
139507,139532,10,sequence,
139507,139547,22,sequence,
139507,139552,18,sequence,
139507,139557,22,sequence,
139507,139562,22,same_skill+sequence,17.0
139507,139567,14,sequence,
139507,139571,18,sequence,
139507,139575,22,sequence,
139507,139579,16,sequence,
139507,139615,24,same_skill+sequence,17.0
139507,139616,14,sequence,
139507,139617,20,same_skill+sequence,17.0
139507,139621,19,same_skill+sequence,17.0
139507,139622,18,sequence,
139532,139547,18,sequence,
139532,139552,14,sequence,
139532,139557,16,same_skill+sequence,17.0
139532,139562,17,sequence,
139532,139567,11,same_skill+sequence,17.0
139532,139571,11,same_skill+sequence,17.0
139532,139575,13,same_skill+sequence,17.0
139532,139579,14,same_skill+sequence,17.0
139532,139615,19,sequence,
139532,139616,18,sequence,
139532,139617,17,sequence,
139532,139621,15,sequence,
139532,139622,14,same_skill+sequence,17.0
139547,139552,18,same_skill+sequence,17.0
139547,139557,14,sequence,
139547,139562,1,same_skill,17.0
139547,139567,17,sequence,
139547,139571,18,sequence,
139547,139575,12,sequence,
139547,139579,15,sequence,
139547,139615,14,sequence,
139547,139616,16,same_skill+sequence,17.0
139547,139617,15,same_skill+sequence,17.0
139547,139621,20,sequence,
139547,139622,15,sequence,
139552,139562,15,same_skill+sequence,17.0
139552,139567,11,sequence,
139552,139571,25,sequence,
139552,139575,18,sequence,
139552,139579,14,sequence,
139552,139615,22,sequence,
139552,139616,15,same_skill+sequence,17.0
139552,139617,20,sequence,
139552,139621,14,sequence,
139552,139622,10,sequence,
139557,139562,17,sequence,
139557,139567,18,sequence,
139557,139571,19,same_skill+sequence,17.0
139557,139575,19,sequence,
139557,139579,14,sequence,
139557,139615,17,sequence,
139557,139616,18,same_skill+sequence,17.0
139557,139617,15,sequence,
139557,139621,13,sequence,
139557,139622,19,same_skill+sequence,17.0
139562,139567,12,sequence,
139562,139571,19,sequence,
139562,139575,17,sequence,
139562,139579,11,sequence,
139562,139615,22,sequence,
139562,139616,17,sequence,
139562,139617,17,same_skill+sequence,17.0
139562,139621,16,sequence,
139562,139622,20,sequence,
139567,139571,17,sequence,
139567,139575,22,same_skill+sequence,17.0
139567,139579,22,same_skill+sequence,17.0
139567,139615,14,sequence,
139567,139621,15,sequence,
139567,139622,13,sequence,
139571,139575,14,same_skill+sequence,17.0
139571,139579,12,sequence,
139571,139615,11,sequence,
139571,139616,17,same_skill+sequence,17.0
139571,139617,17,sequence,
139571,139621,14,sequence,
139571,139622,15,same_skill+sequence,17.0
139575,139579,15,same_skill+sequence,17.0
139575,139615,12,sequence,
139575,139616,12,sequence,
139575,139617,22,sequence,
139575,139621,11,sequence,
139575,139622,16,same_skill+sequence,17.0
139579,139615,19,sequence,
139579,139616,15,sequence,
139579,139617,16,sequence,
139579,139621,13,sequence,
139579,139622,12,same_skill+sequence,17.0
139615,139616,20,sequence,
139615,139617,22,sequence,
139615,139621,13,same_skill+sequence,17.0
139615,139622,19,sequence,
139615,279772,1,same_skill,17.0
139616,139617,17,sequence,
139616,139621,20,sequence,
139616,139622,13,sequence,
139617,139621,20,same_skill+sequence,17.0
139617,139622,18,sequence,
139621,139622,15,sequence,
139621,279772,1,same_skill,17.0
139876,178,23,sequence,
139876,4059,15,sequence,
139876,51006,46,sequence,
139876,51090,1,same_skill,310.0
139876,531451,1,same_skill,310.0
139876,531509,1,same_skill,310.0
139876,532561,1,same_skill,310.0
139876,536328,1,same_skill,310.0
139876,536409,1,same_skill,310.0
139876,87042,42,sequence,
139989,1533,18,sequence,
139989,161796,11,sequence,
139989,248603,283,sequence,
139989,551833,1,same_skill,25.0
139989,551834,1,same_skill,25.0
139989,563980,1,same_skill,25.0
139989,563981,1,same_skill,25.0
139989,569211,1,same_skill,25.0
139989,569708,1,same_skill,25.0
140083,140105,327,same_skill+sequence,314.0
140083,211461,1,same_skill,314.0
140083,563976,1,same_skill,314.0
140083,563977,1,same_skill,314.0
140083,563978,1,same_skill,314.0
140083,563979,1,same_skill,314.0
140083,86457,325,sequence,
140105,211461,1,same_skill,314.0
140105,563976,1,same_skill,314.0
140105,563978,1,same_skill,314.0
140105,563979,1,same_skill,314.0
140105,75250,82,sequence,
140105,75276,243,sequence,
140266,219323,22,sequence,
140266,75178,1,same_skill,27.0
140266,79353,35,sequence,
140266,79359,1,same_skill,27.0
140266,79362,1,same_skill,27.0
140266,79365,34,sequence,
140266,79368,1,same_skill,27.0
140266,79371,1,same_skill,27.0
14443,14468,142,same_skill+sequence,203.0
14443,15142,20,sequence,
14443,15612,16,sequence,
14443,218654,185,sequence,
14443,86773,29,sequence,
14443,86853,11,sequence,
14560,15142,24,same_skill+sequence,217.0
14560,22062,45,same_skill+sequence,217.0
14792,14793,1,same_skill,86.0
14792,14797,189,sequence,
14792,188608,1,same_skill,86.0
14792,4003,1,same_skill,86.0
14792,403760,1,same_skill,86.0
14793,14797,191,sequence,
14793,188608,1,same_skill,86.0
14793,4003,1,same_skill,86.0
14793,403760,1,same_skill,86.0
14793,4080,1,same_skill,86.0
14793,98538,1,same_skill,86.0
14797,188869,1,same_skill,82.0
14797,220753,1,same_skill,82.0
14797,839,1,same_skill,82.0
14841,161796,137,sequence,
14841,178,88,sequence,
14841,2149,166,sequence,
14841,2209,66,same_skill+sequence,75.0
14841,2264,35,sequence,
14841,248593,323,sequence,
14841,435859,1,same_skill,75.0
14841,4674,34,sequence,
14841,583738,1,same_skill,75.0
14841,849,26,sequence,
14841,894,17,sequence,
148521,148923,42,sequence,
148521,148982,1,same_skill,371.0
148521,148990,1,same_skill,371.0
148521,149273,1,same_skill,371.0
148521,152858,49,same_skill+sequence,371.0
148521,163460,49,sequence,
148521,167292,27,sequence,
148521,423000,48,sequence,
148771,148841,12,same_skill+sequence,334.0
148771,148886,1,same_skill,334.0
148771,148923,1,same_skill,334.0
148771,189165,51,sequence,
148771,189285,43,sequence,
148771,232176,35,sequence,
148771,408546,25,sequence,
148771,87263,36,sequence,
148771,88289,12,sequence,
148771,90562,25,sequence,
148771,90966,29,sequence,
148771,97639,38,sequence,
148841,148886,1,same_skill,334.0
148841,148923,1,same_skill,334.0
148841,189166,17,sequence,
148841,87264,20,sequence,
148841,90967,12,sequence,
148886,148923,21,same_skill+sequence,334.0
148923,152858,46,sequence,
148923,163460,59,sequence,
148923,167292,42,sequence,
148923,423000,39,sequence,
148982,148990,163,same_skill+sequence,371.0
148982,149273,1,same_skill,371.0
148982,152858,14,same_skill+sequence,371.0
148982,88205,41,sequence,
148982,88435,163,sequence,
148982,89632,39,sequence,
148990,149273,152,same_skill+sequence,371.0
148990,152858,1,same_skill,371.0
149273,152858,1,same_skill,371.0
149273,2264,24,sequence,
149273,2274,15,sequence,
149273,88288,38,sequence,
149273,98874,37,sequence,
15142,15612,37,sequence,
15142,22062,20,same_skill+sequence,217.0
152858,163460,74,sequence,
152858,167292,23,sequence,
152858,219323,27,sequence,
152858,423000,44,sequence,
1530,1644,1,same_skill,79.0
1530,178,18,sequence,
1530,210599,1,same_skill,79.0
1530,210665,1,same_skill,79.0
1530,283541,1,same_skill,79.0
1530,283721,1,same_skill,79.0
1530,283753,1,same_skill,79.0
1530,290906,10,sequence,
1530,33078,24,sequence,
1530,33669,123,sequence,
1530,34288,394,sequence,
1530,435884,1,same_skill,79.0
1530,86582,1,same_skill,79.0
1530,86583,11,sequence,
15324,15612,47,same_skill+sequence,240.0
15324,20440,74,same_skill+sequence,240.0
15324,32568,76,same_skill+sequence,240.0
15324,37048,93,sequence,
1533,178,11,sequence,
1533,210599,1,same_skill,79.0
1533,210643,1,same_skill,79.0
1533,210645,1,same_skill,79.0
1533,210665,1,same_skill,79.0
1533,86583,1,same_skill,79.0
1533,87264,1,same_skill,79.0
1533,87295,1,same_skill,79.0
1533,87297,1,same_skill,79.0
15612,20440,31,same_skill+sequence,240.0
15612,283249,23,sequence,
15612,32568,36,same_skill+sequence,240.0
15612,37048,46,same_skill+sequence,240.0
16,2730,97,same_skill+sequence,106.0
16,988,97,same_skill+sequence,106.0
16,991,76,same_skill+sequence,106.0
16,997,102,same_skill+sequence,106.0
161675,161680,35,sequence,
161675,161687,41,same_skill+sequence,340.0
161675,161688,39,sequence,
161675,161690,177,same_skill+sequence,340.0
161675,161695,41,same_skill+sequence,340.0
161675,161729,1,same_skill,340.0
161675,161751,1,same_skill,340.0
161675,161796,1,same_skill,340.0
161675,218714,96,sequence,
161680,161687,31,sequence,
161680,161688,92,same_skill+sequence,340.0
161680,161690,40,sequence,
161680,161695,35,sequence,
161680,161702,1,same_skill,340.0
161680,161713,1,same_skill,340.0
161680,161803,1,same_skill,340.0
161680,161821,1,same_skill,340.0
161680,161834,1,same_skill,340.0
161680,187214,1,same_skill,340.0
161680,187248,1,same_skill,340.0
161680,248608,51,sequence,
161687,161688,31,same_skill+sequence,340.0
161687,161690,42,same_skill+sequence,340.0
161687,161695,42,same_skill+sequence,340.0
161687,161729,1,same_skill,340.0
161687,161751,1,same_skill,340.0
161687,161796,1,same_skill,340.0
161687,161834,1,same_skill,340.0
161687,188608,16,sequence,
161687,49682,13,sequence,
161687,86883,14,sequence,
161687,88288,13,sequence,
161688,161690,50,sequence,
161688,161695,39,sequence,
161688,161702,1,same_skill,340.0
161688,161729,1,same_skill,340.0
161688,161751,1,same_skill,340.0
161688,161796,1,same_skill,340.0
161688,161803,1,same_skill,340.0
161688,161834,1,same_skill,340.0
161690,161695,176,same_skill+sequence,340.0
161690,161751,12,sequence,
161690,161796,1,same_skill,340.0
161695,161702,157,sequence,
161695,161751,1,same_skill,340.0
161695,161796,1,same_skill,340.0
161702,161713,160,sequence,
161702,161729,1,same_skill,340.0
161702,161751,1,same_skill,340.0
161702,161803,1,same_skill,340.0
161702,161821,1,same_skill,340.0
161702,161834,1,same_skill,340.0
161702,187214,1,same_skill,340.0
161707,187119,1,same_skill,340.0
161707,187135,1,same_skill,340.0
161707,187148,1,same_skill,340.0
161707,187166,1,same_skill,340.0
161707,187183,1,same_skill,340.0
161707,187211,1,same_skill,340.0
161707,187238,1,same_skill,340.0
161707,189366,128,sequence,
161707,338861,60,sequence,
161707,93821,19,sequence,
161713,161729,155,sequence,
161713,161803,1,same_skill,340.0
161713,161821,1,same_skill,340.0
161713,187100,1,same_skill,340.0
161713,187187,1,same_skill,340.0
161713,187214,1,same_skill,340.0
161713,187218,1,same_skill,340.0
161713,187248,1,same_skill,340.0
161729,161751,158,same_skill+sequence,340.0
161729,161796,1,same_skill,340.0
161729,161803,1,same_skill,340.0
161729,161834,1,same_skill,340.0
161751,161796,1,same_skill,340.0
161751,161803,152,sequence,
161751,161834,1,same_skill,340.0
161803,161821,152,same_skill+sequence,340.0
161803,161834,1,same_skill,340.0
161803,187214,1,same_skill,340.0
161821,161834,156,sequence,
161821,187100,1,same_skill,340.0
161821,187214,1,same_skill,340.0
161821,187218,1,same_skill,340.0
161821,187248,1,same_skill,340.0
161834,187214,1,same_skill,340.0
161834,248603,108,sequence,
161834,248605,16,sequence,
161834,85019,15,sequence,
163346,163460,1,same_skill,312.0
163346,335305,18,sequence,
163346,335404,21,sequence,
163346,403733,16,sequence,
163346,408546,1,same_skill,312.0
163346,408750,20,sequence,
163346,409181,21,sequence,
163346,409613,14,sequence,
163346,50985,15,sequence,
163346,53833,16,sequence,
163346,54340,22,sequence,
163346,81116,1,same_skill,312.0
163346,84889,18,sequence,
163346,87024,10,sequence,
163346,87025,19,sequence,
163346,87473,22,sequence,
163346,88292,13,sequence,
163346,88498,17,sequence,
163346,94843,21,sequence,
163346,97547,12,sequence,
163460,163498,13,sequence,
163460,163501,17,sequence,
163460,163525,12,sequence,
163460,167292,33,sequence,
163460,219323,31,sequence,
163460,408546,1,same_skill,312.0
163460,423000,43,sequence,
163460,50989,11,sequence,
163460,81116,1,same_skill,312.0
163477,163484,45,sequence,
163477,163498,11,sequence,
163477,163501,11,sequence,
163477,163525,13,sequence,
163477,190283,19,sequence,
163484,163498,54,sequence,
163498,163501,51,same_skill+sequence,312.0
163501,190279,15,sequence,
163525,167296,10,sequence,
1639,178,13,sequence,
1639,190279,1,same_skill,81.0
1639,190280,1,same_skill,81.0
1639,190283,1,same_skill,81.0
1639,37149,16,sequence,
1639,37647,32,sequence,
1639,45453,76,sequence,
1639,87168,1,same_skill,81.0
1639,87295,56,sequence,
1644,178,19,sequence,
1644,210599,1,same_skill,79.0
1644,210665,1,same_skill,79.0
1644,2209,14,sequence,
1644,283721,1,same_skill,79.0
1644,283753,1,same_skill,79.0
1644,30174,28,sequence,
1644,30325,57,sequence,
1644,435884,1,same_skill,79.0
1644,84912,255,sequence,
1644,86582,1,same_skill,79.0
1644,87264,1,same_skill,79.0
1644,894,45,sequence,
167292,167295,1,same_skill,322.0
167292,167296,1,same_skill,322.0
167292,167317,1,same_skill,322.0
167292,167321,10,sequence,
167292,167374,1,same_skill,322.0
167292,423000,36,sequence,
167292,94589,14,sequence,
167292,98874,13,sequence,
167293,167297,1,same_skill,322.0
167293,167307,1,same_skill,322.0
167293,167308,1,same_skill,322.0
167293,167313,1,same_skill,322.0
167293,167318,1,same_skill,322.0
167293,167348,1,same_skill,322.0
167293,167357,1,same_skill,322.0
167293,167364,1,same_skill,322.0
167293,167370,11,sequence,
167293,167374,10,sequence,
167295,167296,1,same_skill,322.0
167295,167301,1,same_skill,322.0
167295,167316,11,sequence,
167295,167317,1,same_skill,322.0
167295,167370,1,same_skill,322.0
167295,167374,1,same_skill,322.0
167296,167301,1,same_skill,322.0
167296,167317,1,same_skill,322.0
167296,167374,1,same_skill,322.0
167297,167300,1,same_skill,322.0
167297,167304,1,same_skill,322.0
167297,167307,1,same_skill,322.0
167297,167308,1,same_skill,322.0
167297,167318,11,same_skill+sequence,322.0
167297,167323,1,same_skill,322.0
167297,167350,10,sequence,
167297,167357,1,same_skill,322.0
167298,167304,10,sequence,
167298,167305,1,same_skill,322.0
167298,167317,12,sequence,
167298,167320,1,same_skill,322.0
167298,167333,1,same_skill,322.0
167298,167354,1,same_skill,322.0
167298,167356,1,same_skill,322.0
167298,167358,1,same_skill,322.0
167298,167360,1,same_skill,322.0
167298,167368,1,same_skill,322.0
167299,167300,1,same_skill,322.0
167299,167304,1,same_skill,322.0
167299,167317,11,sequence,
167299,167322,1,same_skill,322.0
167299,167323,1,same_skill,322.0
167299,167345,1,same_skill,322.0
167299,167359,1,same_skill,322.0
167299,167362,1,same_skill,322.0
167299,167377,1,same_skill,322.0
167300,167304,1,same_skill,322.0
167300,167316,10,sequence,
167300,167322,1,same_skill,322.0
167300,167323,1,same_skill,322.0
167300,167345,1,same_skill,322.0
167300,167357,1,same_skill,322.0
167300,167359,10,sequence,
167300,167377,1,same_skill,322.0
167301,167317,1,same_skill,322.0
167301,167321,1,same_skill,322.0
167301,167350,1,same_skill,322.0
167301,167370,1,same_skill,322.0
167301,167374,1,same_skill,322.0
167301,167375,1,same_skill,322.0
167302,167321,11,sequence,
167302,167325,1,same_skill,322.0
167302,167326,1,same_skill,322.0
167302,167337,1,same_skill,322.0
167302,167355,1,same_skill,322.0
167302,167361,1,same_skill,322.0
167302,167363,1,same_skill,322.0
167302,167365,1,same_skill,322.0
167302,167375,1,same_skill,322.0
167304,167318,1,same_skill,322.0
167304,167322,1,same_skill,322.0
167304,167323,1,same_skill,322.0
167304,167357,1,same_skill,322.0
167304,167377,1,same_skill,322.0
167305,167315,1,same_skill,322.0
167305,167320,1,same_skill,322.0
167305,167333,1,same_skill,322.0
167305,167358,1,same_skill,322.0
167305,167360,1,same_skill,322.0
167305,167368,1,same_skill,322.0
167305,167373,10,sequence,
167305,167378,1,same_skill,322.0
167307,167308,1,same_skill,322.0
167307,167313,1,same_skill,322.0
167307,167318,1,same_skill,322.0
167307,167323,10,sequence,
167307,167346,1,same_skill,322.0
167307,167348,1,same_skill,322.0
167307,167364,1,same_skill,322.0
167308,167313,1,same_skill,322.0
167308,167318,1,same_skill,322.0
167308,167323,1,same_skill,322.0
167308,167333,11,sequence,
167308,167357,1,same_skill,322.0
167308,167364,1,same_skill,322.0
167313,167318,1,same_skill,322.0
167313,167337,10,sequence,
167313,167346,1,same_skill,322.0
167313,167348,1,same_skill,322.0
167313,167364,1,same_skill,322.0
167313,167373,1,same_skill,322.0
167315,167328,1,same_skill,322.0
167315,167344,1,same_skill,322.0
167315,167358,1,same_skill,322.0
167315,167368,1,same_skill,322.0
167315,167369,1,same_skill,322.0
167315,167378,1,same_skill,322.0
167315,167380,1,same_skill,322.0
167316,167335,1,same_skill,322.0
167316,167338,1,same_skill,322.0
167316,167346,1,same_skill,322.0
167316,167348,1,same_skill,322.0
167316,167367,1,same_skill,322.0
167316,167372,1,same_skill,322.0
167316,167373,1,same_skill,322.0
167316,167379,1,same_skill,322.0
167317,167321,1,same_skill,322.0
167317,167350,1,same_skill,322.0
167317,167370,1,same_skill,322.0
167317,167374,1,same_skill,322.0
167317,167375,10,sequence,
167318,167323,1,same_skill,322.0
167318,167357,1,same_skill,322.0
167319,167335,1,same_skill,322.0
167319,167338,1,same_skill,322.0
167319,167367,1,same_skill,322.0
167319,167372,1,same_skill,322.0
167320,167326,13,sequence,
167320,167332,1,same_skill,322.0
167320,167333,1,same_skill,322.0
167320,167354,1,same_skill,322.0
167320,167356,1,same_skill,322.0
167320,167360,1,same_skill,322.0
167320,167362,1,same_skill,322.0
167321,167325,1,same_skill,322.0
167321,167326,1,same_skill,322.0
167321,167350,1,same_skill,322.0
167321,167365,1,same_skill,322.0
167321,167370,1,same_skill,322.0
167321,167375,1,same_skill,322.0
167322,167323,1,same_skill,322.0
167322,167345,1,same_skill,322.0
167322,167357,1,same_skill,322.0
167322,167359,1,same_skill,322.0
167322,167377,1,same_skill,322.0
167323,167357,1,same_skill,322.0
167324,167325,11,sequence,
167324,167328,1,same_skill,322.0
167324,167337,1,same_skill,322.0
167324,167353,1,same_skill,322.0
167324,167355,1,same_skill,322.0
167324,167361,1,same_skill,322.0
167324,167363,1,same_skill,322.0
167324,167369,1,same_skill,322.0
167324,167380,13,same_skill+sequence,322.0
167325,167326,1,same_skill,322.0
167325,167350,1,same_skill,322.0
167325,167354,10,sequence,
167325,167355,1,same_skill,322.0
167325,167363,1,same_skill,322.0
167325,167365,1,same_skill,322.0
167325,167375,1,same_skill,322.0
167326,167350,1,same_skill,322.0
167326,167363,1,same_skill,322.0
167326,167365,1,same_skill,322.0
167326,167370,1,same_skill,322.0
167326,167375,1,same_skill,322.0
167326,167380,10,sequence,
167328,167344,1,same_skill,322.0
167328,167348,10,sequence,
167328,167353,1,same_skill,322.0
167328,167362,12,sequence,
167328,167367,10,sequence,
167328,167368,1,same_skill,322.0
167328,167369,1,same_skill,322.0
167328,167378,1,same_skill,322.0
167328,167380,1,same_skill,322.0
167332,167333,1,same_skill,322.0
167332,167345,1,same_skill,322.0
167332,167354,1,same_skill,322.0
167332,167356,1,same_skill,322.0
167332,167359,1,same_skill,322.0
167332,167362,1,same_skill,322.0
167332,167377,1,same_skill,322.0
167333,167354,1,same_skill,322.0
167333,167356,1,same_skill,322.0
167333,167358,1,same_skill,322.0
167333,167360,1,same_skill,322.0
167335,167338,1,same_skill,322.0
167335,167355,10,sequence,
167335,167367,1,same_skill,322.0
167335,167372,1,same_skill,322.0
167335,167379,1,same_skill,322.0
167337,167353,1,same_skill,322.0
167337,167355,1,same_skill,322.0
167337,167361,1,same_skill,322.0
167337,167363,1,same_skill,322.0
167337,167365,1,same_skill,322.0
167337,167380,1,same_skill,322.0
167338,167367,1,same_skill,322.0
167338,167372,1,same_skill,322.0
167338,167373,1,same_skill,322.0
167338,167379,1,same_skill,322.0
167344,167353,1,same_skill,322.0
167344,167358,1,same_skill,322.0
167344,167368,1,same_skill,322.0
167344,167369,1,same_skill,322.0
167344,167378,1,same_skill,322.0
167344,167380,1,same_skill,322.0
167345,167356,1,same_skill,322.0
167345,167359,1,same_skill,322.0
167345,167362,1,same_skill,322.0
167345,167377,1,same_skill,322.0
167346,167348,1,same_skill,322.0
167346,167364,1,same_skill,322.0
167346,167372,1,same_skill,322.0
167346,167373,1,same_skill,322.0
167346,167379,1,same_skill,322.0
167348,167350,12,sequence,
167348,167364,1,same_skill,322.0
167348,167373,1,same_skill,322.0
167348,167379,1,same_skill,322.0
167350,167370,1,same_skill,322.0
167350,167374,1,same_skill,322.0
167350,167375,1,same_skill,322.0
167353,167355,11,same_skill+sequence,322.0
167353,167361,1,same_skill,322.0
167353,167369,1,same_skill,322.0
167353,167380,1,same_skill,322.0
167354,167356,1,same_skill,322.0
167354,167359,11,same_skill+sequence,322.0
167354,167360,1,same_skill,322.0
167354,167362,1,same_skill,322.0
167355,167361,1,same_skill,322.0
167355,167363,1,same_skill,322.0
167355,167365,1,same_skill,322.0
167356,167359,1,same_skill,322.0
167356,167362,1,same_skill,322.0
167356,167380,10,sequence,
167357,167368,11,sequence,
167358,167360,1,same_skill,322.0
167358,167361,11,sequence,
167358,167368,1,same_skill,322.0
167358,167378,1,same_skill,322.0
167359,167362,1,same_skill,322.0
167359,167377,1,same_skill,322.0
167360,167368,1,same_skill,322.0
167360,167378,1,same_skill,322.0
167361,167363,1,same_skill,322.0
167361,167367,10,sequence,
167361,167369,1,same_skill,322.0
167361,167380,1,same_skill,322.0
167362,167368,10,sequence,
167362,167377,1,same_skill,322.0
167363,167365,1,same_skill,322.0
167363,167372,11,sequence,
167363,167374,10,sequence,
167364,167373,1,same_skill,322.0
167364,167379,1,same_skill,322.0
167365,167375,1,same_skill,322.0
167367,167372,1,same_skill,322.0
167368,167378,1,same_skill,322.0
167369,167377,10,sequence,
167369,167378,1,same_skill,322.0
167369,167380,1,same_skill,322.0
167370,167374,1,same_skill,322.0
167370,167375,1,same_skill,322.0
167372,167373,1,same_skill,322.0
167372,167379,1,same_skill,322.0
167373,167379,1,same_skill,322.0
169850,170597,75,sequence,
169850,172535,1,same_skill,298.0
169850,172547,1,same_skill,298.0
169850,172557,51,sequence,
169850,172566,1,same_skill,298.0
169850,208508,46,sequence,
169850,620386,1,same_skill,298.0
169850,86240,11,sequence,
170597,620387,1,same_skill,39.0
170597,75178,15,sequence,
170597,75525,15,sequence,
170597,88100,13,sequence,
170597,93929,21,sequence,
170837,53263,21,sequence,
170837,75279,21,sequence,
170837,75295,50,sequence,
170837,75525,46,sequence,
170837,86240,17,sequence,
170837,86457,21,sequence,
170837,86583,15,sequence,
170837,93046,24,sequence,
171224,208506,124,sequence,
171224,208508,13,sequence,
171224,274367,21,sequence,
171224,318085,164,sequence,
171224,441858,25,sequence,
171224,444200,133,sequence,
171224,483331,137,sequence,
171224,568932,19,sequence,
171224,610357,16,sequence,
171224,637267,62,same_skill+sequence,295.0
171224,637273,1,same_skill,295.0
171224,637274,1,same_skill,295.0
172535,172547,1,same_skill,298.0
172535,172557,1,same_skill,298.0
172535,172566,175,same_skill+sequence,298.0
172535,620386,1,same_skill,298.0
172535,86582,160,sequence,
172547,172557,163,same_skill+sequence,298.0
172547,172566,1,same_skill,298.0
172547,173274,166,sequence,
172547,274367,1,same_skill,298.0
172547,441858,1,same_skill,298.0
172547,620386,1,same_skill,298.0
172557,172566,1,same_skill,298.0
172557,208508,48,same_skill+sequence,298.0
172557,274367,1,same_skill,298.0
172557,441858,1,same_skill,298.0
172557,620386,1,same_skill,298.0
172557,84632,13,sequence,
172557,89734,127,sequence,
172557,98655,12,sequence,
172566,441858,1,same_skill,298.0
172566,620386,1,same_skill,298.0
172566,66602,169,sequence,
173274,173317,176,same_skill+sequence,296.0
173274,620383,1,same_skill,296.0
173274,637268,1,same_skill,296.0
173274,637276,1,same_skill,296.0
173274,637277,1,same_skill,296.0
173317,620383,1,same_skill,296.0
173317,637276,1,same_skill,296.0
173317,637277,1,same_skill,296.0
173317,75444,170,sequence,
178,2209,32,sequence,
178,2229,13,sequence,
178,282592,18,sequence,
178,283233,10,sequence,
178,283249,13,sequence,
178,342,20,sequence,
178,37154,46,sequence,
178,4003,14,sequence,
178,4080,24,sequence,
178,409,20,sequence,
178,41,13,sequence,
178,455,1,same_skill,5.0
178,482,45,sequence,
178,525,1,same_skill,5.0
178,839,16,sequence,
178,849,130,sequence,
178,894,23,sequence,
178,89641,23,sequence,
178,98874,15,sequence,
178251,189208,1,same_skill,277.0
178251,189215,1,same_skill,277.0
178251,189243,1,same_skill,277.0
178251,189261,1,same_skill,277.0
178251,204157,1,same_skill,277.0
178251,53926,1,same_skill,277.0
178251,53932,1,same_skill,277.0
185878,185879,334,same_skill+sequence,75.0
185878,185882,1,same_skill,75.0
185878,2209,1,same_skill,75.0
185878,36899,164,sequence,
185878,41,1,same_skill,75.0
185878,435859,1,same_skill,75.0
185878,75250,164,sequence,
185878,894,1,same_skill,75.0
185878,89641,1,same_skill,75.0
185879,185882,332,same_skill+sequence,75.0
185879,2209,1,same_skill,75.0
185879,435859,1,same_skill,75.0
185879,583738,1,same_skill,75.0
185879,894,1,same_skill,75.0
185879,89641,1,same_skill,75.0
185882,210665,166,sequence,
185882,2209,1,same_skill,75.0
185882,41,1,same_skill,75.0
185882,86515,84,sequence,
185882,87246,66,sequence,
185882,894,1,same_skill,75.0
185882,89641,1,same_skill,75.0
186576,186577,21,sequence,
186576,186578,170,same_skill+sequence,280.0
186576,186637,1,same_skill,280.0
186576,188082,139,sequence,
186576,419102,1,same_skill,280.0
186576,86326,1,same_skill,280.0
186576,86332,1,same_skill,280.0
186576,86353,1,same_skill,280.0
186576,86509,1,same_skill,280.0
186576,86574,1,same_skill,280.0
186577,186578,23,sequence,
186577,186607,142,sequence,
186577,86323,1,same_skill,280.0
186577,86324,1,same_skill,280.0
186577,86329,1,same_skill,280.0
186577,86342,1,same_skill,280.0
186577,86344,1,same_skill,280.0
186577,86537,1,same_skill,280.0
186577,86539,1,same_skill,280.0
186577,86726,1,same_skill,280.0
186578,186606,172,same_skill+sequence,280.0
186578,186607,1,same_skill,280.0
186578,186635,24,sequence,
186578,186637,1,same_skill,280.0
186578,188082,11,sequence,
186578,419102,1,same_skill,280.0
186578,86450,1,same_skill,280.0
186578,86509,1,same_skill,280.0
186578,86574,1,same_skill,280.0
186606,186607,30,same_skill+sequence,280.0
186606,186637,164,sequence,
186606,419102,1,same_skill,280.0
186606,86450,1,same_skill,280.0
186606,86509,1,same_skill,280.0
186606,86547,1,same_skill,280.0
186606,86574,1,same_skill,280.0
186606,86575,1,same_skill,280.0
186607,186612,32,sequence,
186607,419102,1,same_skill,280.0
186607,86450,1,same_skill,280.0
186607,86509,1,same_skill,280.0
186607,86547,1,same_skill,280.0
186607,86548,1,same_skill,280.0
186607,86575,1,same_skill,280.0
186607,86774,166,sequence,
186612,335310,64,sequence,
186612,86576,1,same_skill,280.0
186612,86609,1,same_skill,280.0
186612,86664,1,same_skill,280.0
186612,86746,1,same_skill,280.0
186612,87120,43,sequence,
186635,186669,252,sequence,
186635,210590,166,sequence,
186635,211483,22,sequence,
186635,30298,20,sequence,
186635,409181,1,same_skill,280.0
186635,86327,1,same_skill,280.0
186635,86345,1,same_skill,280.0
186635,86454,1,same_skill,280.0
186635,86515,1,same_skill,280.0
186635,86668,1,same_skill,280.0
186635,87042,77,sequence,
186635,87246,47,sequence,
186637,419102,1,same_skill,280.0
186637,86326,1,same_skill,280.0
186637,86332,1,same_skill,280.0
186637,86353,1,same_skill,280.0
186637,86534,1,same_skill,280.0
186637,86574,1,same_skill,280.0
186637,86773,165,sequence,
186669,86311,1,same_skill,280.0
186669,86313,1,same_skill,280.0
186669,86327,1,same_skill,280.0
186669,86345,1,same_skill,280.0
186669,86355,1,same_skill,280.0
186669,86454,1,same_skill,280.0
186669,86515,256,sequence,
186669,86549,1,same_skill,280.0
186669,86668,1,same_skill,280.0
187100,187135,13,sequence,
187100,187148,14,same_skill+sequence,340.0
187100,187183,10,sequence,
187100,187187,1,same_skill,340.0
187100,187211,10,sequence,
187100,187214,12,same_skill+sequence,340.0
187100,187218,12,same_skill+sequence,340.0
187100,187238,15,same_skill+sequence,340.0
187100,187248,11,same_skill+sequence,340.0
187119,187135,1,same_skill,340.0
187119,187166,13,sequence,
187119,187183,1,same_skill,340.0
187119,187211,12,same_skill+sequence,340.0
187119,187214,13,sequence,
187119,187218,12,sequence,
187119,187248,14,sequence,
187135,187148,1,same_skill,340.0
187135,187166,12,same_skill+sequence,340.0
187135,187183,1,same_skill,340.0
187135,187211,13,same_skill+sequence,340.0
187135,187214,11,sequence,
187148,187166,1,same_skill,340.0
187148,187187,1,same_skill,340.0
187148,187211,1,same_skill,340.0
187148,187214,10,sequence,
187148,187218,1,same_skill,340.0
187148,187238,20,same_skill+sequence,340.0
187166,187183,1,same_skill,340.0
187166,187187,1,same_skill,340.0
187166,187211,1,same_skill,340.0
187166,187218,1,same_skill,340.0
187166,187238,12,same_skill+sequence,340.0
187183,187211,1,same_skill,340.0
187183,187214,10,sequence,
187187,187211,11,same_skill+sequence,340.0
187187,187218,14,same_skill+sequence,340.0
187187,187238,1,same_skill,340.0
187187,187248,12,same_skill+sequence,340.0
187211,187218,10,sequence,
187211,187238,1,same_skill,340.0
187214,187238,10,sequence,
187214,187248,12,same_skill+sequence,340.0
187218,187238,13,same_skill+sequence,340.0
187218,187248,1,same_skill,340.0
187238,187248,15,same_skill+sequence,340.0
187616,187617,179,sequence,
187616,187664,1,same_skill,278.0
187616,188112,175,sequence,
187616,335313,1,same_skill,278.0
187616,335315,1,same_skill,278.0
187616,335347,1,same_skill,278.0
187616,335367,1,same_skill,278.0
187616,335393,1,same_skill,278.0
187616,814,1,same_skill,278.0
187617,187665,182,sequence,
187617,335319,1,same_skill,278.0
187617,335333,1,same_skill,278.0
187617,335339,1,same_skill,278.0
187617,335344,1,same_skill,278.0
187617,335348,1,same_skill,278.0
187617,335360,1,same_skill,278.0
187617,335394,1,same_skill,278.0
187617,335400,1,same_skill,278.0
187664,187665,173,sequence,
187664,335315,1,same_skill,278.0
187664,335347,1,same_skill,278.0
187664,814,1,same_skill,278.0
187665,335308,1,same_skill,278.0
187665,335316,1,same_skill,278.0
187665,335342,1,same_skill,278.0
187665,335374,1,same_skill,278.0
187665,335375,1,same_skill,278.0
187665,335391,1,same_skill,278.0
187665,335395,1,same_skill,278.0
187665,335396,1,same_skill,278.0
188079,188082,174,sequence,
188079,188113,173,same_skill+sequence,276.0
188079,335437,1,same_skill,276.0
188079,335460,1,same_skill,276.0
188079,335479,1,same_skill,276.0
188079,335489,1,same_skill,276.0
188079,335491,1,same_skill,276.0
188079,335495,1,same_skill,276.0
188079,335501,1,same_skill,276.0
188082,188112,1,same_skill,276.0
188082,335441,1,same_skill,276.0
188082,335443,1,same_skill,276.0
188082,335468,1,same_skill,276.0
188082,335481,1,same_skill,276.0
188082,335500,1,same_skill,276.0
188082,335502,1,same_skill,276.0
188082,335503,1,same_skill,276.0
188112,188113,179,sequence,
188112,335441,1,same_skill,276.0
188112,335443,1,same_skill,276.0
188112,335481,1,same_skill,276.0
188112,335493,1,same_skill,276.0
188112,335500,1,same_skill,276.0
188112,335502,1,same_skill,276.0
188112,335503,1,same_skill,276.0
188113,335437,1,same_skill,276.0
188113,335460,1,same_skill,276.0
188113,335464,1,same_skill,276.0
188113,335482,1,same_skill,276.0
188113,335485,1,same_skill,276.0
188113,335495,1,same_skill,276.0
188113,36912,1,same_skill,276.0
188608,188647,1,same_skill,86.0
188608,4003,1,same_skill,86.0
188608,403760,1,same_skill,86.0
188608,4080,1,same_skill,86.0
188608,87079,11,sequence,
188608,88544,10,sequence,
188608,93937,10,sequence,
188608,94855,10,sequence,
188608,98538,1,same_skill,86.0
188647,188885,183,sequence,
188647,334756,177,sequence,
188647,4003,1,same_skill,86.0
188647,403733,1,same_skill,86.0
188647,4080,1,same_skill,86.0
188647,88200,1,same_skill,86.0
188647,88207,1,same_skill,86.0
188647,88248,1,same_skill,86.0
188647,98538,1,same_skill,86.0
188849,188869,57,sequence,
188849,188885,33,same_skill+sequence,82.0
188849,220704,155,same_skill+sequence,82.0
188849,220753,24,same_skill+sequence,82.0
188849,2229,1,same_skill,82.0
188849,335305,32,sequence,
188849,51108,85,sequence,
188849,51111,96,sequence,
188849,53002,31,sequence,
188849,86172,18,sequence,
188869,188885,1,same_skill,82.0
188869,220704,164,same_skill+sequence,82.0
188869,220753,1,same_skill,82.0
188869,839,1,same_skill,82.0
188885,220704,1,same_skill,82.0
188885,220753,165,same_skill+sequence,82.0
188885,2229,1,same_skill,82.0
188885,839,1,same_skill,82.0
189165,189166,1,same_skill,277.0
189165,189285,42,sequence,
189165,232176,46,sequence,
189165,36899,1,same_skill,277.0
189165,408546,39,sequence,
189165,53835,1,same_skill,277.0
189165,87263,51,sequence,
189165,89721,1,same_skill,277.0
189165,89724,1,same_skill,277.0
189165,89730,1,same_skill,277.0
189165,89748,1,same_skill,277.0
189165,89753,1,same_skill,277.0
189165,90562,37,sequence,
189165,90966,45,sequence,
189165,97639,43,sequence,
189166,189195,22,same_skill+sequence,277.0
189166,189257,68,same_skill+sequence,277.0
189166,36899,1,same_skill,277.0
189166,53835,1,same_skill,277.0
189166,53843,1,same_skill,277.0
189166,53895,37,sequence,
189166,53929,30,sequence,
189166,53934,1,same_skill,277.0
189166,53957,20,sequence,
189166,84900,29,sequence,
189166,87264,17,sequence,
189166,89705,31,sequence,
189166,89721,1,same_skill,277.0
189166,89731,19,sequence,
189166,89734,25,sequence,
189166,89738,15,sequence,
189166,89746,22,sequence,
189166,89758,24,sequence,
189166,90967,14,sequence,
189170,189180,40,sequence,
189170,189197,43,sequence,
189170,189210,37,sequence,
189170,189236,31,sequence,
189170,189245,38,sequence,
189170,189261,15,sequence,
189170,189276,37,sequence,
189170,53864,1,same_skill,277.0
189170,53907,15,sequence,
189170,53953,19,sequence,
189170,85901,14,sequence,
189170,89741,29,sequence,
189170,89758,42,sequence,
189170,89824,1,same_skill,277.0
189170,89886,1,same_skill,277.0
189170,89938,1,same_skill,277.0
189170,89945,1,same_skill,277.0
189170,89948,1,same_skill,277.0
189170,89952,1,same_skill,277.0
189170,89966,1,same_skill,277.0
189180,189197,32,sequence,
189180,189210,33,sequence,
189180,189236,36,sequence,
189180,189276,37,sequence,
189180,53863,1,same_skill,277.0
189180,53865,1,same_skill,277.0
189180,53878,1,same_skill,277.0
189180,53904,1,same_skill,277.0
189180,53912,1,same_skill,277.0
189180,53963,1,same_skill,277.0
189180,89741,37,sequence,
189180,89897,1,same_skill,277.0
189180,89899,1,same_skill,277.0
189195,189257,72,same_skill+sequence,277.0
189195,36899,1,same_skill,277.0
189195,53835,1,same_skill,277.0
189195,53843,1,same_skill,277.0
189195,53895,75,sequence,
189195,53907,1,same_skill,277.0
189195,53929,22,sequence,
189195,53934,1,same_skill,277.0
189195,53957,30,sequence,
189195,84900,23,sequence,
189195,89705,25,sequence,
189195,89721,1,same_skill,277.0
189195,89731,20,sequence,
189195,89734,16,sequence,
189195,89738,26,sequence,
189195,89746,30,sequence,
189195,89758,29,sequence,
189197,189210,52,sequence,
189197,189236,37,sequence,
189197,189276,49,same_skill+sequence,277.0
189197,53847,1,same_skill,277.0
189197,53874,1,same_skill,277.0
189197,53923,1,same_skill,277.0
189197,89741,26,sequence,
189197,89881,1,same_skill,277.0
189197,89898,1,same_skill,277.0
189197,89923,1,same_skill,277.0
189197,89969,1,same_skill,277.0
189208,189215,1,same_skill,277.0
189208,189218,81,sequence,
189208,189243,77,sequence,
189208,189261,1,same_skill,277.0
189208,53872,1,same_skill,277.0
189208,53911,1,same_skill,277.0
189208,53925,1,same_skill,277.0
189208,53932,1,same_skill,277.0
189208,53941,1,same_skill,277.0
189210,189215,21,sequence,
189210,189236,35,sequence,
189210,189245,12,sequence,
189210,189276,34,sequence,
189210,189378,26,sequence,
189210,37084,1,same_skill,277.0
189210,53849,1,same_skill,277.0
189210,53864,1,same_skill,277.0
189210,53953,1,same_skill,277.0
189210,85901,10,sequence,
189210,85902,12,sequence,
189210,89741,33,sequence,
189210,89888,1,same_skill,277.0
189210,89938,1,same_skill,277.0
189210,89948,1,same_skill,277.0
189210,89966,1,same_skill,277.0
189215,189218,76,sequence,
189215,189261,1,same_skill,277.0
189215,204157,1,same_skill,277.0
189215,53925,1,same_skill,277.0
189215,53932,1,same_skill,277.0
189215,53933,10,sequence,
189215,53941,1,same_skill,277.0
189218,189243,1,same_skill,277.0
189218,204157,1,same_skill,277.0
189218,338321,1,same_skill,277.0
189218,342821,1,same_skill,277.0
189218,39463,1,same_skill,277.0
189218,53926,1,same_skill,277.0
189236,189276,35,sequence,
189236,53871,1,same_skill,277.0
189236,53880,1,same_skill,277.0
189236,53906,1,same_skill,277.0
189236,53924,1,same_skill,277.0
189236,53937,1,same_skill,277.0
189236,53965,1,same_skill,277.0
189236,53968,1,same_skill,277.0
189236,53976,1,same_skill,277.0
189236,85902,12,sequence,
189236,89741,38,sequence,
189243,189245,76,sequence,
189243,204157,1,same_skill,277.0
189243,338321,1,same_skill,277.0
189243,39463,1,same_skill,277.0
189243,53926,1,same_skill,277.0
189245,189261,47,sequence,
189245,53876,1,same_skill,277.0
189245,53907,15,sequence,
189245,53953,14,sequence,
189245,53954,1,same_skill,277.0
189245,84889,15,sequence,
189245,89758,10,sequence,
189245,89855,1,same_skill,277.0
189245,89862,1,same_skill,277.0
189245,89896,1,same_skill,277.0
189245,89916,1,same_skill,277.0
189245,89936,1,same_skill,277.0
189245,89937,1,same_skill,277.0
189257,36899,1,same_skill,277.0
189257,53843,1,same_skill,277.0
189257,53849,1,same_skill,277.0
189257,53895,24,sequence,
189257,53907,1,same_skill,277.0
189257,53929,19,sequence,
189257,53934,1,same_skill,277.0
189257,53957,31,sequence,
189257,84900,24,sequence,
189257,89705,16,sequence,
189257,89731,35,sequence,
189257,89734,30,sequence,
189257,89738,26,sequence,
189257,89746,17,sequence,
189257,89758,27,sequence,
189257,89884,1,same_skill,277.0
189261,204157,1,same_skill,277.0
189261,53907,35,sequence,
189261,53926,1,same_skill,277.0
189261,53932,1,same_skill,277.0
189261,53941,1,same_skill,277.0
189261,53953,19,sequence,
189261,89758,19,sequence,
189276,53847,1,same_skill,277.0
189276,53874,1,same_skill,277.0
189276,53923,1,same_skill,277.0
189276,53942,1,same_skill,277.0
189276,89741,36,sequence,
189276,89828,1,same_skill,277.0
189276,89898,1,same_skill,277.0
189276,89928,1,same_skill,277.0
189285,189366,1,same_skill,279.0
189285,189423,1,same_skill,279.0
189285,189459,1,same_skill,279.0
189285,189468,1,same_skill,279.0
189285,189489,1,same_skill,279.0
189285,232176,50,sequence,
189285,408546,35,sequence,
189285,87263,40,sequence,
189285,90562,44,sequence,
189285,90966,45,sequence,
189285,94819,1,same_skill,279.0
189285,94824,1,same_skill,279.0
189285,94837,1,same_skill,279.0
189285,97639,39,sequence,
189360,189366,130,sequence,
189360,54184,1,same_skill,279.0
189360,54202,1,same_skill,279.0
189360,54238,1,same_skill,279.0
189360,54265,1,same_skill,279.0
189360,89995,1,same_skill,279.0
189360,90064,1,same_skill,279.0
189360,90139,1,same_skill,279.0
189360,90152,1,same_skill,279.0
189366,189369,28,sequence,
189366,189372,28,sequence,
189366,189378,33,sequence,
189366,189411,36,sequence,
189366,189423,27,same_skill+sequence,279.0
189366,189459,109,same_skill+sequence,279.0
189366,189468,28,sequence,
189366,189477,18,sequence,
189366,189483,31,sequence,
189366,189489,38,same_skill+sequence,279.0
189366,189495,30,sequence,
189366,189504,35,sequence,
189366,189507,29,sequence,
189366,53902,62,sequence,
189366,94819,1,same_skill,279.0
189366,94824,1,same_skill,279.0
189366,94832,1,same_skill,279.0
189366,94837,1,same_skill,279.0
189369,189372,34,same_skill+sequence,279.0
189369,189378,32,sequence,
189369,189411,28,same_skill+sequence,279.0
189369,189423,33,sequence,
189369,189459,32,sequence,
189369,189468,28,sequence,
189369,189477,38,same_skill+sequence,279.0
189369,189483,27,same_skill+sequence,279.0
189369,189489,45,sequence,
189369,189495,26,same_skill+sequence,279.0
189369,189504,28,same_skill+sequence,279.0
189369,189507,25,sequence,
189369,54367,1,same_skill,279.0
189369,54406,1,same_skill,279.0
189372,189378,32,sequence,
189372,189411,18,sequence,
189372,189423,31,sequence,
189372,189459,32,sequence,
189372,189468,21,sequence,
189372,189477,28,same_skill+sequence,279.0
189372,189483,34,same_skill+sequence,279.0
189372,189489,30,sequence,
189372,189495,33,sequence,
189372,189504,33,sequence,
189372,189507,33,sequence,
189372,54178,1,same_skill,279.0
189372,54352,1,same_skill,279.0
189372,54367,1,same_skill,279.0
189372,54406,1,same_skill,279.0
189372,54430,1,same_skill,279.0
189378,189411,42,same_skill+sequence,279.0
189378,189423,27,same_skill+sequence,279.0
189378,189459,31,same_skill+sequence,279.0
189378,189468,34,same_skill+sequence,279.0
189378,189477,26,same_skill+sequence,279.0
189378,189483,32,sequence,
189378,189489,27,same_skill+sequence,279.0
189378,189495,25,same_skill+sequence,279.0
189378,189504,30,same_skill+sequence,279.0
189378,189507,25,sequence,
189378,84889,11,sequence,
189411,189423,31,sequence,
189411,189459,36,sequence,
189411,189468,29,same_skill+sequence,279.0
189411,189477,37,same_skill+sequence,279.0
189411,189483,32,sequence,
189411,189489,28,same_skill+sequence,279.0
189411,189495,34,same_skill+sequence,279.0
189411,189504,29,same_skill+sequence,279.0
189411,189507,30,sequence,
189411,54406,1,same_skill,279.0
189423,189459,23,same_skill+sequence,279.0
189423,189468,30,same_skill+sequence,279.0
189423,189477,26,sequence,
189423,189483,28,sequence,
189423,189489,73,same_skill+sequence,279.0
189423,189495,33,sequence,
189423,189504,38,same_skill+sequence,279.0
189423,189507,30,sequence,
189423,87428,37,sequence,
189423,94819,1,same_skill,279.0
189459,189468,32,same_skill+sequence,279.0
189459,189477,37,sequence,
189459,189483,22,sequence,
189459,189489,28,same_skill+sequence,279.0
189459,189495,23,sequence,
189459,189504,30,sequence,
189459,189507,26,sequence,
189459,84889,69,sequence,
189459,87473,15,sequence,
189459,94819,1,same_skill,279.0
189459,94837,1,same_skill,279.0
189468,189477,32,sequence,
189468,189483,35,sequence,
189468,189489,27,same_skill+sequence,279.0
189468,189495,35,same_skill+sequence,279.0
189468,189504,32,same_skill+sequence,279.0
189468,189507,39,sequence,
189477,189483,32,same_skill+sequence,279.0
189477,189489,31,sequence,
189477,189495,41,same_skill+sequence,279.0
189477,189504,36,same_skill+sequence,279.0
189477,189507,25,sequence,
189477,54406,1,same_skill,279.0
189483,189489,26,sequence,
189483,189495,31,same_skill+sequence,279.0
189483,189504,34,sequence,
189483,189507,34,sequence,
189483,54352,1,same_skill,279.0
189483,54367,1,same_skill,279.0
189483,54406,1,same_skill,279.0
189483,54430,1,same_skill,279.0
189489,189495,21,sequence,
189489,189504,27,same_skill+sequence,279.0
189489,189507,25,sequence,
189489,53957,46,sequence,
189495,189504,26,same_skill+sequence,279.0
189495,189507,33,sequence,
189495,54406,1,same_skill,279.0
189504,189507,29,sequence,
189507,54169,1,same_skill,279.0
189507,54178,1,same_skill,279.0
189507,54181,1,same_skill,279.0
189507,54250,1,same_skill,279.0
189507,54352,1,same_skill,279.0
189507,54364,1,same_skill,279.0
189507,54367,1,same_skill,279.0
189507,54430,1,same_skill,279.0
190279,190280,109,same_skill+sequence,81.0
190279,190283,1,same_skill,81.0
190279,535643,1,same_skill,81.0
190279,535645,1,same_skill,81.0
190279,87168,1,same_skill,81.0
190279,87246,1,same_skill,81.0
190279,87263,15,sequence,
190279,87264,10,sequence,
190280,190283,113,same_skill+sequence,81.0
190280,535643,1,same_skill,81.0
190280,535645,1,same_skill,81.0
190280,87168,1,same_skill,81.0
190280,87263,13,sequence,
190280,87264,11,sequence,
190283,535643,1,same_skill,81.0
190283,86239,23,sequence,
190283,86345,40,sequence,
190283,87168,1,same_skill,81.0
190283,93046,19,sequence,
204157,36899,194,sequence,
204157,39463,1,same_skill,277.0
204157,53926,1,same_skill,277.0
20440,32568,97,same_skill+sequence,240.0
20440,37048,95,same_skill+sequence,240.0
208506,208508,133,sequence,
208506,211483,1,same_skill,296.0
208506,274367,99,sequence,
208506,318085,125,sequence,
208506,441858,16,sequence,
208506,444200,111,sequence,
208506,483331,94,sequence,
208506,558104,11,sequence,
208506,568932,10,sequence,
208506,610357,17,sequence,
208506,637267,37,sequence,
208506,637268,1,same_skill,296.0
208506,637269,1,same_skill,296.0
208506,637277,1,same_skill,296.0
208507,208508,40,sequence,
208507,211483,21,sequence,
208507,318085,1,same_skill,42.0
208507,336582,128,same_skill+sequence,42.0
208507,444199,33,sequence,
208507,461091,18,sequence,
208507,583731,1,same_skill,42.0
208507,610357,10,sequence,
208507,620381,1,same_skill,42.0
208507,620385,1,same_skill,42.0
208507,620388,19,sequence,
208508,211483,157,sequence,
208508,274367,285,same_skill+sequence,298.0
208508,290885,130,sequence,
208508,318085,14,sequence,
208508,441858,275,same_skill+sequence,298.0
208508,444199,34,sequence,
208508,444200,14,sequence,
208508,483331,21,sequence,
208508,584853,11,sequence,
208508,610357,229,sequence,
208508,620386,1,same_skill,298.0
208508,620388,48,sequence,
208508,98655,12,sequence,
210589,210590,180,same_skill+sequence,48.0
210589,211480,1,same_skill,48.0
210590,211480,1,same_skill,48.0
210599,210643,1,same_skill,79.0
210599,210645,175,sequence,
210599,210665,1,same_skill,79.0
210599,211509,168,sequence,
210599,86582,1,same_skill,79.0
210599,86583,1,same_skill,79.0
210599,87264,1,same_skill,79.0
210643,210645,171,same_skill+sequence,79.0
210643,210665,178,same_skill+sequence,79.0
210643,86582,1,same_skill,79.0
210643,86583,1,same_skill,79.0
210643,87264,1,same_skill,79.0
210643,87297,1,same_skill,79.0
210645,86583,1,same_skill,79.0
210645,86612,1,same_skill,79.0
210645,86704,1,same_skill,79.0
210645,87264,1,same_skill,79.0
210645,87295,1,same_skill,79.0
210645,87297,1,same_skill,79.0
210665,345040,11,sequence,
210665,435884,1,same_skill,79.0
210665,86582,1,same_skill,79.0
210665,87264,1,same_skill,79.0
211461,211463,35,sequence,
211461,211476,56,sequence,
211461,211479,34,sequence,
211461,211480,22,sequence,
211461,211481,42,sequence,
211461,211483,126,sequence,
211461,211508,24,sequence,
211461,211509,16,sequence,
211461,211510,35,sequence,
211461,211512,33,sequence,
211461,563976,1,same_skill,314.0
211461,563979,1,same_skill,314.0
211461,84891,18,sequence,
211463,211476,28,sequence,
211463,211479,32,sequence,
211463,211480,149,sequence,
211463,211481,31,sequence,
211463,211483,32,sequence,
211463,211508,16,sequence,
211463,211509,25,sequence,
211463,211510,32,sequence,
211463,211512,140,sequence,
211463,586177,1,same_skill,317.0
211463,586178,1,same_skill,317.0
211463,586179,1,same_skill,317.0
211463,586182,1,same_skill,317.0
211476,211479,100,sequence,
211476,211480,29,sequence,
211476,211481,226,sequence,
211476,211483,22,sequence,
211476,211508,31,sequence,
211476,211509,20,sequence,
211476,211510,23,sequence,
211476,211512,32,sequence,
211476,217532,1,same_skill,15.0
211476,45453,10,sequence,
211479,211480,34,sequence,
211479,211481,27,sequence,
211479,211483,30,sequence,
211479,211508,37,sequence,
211479,211509,16,sequence,
211479,211510,35,sequence,
211479,211512,18,sequence,
211479,36725,1,same_skill,106.0
211479,45453,10,sequence,
211479,991,1,same_skill,106.0
211479,997,1,same_skill,106.0
211480,211481,24,sequence,
211480,211483,20,sequence,
211480,211508,27,sequence,
211480,211509,12,sequence,
211480,211510,26,sequence,
211480,211512,28,sequence,
211480,30298,44,sequence,
211480,45453,12,sequence,
211481,211483,35,sequence,
211481,211508,166,sequence,
211481,211509,13,sequence,
211481,211510,24,sequence,
211481,211512,24,sequence,
211481,279802,1,same_skill,18.0
211481,29391,1,same_skill,18.0
211481,30342,33,sequence,
211481,435874,1,same_skill,18.0
211481,98538,20,sequence,
211481,98543,14,sequence,
211483,211508,35,sequence,
211483,211510,15,sequence,
211483,211512,28,sequence,
211483,444199,15,sequence,
211483,45453,15,sequence,
211483,620383,1,same_skill,296.0
211483,620388,18,sequence,
211483,637268,1,same_skill,296.0
211483,637269,1,same_skill,296.0
211483,637277,1,same_skill,296.0
211483,85857,25,sequence,
211483,85959,17,sequence,
211508,211509,33,sequence,
211508,211510,26,sequence,
211508,211512,35,sequence,
211508,2264,1,same_skill,12.0
211508,30729,1,same_skill,12.0
211508,45926,1,same_skill,12.0
211508,98543,1,same_skill,12.0
211509,211510,121,sequence,
211509,211512,38,sequence,
211509,84594,1,same_skill,309.0
211509,84600,1,same_skill,309.0
211509,84601,1,same_skill,309.0
211509,84604,1,same_skill,309.0
211509,84605,1,same_skill,309.0
211509,84612,1,same_skill,309.0
211509,84617,1,same_skill,309.0
211509,85118,1,same_skill,309.0
211509,88223,169,sequence,
211510,211512,140,sequence,
211510,334814,1,same_skill,47.0
211510,334882,1,same_skill,47.0
211510,84961,1,same_skill,47.0
211510,85893,1,same_skill,47.0
211510,85932,1,same_skill,47.0
211510,85953,1,same_skill,47.0
211510,86054,1,same_skill,47.0
211510,86072,1,same_skill,47.0
211510,88410,23,sequence,
211510,97776,21,sequence,
211512,30298,14,sequence,
211512,45453,11,sequence,
211512,86311,1,same_skill,280.0
211512,86313,1,same_skill,280.0
211512,86355,1,same_skill,280.0
211512,86450,1,same_skill,280.0
211512,86547,1,same_skill,280.0
211512,86548,1,same_skill,280.0
211512,86549,1,same_skill,280.0
211512,86575,1,same_skill,280.0
2149,2264,24,sequence,
2149,4507,1,same_skill,18.0
2149,4674,35,sequence,
217532,75444,127,sequence,
218653,218678,210,same_skill+sequence,61.0
218653,218714,25,same_skill+sequence,61.0
218653,8463,1,same_skill,61.0
218653,86908,105,sequence,
218653,87038,1,same_skill,61.0
218653,87041,1,same_skill,61.0
218653,87077,1,same_skill,61.0
218653,87081,1,same_skill,61.0
218653,87082,1,same_skill,61.0
218654,218706,1,same_skill,61.0
218654,248593,111,sequence,
218654,8462,1,same_skill,61.0
218654,86773,15,sequence,
218654,87029,1,same_skill,61.0
218654,87045,1,same_skill,61.0
218654,87057,1,same_skill,61.0
218654,87074,1,same_skill,61.0
218654,87120,1,same_skill,61.0
218654,87123,1,same_skill,61.0
218678,218703,1,same_skill,61.0
218678,218714,210,sequence,
218678,8462,1,same_skill,61.0
218678,87038,1,same_skill,61.0
218678,87041,1,same_skill,61.0
218678,87074,1,same_skill,61.0
218678,87081,1,same_skill,61.0
218678,87120,1,same_skill,61.0
218681,36915,12,sequence,
218681,37149,13,sequence,
218681,535641,1,same_skill,61.0
218681,53934,18,sequence,
218681,54265,12,sequence,
218681,84899,21,sequence,
218681,86454,19,sequence,
218681,86575,16,sequence,
218681,86786,15,sequence,
218681,87030,1,same_skill,61.0
218681,87067,1,same_skill,61.0
218681,87111,1,same_skill,61.0
218681,89759,13,sequence,
218703,218704,168,sequence,
218703,8462,1,same_skill,61.0
218703,86775,169,sequence,
218703,87038,1,same_skill,61.0
218703,87041,1,same_skill,61.0
218703,87074,1,same_skill,61.0
218703,87081,1,same_skill,61.0
218703,87120,1,same_skill,61.0
218703,87123,1,same_skill,61.0
218704,218705,1,same_skill,61.0
218704,53263,13,sequence,
218704,84632,110,sequence,
218704,87034,1,same_skill,61.0
218704,87044,1,same_skill,61.0
218704,87056,1,same_skill,61.0
218704,87068,1,same_skill,61.0
218704,87093,1,same_skill,61.0
218704,87110,1,same_skill,61.0
218704,87132,1,same_skill,61.0
218704,97772,17,sequence,
218705,218706,169,same_skill+sequence,61.0
218705,86774,162,sequence,
218705,87029,1,same_skill,61.0
218705,87034,1,same_skill,61.0
218705,87045,1,same_skill,61.0
218705,87056,1,same_skill,61.0
218705,87057,1,same_skill,61.0
218705,87093,1,same_skill,61.0
218706,66602,166,sequence,
218706,8462,1,same_skill,61.0
218706,87029,1,same_skill,61.0
218706,87045,1,same_skill,61.0
218706,87057,1,same_skill,61.0
218706,87120,1,same_skill,61.0
218706,87123,1,same_skill,61.0
218714,8463,1,same_skill,61.0
218714,85019,23,sequence,
218714,86773,23,sequence,
218714,87038,1,same_skill,61.0
218714,87041,1,same_skill,61.0
218714,87042,1,same_skill,61.0
218714,87077,1,same_skill,61.0
218714,87081,1,same_skill,61.0
218714,87082,1,same_skill,61.0
219323,2229,42,sequence,
220704,220753,148,same_skill+sequence,82.0
220704,2229,1,same_skill,82.0
220753,2229,1,same_skill,82.0
220753,839,1,same_skill,82.0
2209,30298,22,sequence,
2209,342,12,sequence,
2209,409,12,sequence,
2209,41,31,sequence,
2209,435859,1,same_skill,75.0
2209,482,10,sequence,
2209,50989,14,sequence,
2209,583738,1,same_skill,75.0
2209,849,68,sequence,
2209,894,81,same_skill+sequence,75.0
2229,342,13,sequence,
2229,4003,42,sequence,
2229,4080,40,sequence,
2229,4674,189,sequence,
2229,839,124,sequence,
2229,894,17,sequence,
2264,2274,54,same_skill+sequence,12.0
2264,30342,78,sequence,
2264,30729,1,same_skill,12.0
2264,45926,1,same_skill,12.0
2264,45929,1,same_skill,12.0
2264,4674,32,sequence,
2264,98543,1,same_skill,12.0
2264,98874,18,sequence,
2274,342,13,sequence,
2274,409,10,sequence,
2274,45926,1,same_skill,12.0
2274,45929,1,same_skill,12.0
2274,98543,1,same_skill,12.0
2274,98874,24,sequence,
232176,408546,38,sequence,
232176,87263,45,sequence,
232176,90562,47,sequence,
232176,90966,34,sequence,
232176,97639,41,sequence,
248593,248603,1,same_skill,338.0
248593,248605,1,same_skill,338.0
248593,248607,1,same_skill,338.0
248593,248608,1,same_skill,338.0
248593,248621,1,same_skill,338.0
248593,248623,1,same_skill,338.0
248593,86773,16,sequence,
248603,248604,32,sequence,
248603,248605,145,same_skill+sequence,338.0
248603,248607,46,same_skill+sequence,338.0
248603,248608,1,same_skill,338.0
248603,51036,20,sequence,
248604,248605,87,sequence,
248604,248608,57,sequence,
248604,248623,1,same_skill,338.0
248604,248625,1,same_skill,338.0
248604,248627,1,same_skill,338.0
248604,248631,1,same_skill,338.0
248604,535622,1,same_skill,338.0
248604,535624,1,same_skill,338.0
248604,535625,1,same_skill,338.0
248605,248607,184,same_skill+sequence,338.0
248605,248608,1,same_skill,338.0
248605,248621,1,same_skill,338.0
248605,248623,1,same_skill,338.0
248605,248625,1,same_skill,338.0
248605,93880,50,sequence,
248607,248608,193,same_skill+sequence,338.0
248607,248621,1,same_skill,338.0
248607,248623,1,same_skill,338.0
248607,248625,1,same_skill,338.0
248607,248631,1,same_skill,338.0
248608,248621,153,same_skill+sequence,338.0
248608,248627,10,sequence,
248608,583739,13,sequence,
248621,248623,160,same_skill+sequence,338.0
248621,248625,12,same_skill+sequence,338.0
248621,248627,1,same_skill,338.0
248621,248631,1,same_skill,338.0
248621,98543,11,sequence,
248623,248625,149,same_skill+sequence,338.0
248623,248627,1,same_skill,338.0
248623,248631,1,same_skill,338.0
248625,248627,145,same_skill+sequence,338.0
248625,248631,17,same_skill+sequence,338.0
248625,535622,1,same_skill,338.0
248627,248631,146,same_skill+sequence,338.0
248627,535622,1,same_skill,338.0
248627,535624,1,same_skill,338.0
248627,535625,1,same_skill,338.0
248631,535622,1,same_skill,338.0
248631,535624,1,same_skill,338.0
248631,85019,93,sequence,
253876,253976,73,same_skill+sequence,22.0
253876,254102,59,same_skill+sequence,22.0
253876,254144,76,same_skill+sequence,22.0
253876,254226,57,same_skill+sequence,22.0
253876,647436,1,same_skill,22.0
253976,254102,63,same_skill+sequence,22.0
253976,254144,66,same_skill+sequence,22.0
253976,254226,62,same_skill+sequence,22.0
253976,647436,1,same_skill,22.0
253976,647437,1,same_skill,22.0
253976,647438,1,same_skill,22.0
254102,254144,66,same_skill+sequence,22.0
254102,254226,65,same_skill+sequence,22.0
254102,647436,1,same_skill,22.0
254102,647437,1,same_skill,22.0
254102,647438,1,same_skill,22.0
254102,98655,1,same_skill,22.0
254144,254226,61,same_skill+sequence,22.0
254226,647436,1,same_skill,22.0
254226,647437,1,same_skill,22.0
2690,280794,202,sequence,
2690,33078,1,same_skill,95.0
2730,988,104,same_skill+sequence,106.0
2730,991,79,sequence,
2730,997,104,same_skill+sequence,106.0
274367,290885,54,sequence,
274367,318085,24,sequence,
274367,441858,194,same_skill+sequence,298.0
274367,444200,33,sequence,
274367,483331,31,sequence,
274367,610357,225,sequence,
274367,620386,1,same_skill,298.0
274367,620388,19,sequence,
279772,279802,430,sequence,
279772,283249,11,sequence,
279772,283486,12,sequence,
279772,283530,12,sequence,
279772,283753,240,sequence,
279772,647438,14,sequence,
279802,283486,97,sequence,
279802,29391,1,same_skill,18.0
279802,30342,1,same_skill,18.0
279802,435874,1,same_skill,18.0
280794,282496,13,sequence,
280794,283249,11,sequence,
280794,283753,35,sequence,
280794,535622,59,sequence,
280794,90562,1,same_skill,92.0
282496,282498,168,sequence,
282496,283530,17,sequence,
282496,283753,48,sequence,
282496,569652,1,same_skill,26.0
282496,569690,1,same_skill,26.0
282496,569691,1,same_skill,26.0
282498,282536,151,sequence,
282498,282592,39,sequence,
282498,558102,1,same_skill,281.0
282498,569208,1,same_skill,281.0
282498,569654,1,same_skill,281.0
282498,583733,1,same_skill,281.0
282536,282592,153,sequence,
282536,283233,15,sequence,
282536,578042,27,sequence,
282536,583726,1,same_skill,21.0
282536,583727,1,same_skill,21.0
282536,583728,1,same_skill,21.0
282536,583729,1,same_skill,21.0
282592,283233,211,sequence,
282592,283249,143,same_skill+sequence,290.0
282592,578042,10,sequence,
283233,283249,206,sequence,
283233,321853,1,same_skill,293.0
283249,283486,25,sequence,
283249,342,15,sequence,
283249,409,11,sequence,
283249,49682,16,sequence,
283326,449312,188,same_skill+sequence,301.0
283326,620388,1,same_skill,301.0
283326,75293,119,sequence,
283326,75525,35,sequence,
283326,90162,1,same_skill,301.0
283486,283530,485,sequence,
283486,283541,11,sequence,
283486,634279,1,same_skill,375.0
283486,647438,237,sequence,
283530,283541,458,sequence,
283530,37639,1,same_skill,53.0
283530,37645,1,same_skill,53.0
283541,283721,472,same_skill+sequence,79.0
283541,283753,1,same_skill,79.0
283541,435884,1,same_skill,79.0
283541,87263,1,same_skill,79.0
283721,283723,280,sequence,
283721,283753,183,same_skill+sequence,79.0
283721,435884,1,same_skill,79.0
283721,87263,1,same_skill,79.0
283723,283753,282,sequence,
283723,31881,1,same_skill,76.0
283753,435884,1,same_skill,79.0
283753,647436,28,sequence,
283753,86582,1,same_skill,79.0
283753,87263,1,same_skill,79.0
290326,33078,86,sequence,
290326,33669,14,sequence,
290326,34288,160,sequence,
290885,29397,10,sequence,
290885,336582,36,sequence,
290885,441858,67,sequence,
290885,610357,66,sequence,
290885,647436,1,same_skill,22.0
290885,647437,1,same_skill,22.0
290885,647438,1,same_skill,22.0
290885,87042,16,sequence,
290885,98655,64,same_skill+sequence,22.0
290906,33669,217,sequence,
290906,4507,232,sequence,
290906,49682,1,same_skill,323.0
290906,991,11,sequence,
29391,29397,71,sequence,
29391,30174,267,sequence,
29391,30325,12,sequence,
29391,30329,82,sequence,
29391,30342,70,same_skill+sequence,18.0
29391,30729,11,sequence,
29391,33078,85,sequence,
29391,34288,11,sequence,
29391,435874,1,same_skill,18.0
29391,86800,17,sequence,
29397,30174,202,same_skill+sequence,16.0
29397,659420,15,sequence,
29397,86800,22,sequence,
30174,30342,151,sequence,
30174,30729,255,sequence,
30174,86799,45,sequence,
30174,894,34,sequence,
30298,30325,93,sequence,
30298,30329,19,sequence,
30298,30342,253,sequence,
30298,30892,518,sequence,
30298,32009,11,sequence,
30298,409,11,sequence,
30298,449312,11,sequence,
30298,849,75,sequence,
30298,85793,18,sequence,
30298,85895,14,sequence,
30298,88198,1,same_skill,86.0
30298,88201,1,same_skill,86.0
30298,88223,1,same_skill,86.0
30325,30329,468,sequence,
30325,30332,75,sequence,
30325,30892,446,sequence,
30325,61096,255,sequence,
30325,84893,1,same_skill,277.0
30325,84903,1,same_skill,277.0
30325,85793,168,sequence,
30325,89705,1,same_skill,277.0
30325,89720,1,same_skill,277.0
30325,89732,1,same_skill,277.0
30325,89738,1,same_skill,277.0
30325,89746,1,same_skill,277.0
30325,89758,1,same_skill,277.0
30329,30332,590,sequence,
30329,30892,74,sequence,
30329,85793,1,same_skill,47.0
30329,85895,1,same_skill,47.0
30329,85901,1,same_skill,47.0
30332,33078,75,sequence,
30332,84890,1,same_skill,277.0
30332,84901,1,same_skill,277.0
30332,84904,1,same_skill,277.0
30332,89704,1,same_skill,277.0
30332,89727,1,same_skill,277.0
30332,89742,1,same_skill,277.0
30332,89747,1,same_skill,277.0
30332,89756,1,same_skill,277.0
30342,30729,95,sequence,
30342,435874,1,same_skill,18.0
30342,535652,82,sequence,
30342,85793,48,sequence,
30729,45929,88,sequence,
30729,98543,1,same_skill,12.0
3154,3158,589,same_skill+sequence,103.0
3154,551825,32,sequence,
3154,551827,19,sequence,
3154,551830,78,sequence,
3154,551831,51,sequence,
3154,551832,25,sequence,
3154,558104,11,sequence,
3154,562010,24,sequence,
3154,569208,47,sequence,
3154,569211,59,sequence,
3154,569652,50,sequence,
3154,569654,46,sequence,
3154,569685,37,sequence,
3154,569689,84,same_skill+sequence,103.0
3154,569690,48,sequence,
3154,569691,48,sequence,
3154,569708,51,sequence,
3154,584497,13,sequence,
3158,45453,1,same_skill,103.0
3158,551825,57,sequence,
3158,551826,45,sequence,
3158,551827,68,sequence,
3158,551828,49,sequence,
3158,551829,43,sequence,
3158,551830,98,sequence,
3158,551831,103,sequence,
3158,551832,63,sequence,
3158,551833,36,sequence,
3158,551834,42,sequence,
3158,558089,49,sequence,
3158,562010,15,sequence,
3158,569208,50,sequence,
3158,569211,46,sequence,
3158,569652,75,sequence,
3158,569654,59,sequence,
3158,569685,37,sequence,
3158,569689,69,same_skill+sequence,103.0
3158,569690,48,sequence,
3158,569691,45,sequence,
3158,569708,45,sequence,
3158,584497,14,sequence,
318085,336582,1,same_skill,42.0
318085,441858,21,sequence,
318085,444200,152,sequence,
318085,483331,138,sequence,
318085,583731,1,same_skill,42.0
318085,584853,10,sequence,
318085,610357,21,same_skill+sequence,42.0
318085,620381,1,same_skill,42.0
318085,620385,1,same_skill,42.0
318085,637267,41,sequence,
318085,637290,10,sequence,
31881,32009,335,sequence,
31881,32464,71,sequence,
32009,32464,327,sequence,
32464,34128,1,same_skill,62.0
32568,37048,72,same_skill+sequence,240.0
33078,342,1,same_skill,95.0
33078,34288,10,sequence,
33078,409,1,same_skill,95.0
334756,334758,10,sequence,
334756,334769,11,sequence,
334756,334770,13,sequence,
334756,334772,19,sequence,
334756,334779,12,sequence,
334756,334782,19,sequence,
334756,334785,12,sequence,
334756,334799,10,sequence,
334756,334803,11,sequence,
334756,334813,177,sequence,
334756,61096,1,same_skill,47.0
334756,84746,1,same_skill,47.0
334756,84912,1,same_skill,47.0
334756,84974,1,same_skill,47.0
334756,85896,1,same_skill,47.0
334756,85901,1,same_skill,47.0
334756,85908,1,same_skill,47.0
334758,334763,11,same_skill+sequence,47.0
334758,334767,13,sequence,
334758,334769,11,sequence,
334758,334770,12,sequence,
334758,334772,12,sequence,
334758,334776,10,sequence,
334758,334778,13,sequence,
334758,334789,11,sequence,
334758,334799,12,sequence,
334758,334803,13,sequence,
334758,84720,1,same_skill,47.0
334758,84726,10,sequence,
334758,84968,1,same_skill,47.0
334758,84975,1,same_skill,47.0
334758,85800,1,same_skill,47.0
334758,86065,1,same_skill,47.0
334758,86067,1,same_skill,47.0
334758,86068,1,same_skill,47.0
334763,334764,13,sequence,
334763,334767,13,sequence,
334763,334769,11,sequence,
334763,334770,12,sequence,
334763,334778,12,sequence,
334763,334784,12,sequence,
334763,334785,14,sequence,
334763,334789,17,sequence,
334763,334793,11,sequence,
334763,334799,16,sequence,
334763,334803,12,sequence,
334763,84971,1,same_skill,47.0
334763,84975,1,same_skill,47.0
334763,85801,1,same_skill,47.0
334763,85955,1,same_skill,47.0
334763,86065,1,same_skill,47.0
334763,86068,1,same_skill,47.0
334763,86078,1,same_skill,47.0
334764,334769,12,sequence,
334764,334771,11,sequence,
334764,334772,11,sequence,
334764,334775,14,sequence,
334764,334776,16,sequence,
334764,334779,14,sequence,
334764,334784,11,sequence,
334764,334785,10,sequence,
334764,334789,14,same_skill+sequence,47.0
334764,334793,11,sequence,
334764,334796,11,sequence,
334764,84725,1,same_skill,47.0
334764,84972,1,same_skill,47.0
334764,85799,1,same_skill,47.0
334764,85952,1,same_skill,47.0
334764,85966,1,same_skill,47.0
334764,85967,1,same_skill,47.0
334764,86073,1,same_skill,47.0
334767,334771,12,sequence,
334767,334776,12,sequence,
334767,334779,11,sequence,
334767,334784,12,sequence,
334767,334803,13,sequence,
334767,334813,1,same_skill,47.0
334767,84719,1,same_skill,47.0
334767,84961,12,sequence,
334767,85795,10,sequence,
334767,85903,1,same_skill,47.0
334767,85909,1,same_skill,47.0
334767,85911,1,same_skill,47.0
334767,85925,1,same_skill,47.0
334767,85926,1,same_skill,47.0
334767,85927,1,same_skill,47.0
334767,86883,10,sequence,
334769,334770,1,same_skill,47.0
334769,334771,10,sequence,
334769,334778,14,sequence,
334769,334779,11,sequence,
334769,334780,1,same_skill,47.0
334769,334782,10,sequence,
334769,334785,1,same_skill,47.0
334769,334793,13,sequence,
334769,334799,12,same_skill+sequence,47.0
334769,85957,1,same_skill,47.0
334769,85968,1,same_skill,47.0
334770,334771,14,sequence,
334770,334776,10,sequence,
334770,334778,10,sequence,
334770,334780,12,same_skill+sequence,47.0
334770,334781,11,sequence,
334770,334785,1,same_skill,47.0
334770,334796,14,same_skill+sequence,47.0
334770,334799,1,same_skill,47.0
334770,84964,1,same_skill,47.0
334770,85957,1,same_skill,47.0
334770,85968,1,same_skill,47.0
334771,334776,1,same_skill,47.0
334771,334782,16,sequence,
334771,334784,1,same_skill,47.0
334771,334785,11,sequence,
334771,334789,14,sequence,
334771,85933,1,same_skill,47.0
334771,85936,1,same_skill,47.0
334771,85939,1,same_skill,47.0
334771,85947,1,same_skill,47.0
334771,85958,1,same_skill,47.0
334771,85961,1,same_skill,47.0
334772,334778,11,sequence,
334772,334779,1,same_skill,47.0
334772,334781,12,sequence,
334772,334782,12,sequence,
334772,334784,13,sequence,
334772,334785,11,sequence,
334772,334789,12,sequence,
334772,334793,11,sequence,
334772,334803,10,sequence,
334772,84722,1,same_skill,47.0
334772,84749,1,same_skill,47.0
334772,84970,1,same_skill,47.0
334772,85950,1,same_skill,47.0
334772,85972,1,same_skill,47.0
334772,86079,1,same_skill,47.0
334772,86080,1,same_skill,47.0
334775,334776,11,sequence,
334775,334779,16,sequence,
334775,334782,1,same_skill,47.0
334775,334784,13,sequence,
334775,334799,11,sequence,
334775,535639,1,same_skill,47.0
334775,84725,1,same_skill,47.0
334775,84728,1,same_skill,47.0
334775,84969,1,same_skill,47.0
334775,85956,1,same_skill,47.0
334775,85965,1,same_skill,47.0
334775,86071,1,same_skill,47.0
334776,334778,1,same_skill,47.0
334776,334779,10,sequence,
334776,334784,1,same_skill,47.0
334776,334789,10,sequence,
334776,85933,1,same_skill,47.0
334776,85939,1,same_skill,47.0
334776,85947,1,same_skill,47.0
334776,85958,1,same_skill,47.0
334776,85961,1,same_skill,47.0
334778,334781,1,same_skill,47.0
334778,334789,11,sequence,
334778,334793,11,sequence,
334778,334796,12,sequence,
334778,84973,1,same_skill,47.0
334778,85857,1,same_skill,47.0
334778,85933,1,same_skill,47.0
334778,85958,1,same_skill,47.0
334778,85961,1,same_skill,47.0
334778,86069,1,same_skill,47.0
334779,334785,11,sequence,
334779,334793,12,sequence,
334779,334796,10,sequence,
334779,84727,1,same_skill,47.0
334779,84749,1,same_skill,47.0
334779,84970,1,same_skill,47.0
334779,85950,1,same_skill,47.0
334779,85960,1,same_skill,47.0
334779,86079,1,same_skill,47.0
334779,86080,1,same_skill,47.0
334780,334781,12,sequence,
334780,334782,11,sequence,
334780,334784,10,sequence,
334780,334789,13,sequence,
334780,334793,12,same_skill+sequence,47.0
334780,334796,1,same_skill,47.0
334780,334799,1,same_skill,47.0
334780,84964,1,same_skill,47.0
334780,84973,1,same_skill,47.0
334780,85957,1,same_skill,47.0
334781,334782,10,sequence,
334781,334784,11,sequence,
334781,334789,12,sequence,
334781,334793,15,same_skill+sequence,47.0
334781,334796,1,same_skill,47.0
334781,334799,11,sequence,
334781,84964,1,same_skill,47.0
334781,84973,1,same_skill,47.0
334781,85857,1,same_skill,47.0
334781,85933,1,same_skill,47.0
334781,86069,1,same_skill,47.0
334782,334799,11,sequence,
334782,334803,10,sequence,
334782,535639,1,same_skill,47.0
334782,84725,1,same_skill,47.0
334782,84972,1,same_skill,47.0
334782,85799,1,same_skill,47.0
334782,85952,1,same_skill,47.0
334782,85956,1,same_skill,47.0
334782,86071,1,same_skill,47.0
334784,334789,12,sequence,
334784,334796,12,sequence,
334784,334799,12,sequence,
334784,334803,11,sequence,
334784,84742,1,same_skill,47.0
334784,85936,1,same_skill,47.0
334784,85938,1,same_skill,47.0
334784,85939,1,same_skill,47.0
334784,85947,1,same_skill,47.0
334784,85961,1,same_skill,47.0
334785,334793,11,sequence,
334785,334796,10,sequence,
334785,334799,1,same_skill,47.0
334785,334803,10,sequence,
334785,85957,1,same_skill,47.0
334785,85968,1,same_skill,47.0
334789,334799,12,sequence,
334789,84745,1,same_skill,47.0
334789,84972,1,same_skill,47.0
334789,85799,1,same_skill,47.0
334789,85931,1,same_skill,47.0
334789,85966,1,same_skill,47.0
334789,85967,1,same_skill,47.0
334789,86073,1,same_skill,47.0
334793,334796,11,same_skill+sequence,47.0
334793,334799,1,same_skill,47.0
334793,334803,12,sequence,
334793,84964,1,same_skill,47.0
334793,84973,1,same_skill,47.0
334793,85857,1,same_skill,47.0
334793,86069,1,same_skill,47.0
334796,334799,1,same_skill,47.0
334796,84964,1,same_skill,47.0
334796,84973,1,same_skill,47.0
334796,85857,1,same_skill,47.0
334799,334803,11,sequence,
334799,84964,1,same_skill,47.0
334799,85957,1,same_skill,47.0
334803,84742,1,same_skill,47.0
334803,84745,1,same_skill,47.0
334803,85931,1,same_skill,47.0
334803,85936,1,same_skill,47.0
334803,85938,1,same_skill,47.0
334803,85941,1,same_skill,47.0
334803,85947,1,same_skill,47.0
334803,85966,1,same_skill,47.0
334813,334814,180,sequence,
334813,334916,1,same_skill,47.0
334813,84719,1,same_skill,47.0
334813,85838,1,same_skill,47.0
334813,85906,1,same_skill,47.0
334813,85909,1,same_skill,47.0
334813,85911,1,same_skill,47.0
334813,85927,1,same_skill,47.0
334814,334882,186,same_skill+sequence,47.0
334814,85795,1,same_skill,47.0
334814,85893,1,same_skill,47.0
334814,85932,1,same_skill,47.0
334814,85969,1,same_skill,47.0
334814,85973,1,same_skill,47.0
334814,86072,1,same_skill,47.0
334882,334916,186,sequence,
334882,84961,1,same_skill,47.0
334882,85893,1,same_skill,47.0
334882,85932,1,same_skill,47.0
334882,85953,1,same_skill,47.0
334882,85969,1,same_skill,47.0
334882,86072,1,same_skill,47.0
334916,84746,182,sequence,
334916,85838,1,same_skill,47.0
334916,85894,1,same_skill,47.0
334916,85906,1,same_skill,47.0
334916,85907,1,same_skill,47.0
334916,85911,1,same_skill,47.0
334916,86049,1,same_skill,47.0
334916,86051,1,same_skill,47.0
335303,335304,11,sequence,
335303,335305,47,same_skill+sequence,278.0
335303,335306,1,same_skill,278.0
335303,335310,1,same_skill,278.0
335303,335312,94,same_skill+sequence,278.0
335303,335314,10,sequence,
335303,335350,10,sequence,
335303,335362,24,sequence,
335303,335366,10,sequence,
335303,335373,12,sequence,
335303,335377,15,sequence,
335303,335397,1,same_skill,278.0
335303,335403,77,sequence,
335303,53987,1,same_skill,278.0
335303,84632,44,sequence,
335304,335309,11,same_skill+sequence,278.0
335304,335310,10,sequence,
335304,335314,11,sequence,
335304,335328,1,same_skill,278.0
335304,335337,10,sequence,
335304,335345,11,sequence,
335304,335351,1,same_skill,278.0
335304,335352,10,sequence,
335304,335366,11,sequence,
335304,335375,11,sequence,
335304,335377,1,same_skill,278.0
335304,335378,10,sequence,
335304,335379,1,same_skill,278.0
335304,335381,1,same_skill,278.0
335304,335386,1,same_skill,278.0
335304,335388,1,same_skill,278.0
335305,335306,12,sequence,
335305,335310,1,same_skill,278.0
335305,335312,40,same_skill+sequence,278.0
335305,335314,11,sequence,
335305,335332,12,sequence,
335305,335341,11,sequence,
335305,335363,11,sequence,
335305,335377,10,sequence,
335305,335392,12,sequence,
335305,335397,36,sequence,
335305,335404,128,sequence,
335305,403733,22,sequence,
335305,408750,21,sequence,
335305,409181,117,sequence,
335305,409613,21,sequence,
335305,50985,107,sequence,
335305,53833,107,sequence,
335305,53987,115,same_skill+sequence,278.0
335305,54340,128,sequence,
335305,84889,118,sequence,
335305,87024,17,sequence,
335305,87025,29,sequence,
335305,87473,101,sequence,
335305,88292,14,sequence,
335305,88498,26,sequence,
335305,94843,130,sequence,
335305,97547,17,sequence,
335306,335308,13,sequence,
335306,335310,14,same_skill+sequence,278.0
335306,335312,1,same_skill,278.0
335306,335320,1,same_skill,278.0
335306,335321,1,same_skill,278.0
335306,335343,10,sequence,
335306,335356,1,same_skill,278.0
335306,335371,10,sequence,
335306,335380,12,sequence,
335306,335382,10,sequence,
335306,335397,1,same_skill,278.0
335306,335405,18,sequence,
335306,53835,11,sequence,
335306,53987,1,same_skill,278.0
335306,87025,12,sequence,
335306,88293,11,sequence,
335306,88499,11,sequence,
335306,89667,15,sequence,
335306,94851,10,sequence,
335307,335311,10,sequence,
335307,335317,11,same_skill+sequence,278.0
335307,335320,11,sequence,
335307,335324,1,same_skill,278.0
335307,335327,1,same_skill,278.0
335307,335341,12,same_skill+sequence,278.0
335307,335359,1,same_skill,278.0
335307,335364,11,sequence,
335307,335365,1,same_skill,278.0
335307,335369,10,sequence,
335307,335371,10,sequence,
335307,335372,1,same_skill,278.0
335307,335384,11,sequence,
335307,335388,10,sequence,
335307,335389,1,same_skill,278.0
335307,335390,11,sequence,
335308,335310,12,sequence,
335308,335317,11,sequence,
335308,335320,10,sequence,
335308,335322,10,sequence,
335308,335329,1,same_skill,278.0
335308,335343,11,sequence,
335308,335345,11,sequence,
335308,335347,10,sequence,
335308,335354,11,sequence,
335308,335355,1,same_skill,278.0
335308,335361,11,sequence,
335308,335364,10,sequence,
335308,335366,11,sequence,
335308,335374,1,same_skill,278.0
335308,335375,1,same_skill,278.0
335308,335383,1,same_skill,278.0
335308,335386,10,sequence,
335308,335396,1,same_skill,278.0
335308,335402,1,same_skill,278.0
335309,335311,10,sequence,
335309,335317,15,sequence,
335309,335324,10,sequence,
335309,335327,11,sequence,
335309,335343,12,sequence,
335309,335346,1,same_skill,278.0
335309,335347,11,sequence,
335309,335354,11,sequence,
335309,335359,11,sequence,
335309,335362,1,same_skill,278.0
335309,335364,10,sequence,
335309,335373,11,sequence,
335309,335376,1,same_skill,278.0
335309,335377,12,same_skill+sequence,278.0
335309,335381,1,same_skill,278.0
335309,335382,1,same_skill,278.0
335309,335388,1,same_skill,278.0
335310,335312,1,same_skill,278.0
335310,335321,1,same_skill,278.0
335310,335324,14,sequence,
335310,335343,14,sequence,
335310,335354,12,sequence,
335310,335356,1,same_skill,278.0
335310,335364,10,sequence,
335310,335388,11,sequence,
335310,335397,1,same_skill,278.0
335310,53987,1,same_skill,278.0
335311,335317,11,sequence,
335311,335322,1,same_skill,278.0
335311,335324,12,sequence,
335311,335328,10,sequence,
335311,335332,10,sequence,
335311,335341,10,sequence,
335311,335343,11,sequence,
335311,335351,1,same_skill,278.0
335311,335365,1,same_skill,278.0
335311,335366,11,sequence,
335311,335372,1,same_skill,278.0
335311,335379,1,same_skill,278.0
335311,335380,1,same_skill,278.0
335311,335382,10,sequence,
335311,335390,13,same_skill+sequence,278.0
335311,335399,1,same_skill,278.0
335312,335321,46,sequence,
335312,335338,10,sequence,
335312,335353,10,sequence,
335312,335356,1,same_skill,278.0
335312,335362,28,sequence,
335312,335365,13,sequence,
335312,335370,12,sequence,
335312,335376,17,sequence,
335312,335379,13,sequence,
335312,335397,13,same_skill+sequence,278.0
335312,53987,1,same_skill,278.0
335312,86792,84,sequence,
335313,335314,11,sequence,
335313,335329,1,same_skill,278.0
335313,335334,10,sequence,
335313,335347,1,same_skill,278.0
335313,335355,1,same_skill,278.0
335313,335367,1,same_skill,278.0
335313,335383,1,same_skill,278.0
335313,335390,12,sequence,
335313,335393,1,same_skill,278.0
335313,335402,1,same_skill,278.0
335314,335317,10,sequence,
335314,335330,14,sequence,
335314,335339,10,sequence,
335314,335345,1,same_skill,278.0
335314,335349,1,same_skill,278.0
335314,335350,1,same_skill,278.0
335314,335352,1,same_skill,278.0
335314,335368,1,same_skill,278.0
335314,335375,10,sequence,
335314,335377,11,sequence,
335314,335378,1,same_skill,278.0
335314,335384,10,sequence,
335314,335388,13,sequence,
335314,335392,1,same_skill,278.0
335314,335398,1,same_skill,278.0
335315,335347,1,same_skill,278.0
335315,335348,11,sequence,
335315,335365,11,sequence,
335315,335367,1,same_skill,278.0
335315,335368,10,sequence,
335315,335370,11,sequence,
335315,335385,10,sequence,
335315,335393,1,same_skill,278.0
335315,814,1,same_skill,278.0
335316,335335,11,sequence,
335316,335336,1,same_skill,278.0
335316,335337,1,same_skill,278.0
335316,335342,1,same_skill,278.0
335316,335357,1,same_skill,278.0
335316,335375,1,same_skill,278.0
335316,335387,12,sequence,
335316,335391,1,same_skill,278.0
335316,335395,11,same_skill+sequence,278.0
335316,335401,10,sequence,
335317,335320,10,sequence,
335317,335324,1,same_skill,278.0
335317,335327,1,same_skill,278.0
335317,335328,11,sequence,
335317,335330,10,sequence,
335317,335341,1,same_skill,278.0
335317,335354,10,sequence,
335317,335356,12,sequence,
335317,335361,10,sequence,
335317,335364,11,sequence,
335317,335365,1,same_skill,278.0
335317,335366,12,sequence,
335317,335369,10,sequence,
335317,335371,10,sequence,
335317,335372,1,same_skill,278.0
335317,335389,1,same_skill,278.0
335317,335399,1,same_skill,278.0
335318,335324,10,sequence,
335318,335330,15,sequence,
335318,335332,12,sequence,
335318,335338,1,same_skill,278.0
335318,335343,10,sequence,
335318,335345,1,same_skill,278.0
335318,335348,1,same_skill,278.0
335318,335349,10,sequence,
335318,335353,1,same_skill,278.0
335318,335354,1,same_skill,278.0
335318,335368,1,same_skill,278.0
335318,335400,1,same_skill,278.0
335318,335401,1,same_skill,278.0
335319,335323,14,same_skill+sequence,278.0
335319,335333,1,same_skill,278.0
335319,335336,13,same_skill+sequence,278.0
335319,335337,1,same_skill,278.0
335319,335338,11,sequence,
335319,335344,10,sequence,
335319,335348,10,sequence,
335319,335357,13,same_skill+sequence,278.0
335319,335360,1,same_skill,278.0
335319,335383,11,sequence,
335319,335394,11,same_skill+sequence,278.0
335319,335399,11,sequence,
335319,335402,14,sequence,
335320,335321,1,same_skill,278.0
335320,335328,11,sequence,
335320,335332,12,sequence,
335320,335334,17,same_skill+sequence,278.0
335320,335337,10,sequence,
335320,335356,1,same_skill,278.0
335320,335359,1,same_skill,278.0
335320,335364,12,sequence,
335320,335366,12,same_skill+sequence,278.0
335320,335371,10,sequence,
335320,335378,12,sequence,
335320,335382,12,sequence,
335320,335384,12,same_skill+sequence,278.0
335320,335388,11,sequence,
335320,335397,1,same_skill,278.0
335321,335323,10,sequence,
335321,335329,10,sequence,
335321,335331,12,sequence,
335321,335333,16,sequence,
335321,335334,1,same_skill,278.0
335321,335356,1,same_skill,278.0
335321,335358,10,sequence,
335321,335365,15,sequence,
335321,335366,1,same_skill,278.0
335321,335384,1,same_skill,278.0
335321,335389,11,sequence,
335321,335393,10,sequence,
335321,335395,10,sequence,
335321,335397,1,same_skill,278.0
335321,335398,13,sequence,
335321,335400,10,sequence,
335321,335404,36,sequence,
335322,335324,1,same_skill,278.0
335322,335365,1,same_skill,278.0
335322,335372,1,same_skill,278.0
335322,335377,10,sequence,
335322,335379,1,same_skill,278.0
335322,335380,1,same_skill,278.0
335322,335384,11,sequence,
335322,335388,10,sequence,
335322,335390,1,same_skill,278.0
335322,335399,1,same_skill,278.0
335323,335333,1,same_skill,278.0
335323,335336,1,same_skill,278.0
335323,335337,1,same_skill,278.0
335323,335342,1,same_skill,278.0
335323,335348,13,sequence,
335323,335357,1,same_skill,278.0
335323,335360,1,same_skill,278.0
335323,335367,12,sequence,
335323,335370,12,sequence,
335323,335376,11,sequence,
335323,335394,1,same_skill,278.0
335323,335401,10,sequence,
335323,335471,13,sequence,
335323,87424,11,sequence,
335324,335328,11,sequence,
335324,335341,1,same_skill,278.0
335324,335345,10,sequence,
335324,335347,10,sequence,
335324,335359,12,sequence,
335324,335364,16,sequence,
335324,335365,1,same_skill,278.0
335324,335372,1,same_skill,278.0
335324,335388,10,sequence,
335324,335389,1,same_skill,278.0
335324,335399,1,same_skill,278.0
335325,335331,11,sequence,
335325,335335,1,same_skill,278.0
335325,335340,1,same_skill,278.0
335325,335342,10,sequence,
335325,335357,10,sequence,
335325,335358,1,same_skill,278.0
335325,335361,1,same_skill,278.0
335325,335363,1,same_skill,278.0
335325,335369,1,same_skill,278.0
335325,335371,1,same_skill,278.0
335325,335372,11,sequence,
335325,335381,14,sequence,
335325,335387,1,same_skill,278.0
335325,335389,13,sequence,
335325,335398,11,sequence,
335326,335331,1,same_skill,278.0
335326,335332,1,same_skill,278.0
335326,335338,13,sequence,
335326,335343,1,same_skill,278.0
335326,335348,13,sequence,
335326,335358,11,sequence,
335326,335360,10,sequence,
335326,335362,1,same_skill,278.0
335326,335365,11,sequence,
335326,335370,10,sequence,
335326,335373,1,same_skill,278.0
335326,335376,12,same_skill+sequence,278.0
335326,335382,1,same_skill,278.0
335326,335385,1,same_skill,278.0
335326,335394,15,sequence,
335326,335397,11,sequence,
335327,335328,10,sequence,
335327,335332,12,sequence,
335327,335334,11,same_skill+sequence,278.0
335327,335337,12,sequence,
335327,335341,1,same_skill,278.0
335327,335347,11,sequence,
335327,335352,11,sequence,
335327,335354,10,sequence,
335327,335356,13,sequence,
335327,335359,11,same_skill+sequence,278.0
335327,335366,1,same_skill,278.0
335327,335384,1,same_skill,278.0
335327,335389,1,same_skill,278.0
335328,335339,11,sequence,
335328,335351,1,same_skill,278.0
335328,335352,10,sequence,
335328,335356,10,sequence,
335328,335366,11,sequence,
335328,335375,10,sequence,
335328,335377,1,same_skill,278.0
335328,335378,10,sequence,
335328,335379,1,same_skill,278.0
335328,335381,1,same_skill,278.0
335328,335386,1,same_skill,278.0
335328,335388,12,same_skill+sequence,278.0
335328,335390,1,same_skill,278.0
335329,335331,14,sequence,
335329,335333,10,sequence,
335329,335338,10,sequence,
335329,335355,11,same_skill+sequence,278.0
335329,335367,1,same_skill,278.0
335329,335374,1,same_skill,278.0
335329,335379,11,sequence,
335329,335383,1,same_skill,278.0
335329,335389,13,sequence,
335329,335393,1,same_skill,278.0
335329,335402,1,same_skill,278.0
335330,335331,1,same_skill,278.0
335330,335332,1,same_skill,278.0
335330,335340,1,same_skill,278.0
335330,335356,11,sequence,
335330,335361,1,same_skill,278.0
335330,335364,11,same_skill+sequence,278.0
335330,335369,1,same_skill,278.0
335330,335370,1,same_skill,278.0
335330,335384,12,sequence,
335330,335385,1,same_skill,278.0
335330,335386,10,sequence,
335330,335390,10,sequence,
335331,335332,1,same_skill,278.0
335331,335343,1,same_skill,278.0
335331,335344,11,sequence,
335331,335358,10,sequence,
335331,335364,1,same_skill,278.0
335331,335365,11,sequence,
335331,335370,1,same_skill,278.0
335331,335373,1,same_skill,278.0
335331,335376,10,sequence,
335331,335381,11,sequence,
335331,335385,1,same_skill,278.0
335331,335389,13,sequence,
335331,335393,10,sequence,
335331,335399,10,sequence,
335332,335343,12,same_skill+sequence,278.0
335332,335361,10,sequence,
335332,335364,1,same_skill,278.0
335332,335369,10,sequence,
335332,335373,1,same_skill,278.0
335332,335382,11,same_skill+sequence,278.0
335332,335385,1,same_skill,278.0
335332,335386,11,sequence,
335332,335390,11,sequence,
335333,335337,1,same_skill,278.0
335333,335339,1,same_skill,278.0
335333,335346,10,sequence,
335333,335357,1,same_skill,278.0
335333,335358,10,sequence,
335333,335360,1,same_skill,278.0
335333,335379,10,sequence,
335333,335394,1,same_skill,278.0
335333,335402,11,sequence,
335334,335356,1,same_skill,278.0
335334,335359,1,same_skill,278.0
335334,335366,1,same_skill,278.0
335334,335375,10,sequence,
335334,335382,12,sequence,
335334,335384,1,same_skill,278.0
335334,335397,1,same_skill,278.0
335335,335340,1,same_skill,278.0
335335,335342,11,sequence,
335335,335346,11,sequence,
335335,335348,10,sequence,
335335,335349,1,same_skill,278.0
335335,335351,10,sequence,
335335,335358,1,same_skill,278.0
335335,335363,1,same_skill,278.0
335335,335367,12,sequence,
335335,335370,10,sequence,
335335,335371,1,same_skill,278.0
335335,335387,1,same_skill,278.0
335335,335398,12,same_skill+sequence,278.0
335335,335399,10,sequence,
335336,335337,1,same_skill,278.0
335336,335340,10,sequence,
335336,335342,11,same_skill+sequence,278.0
335336,335351,10,sequence,
335336,335357,1,same_skill,278.0
335336,335358,11,sequence,
335336,335379,10,sequence,
335336,335391,1,same_skill,278.0
335336,335395,1,same_skill,278.0
335336,335397,10,sequence,
335336,335399,12,sequence,
335336,335401,10,sequence,
335337,335339,10,sequence,
335337,335342,1,same_skill,278.0
335337,335357,1,same_skill,278.0
335337,335359,10,sequence,
335337,335366,10,sequence,
335337,335386,11,sequence,
335337,335391,1,same_skill,278.0
335338,335345,1,same_skill,278.0
335338,335346,10,sequence,
335338,335348,1,same_skill,278.0
335338,335353,1,same_skill,278.0
335338,335354,1,same_skill,278.0
335338,335355,15,sequence,
335338,335368,12,same_skill+sequence,278.0
335338,335379,14,sequence,
335338,335392,1,same_skill,278.0
335338,335396,16,sequence,
335338,335401,1,same_skill,278.0
335339,335344,1,same_skill,278.0
335339,335347,10,sequence,
335339,335348,1,same_skill,278.0
335339,335350,10,sequence,
335339,335356,15,sequence,
335339,335360,1,same_skill,278.0
335339,335378,13,sequence,
335339,335394,1,same_skill,278.0
335339,335400,1,same_skill,278.0
335339,335401,1,same_skill,278.0
335340,335358,10,sequence,
335340,335361,1,same_skill,278.0
335340,335363,1,same_skill,278.0
335340,335368,12,sequence,
335340,335369,1,same_skill,278.0
335340,335370,1,same_skill,278.0
335340,335387,1,same_skill,278.0
335340,335389,11,sequence,
335340,335394,16,sequence,
335340,335400,13,sequence,
335341,335356,13,sequence,
335341,335359,11,same_skill+sequence,278.0
335341,335366,1,same_skill,278.0
335341,335373,12,sequence,
335341,335378,12,sequence,
335341,335384,11,same_skill+sequence,278.0
335341,335389,1,same_skill,278.0
335342,335351,12,sequence,
335342,335355,10,sequence,
335342,335357,1,same_skill,278.0
335342,335360,10,sequence,
335342,335367,11,sequence,
335342,335381,12,sequence,
335342,335391,1,same_skill,278.0
335342,335395,1,same_skill,278.0
335342,335397,10,sequence,
335342,335400,10,sequence,
335343,335345,10,sequence,
335343,335346,1,same_skill,278.0
335343,335362,1,same_skill,278.0
335343,335373,1,same_skill,278.0
335343,335376,1,same_skill,278.0
335343,335377,12,sequence,
335343,335382,1,same_skill,278.0
335343,335390,11,sequence,
335344,335348,1,same_skill,278.0
335344,335354,1,same_skill,278.0
335344,335360,14,same_skill+sequence,278.0
335344,335362,10,sequence,
335344,335376,11,sequence,
335344,335387,14,sequence,
335344,335394,1,same_skill,278.0
335344,335397,10,sequence,
335344,335400,14,same_skill+sequence,278.0
335344,335401,1,same_skill,278.0
335345,335352,1,same_skill,278.0
335345,335353,1,same_skill,278.0
335345,335354,1,same_skill,278.0
335345,335368,1,same_skill,278.0
335345,335377,11,sequence,
335345,335380,10,sequence,
335345,335392,1,same_skill,278.0
335346,335348,12,sequence,
335346,335362,1,same_skill,278.0
335346,335372,10,sequence,
335346,335376,13,same_skill+sequence,278.0
335346,335377,1,same_skill,278.0
335346,335381,1,same_skill,278.0
335346,335382,1,same_skill,278.0
335346,335388,1,same_skill,278.0
335346,335396,12,sequence,
335346,335398,10,sequence,
335346,335401,14,sequence,
335346,335402,10,sequence,
335347,335367,1,same_skill,278.0
335347,335380,11,sequence,
335347,335383,1,same_skill,278.0
335347,335386,11,sequence,
335347,335393,1,same_skill,278.0
335347,814,1,same_skill,278.0
335348,335354,1,same_skill,278.0
335348,335381,11,sequence,
335348,335383,11,sequence,
335348,335385,10,sequence,
335348,335389,11,sequence,
335348,335400,1,same_skill,278.0
335348,335401,11,same_skill+sequence,278.0
335349,335350,1,same_skill,278.0
335349,335356,15,sequence,
335349,335358,1,same_skill,278.0
335349,335363,1,same_skill,278.0
335349,335371,11,same_skill+sequence,278.0
335349,335378,1,same_skill,278.0
335349,335392,11,sequence,
335349,335398,1,same_skill,278.0
335350,335352,1,same_skill,278.0
335350,335358,1,same_skill,278.0
335350,335371,1,same_skill,278.0
335350,335378,1,same_skill,278.0
335350,335388,12,sequence,
335350,335392,1,same_skill,278.0
335350,335398,1,same_skill,278.0
335351,335365,15,sequence,
335351,335372,11,sequence,
335351,335379,1,same_skill,278.0
335351,335380,1,same_skill,278.0
335351,335381,11,same_skill+sequence,278.0
335351,335386,1,same_skill,278.0
335351,335390,1,same_skill,278.0
335351,335398,11,sequence,
335351,335399,12,sequence,
335352,335353,1,same_skill,278.0
335352,335364,13,sequence,
335352,335368,1,same_skill,278.0
335352,335378,1,same_skill,278.0
335352,335392,1,same_skill,278.0
335352,335398,1,same_skill,278.0
335353,335354,1,same_skill,278.0
335353,335367,11,sequence,
335353,335368,1,same_skill,278.0
335353,335372,10,sequence,
335353,335381,11,sequence,
335353,335383,10,sequence,
335353,335392,1,same_skill,278.0
335353,335394,10,sequence,
335353,335395,10,sequence,
335353,335400,16,sequence,
335353,335401,1,same_skill,278.0
335354,335359,11,sequence,
335354,335361,10,sequence,
335354,335373,11,sequence,
335354,335382,11,sequence,
335354,335400,1,same_skill,278.0
335354,335401,1,same_skill,278.0
335355,335374,1,same_skill,278.0
335355,335383,1,same_skill,278.0
335355,335393,1,same_skill,278.0
335355,335395,12,sequence,
335355,335396,1,same_skill,278.0
335355,335401,10,sequence,
335355,335402,1,same_skill,278.0
335356,335359,11,sequence,
335356,335361,11,sequence,
335356,335363,11,sequence,
335356,335369,11,sequence,
335356,335382,13,sequence,
335356,335384,1,same_skill,278.0
335356,335397,1,same_skill,278.0
335357,335367,10,sequence,
335357,335374,11,sequence,
335357,335387,10,sequence,
335357,335389,10,sequence,
335357,335394,1,same_skill,278.0
335357,335397,10,sequence,
335357,335402,10,sequence,
335358,335360,14,sequence,
335358,335362,10,sequence,
335358,335363,1,same_skill,278.0
335358,335365,12,sequence,
335358,335371,1,same_skill,278.0
335358,335376,11,sequence,
335358,335378,1,same_skill,278.0
335358,335389,11,sequence,
335358,335396,12,sequence,
335358,335398,1,same_skill,278.0
335359,335366,1,same_skill,278.0
335359,335384,1,same_skill,278.0
335359,335388,11,sequence,
335359,335389,1,same_skill,278.0
335359,335390,10,sequence,
335359,335392,11,sequence,
335360,335372,10,sequence,
335360,335379,12,sequence,
335360,335394,1,same_skill,278.0
335360,335395,11,sequence,
335360,335398,10,sequence,
335360,335400,1,same_skill,278.0
335361,335363,1,same_skill,278.0
335361,335364,1,same_skill,278.0
335361,335369,13,same_skill+sequence,278.0
335361,335370,1,same_skill,278.0
335361,335386,11,sequence,
335361,335387,1,same_skill,278.0
335362,335367,10,sequence,
335362,335376,1,same_skill,278.0
335362,335377,1,same_skill,278.0
335362,335382,1,same_skill,278.0
335362,335388,1,same_skill,278.0
335362,335389,10,sequence,
335362,335391,11,sequence,
335362,335395,13,sequence,
335362,335402,10,sequence,
335363,335371,1,same_skill,278.0
335363,335375,11,sequence,
335363,335387,1,same_skill,278.0
335363,335392,11,sequence,
335364,335369,1,same_skill,278.0
335364,335370,1,same_skill,278.0
335364,335373,14,same_skill+sequence,278.0
335364,335382,10,sequence,
335364,335385,1,same_skill,278.0
335364,335386,13,sequence,
335364,335388,17,sequence,
335365,335370,10,sequence,
335365,335372,1,same_skill,278.0
335365,335374,11,sequence,
335365,335380,1,same_skill,278.0
335365,335389,12,sequence,
335365,335395,11,sequence,
335365,335399,13,same_skill+sequence,278.0
335366,335373,11,sequence,
335366,335380,11,sequence,
335366,335384,1,same_skill,278.0
335366,335389,1,same_skill,278.0
335367,335374,11,sequence,
335367,335383,1,same_skill,278.0
335367,335393,1,same_skill,278.0
335367,814,1,same_skill,278.0
335368,335378,1,same_skill,278.0
335368,335379,13,sequence,
335368,335387,12,sequence,
335368,335391,10,sequence,
335368,335392,1,same_skill,278.0
335368,335393,10,sequence,
335368,335395,11,sequence,
335368,335397,11,sequence,
335368,335398,11,sequence,
335368,335401,12,sequence,
335369,335370,1,same_skill,278.0
335369,335371,11,sequence,
335369,335377,11,sequence,
335369,335385,1,same_skill,278.0
335369,335387,1,same_skill,278.0
335369,335390,11,sequence,
335369,335392,10,sequence,
335370,335385,1,same_skill,278.0
335370,335387,1,same_skill,278.0
335370,335389,10,sequence,
335370,335391,12,sequence,
335370,335395,10,sequence,
335370,335396,10,sequence,
335370,335397,11,sequence,
335371,335380,10,sequence,
335371,335387,1,same_skill,278.0
335371,335398,1,same_skill,278.0
335372,335381,12,sequence,
335372,335385,10,sequence,
335372,335389,1,same_skill,278.0
335372,335391,12,sequence,
335372,335398,10,sequence,
335372,335399,14,same_skill+sequence,278.0
335373,335376,1,same_skill,278.0
335373,335382,1,same_skill,278.0
335373,335384,10,sequence,
335373,335385,1,same_skill,278.0
335374,335375,1,same_skill,278.0
335374,335379,10,sequence,
335374,335393,10,sequence,
335374,335395,1,same_skill,278.0
335374,335396,1,same_skill,278.0
335374,335402,1,same_skill,278.0
335375,335380,10,sequence,
335375,335388,13,sequence,
335375,335391,1,same_skill,278.0
335375,335395,1,same_skill,278.0
335375,335396,1,same_skill,278.0
335375,335402,1,same_skill,278.0
335376,335377,1,same_skill,278.0
335376,335382,1,same_skill,278.0
335376,335397,13,sequence,
335377,335381,1,same_skill,278.0
335377,335384,12,sequence,
335377,335388,1,same_skill,278.0
335377,335392,13,sequence,
335378,335392,1,same_skill,278.0
335378,335398,1,same_skill,278.0
335379,335380,1,same_skill,278.0
335379,335386,1,same_skill,278.0
335379,335390,1,same_skill,278.0
335379,335399,11,sequence,
335380,335386,1,same_skill,278.0
335380,335390,1,same_skill,278.0
335380,335399,1,same_skill,278.0
335381,335385,13,sequence,
335381,335386,1,same_skill,278.0
335381,335388,1,same_skill,278.0
335381,335395,11,sequence,
335381,335398,11,sequence,
335381,335402,10,sequence,
335382,335392,12,sequence,
335383,335385,11,sequence,
335383,335393,1,same_skill,278.0
335383,335397,10,sequence,
335383,335401,12,sequence,
335383,335402,1,same_skill,278.0
335384,335392,15,sequence,
335385,335389,11,sequence,
335385,335395,13,sequence,
335385,335396,11,sequence,
335385,335397,11,sequence,
335386,335388,1,same_skill,278.0
335386,335390,13,same_skill+sequence,278.0
335387,335389,11,sequence,
335387,335400,12,sequence,
335387,335401,10,sequence,
335389,335399,13,sequence,
335390,335399,1,same_skill,278.0
335391,335395,1,same_skill,278.0
335391,335396,1,same_skill,278.0
335393,335397,11,sequence,
335395,335396,1,same_skill,278.0
335395,335401,10,sequence,
335395,335402,14,sequence,
335396,335402,1,same_skill,278.0
335397,53002,15,sequence,
335398,335402,11,sequence,
335400,335401,1,same_skill,278.0
335403,335404,44,same_skill+sequence,276.0
335403,335405,32,same_skill+sequence,276.0
335403,335406,10,sequence,
335403,335407,25,sequence,
335403,335411,16,sequence,
335403,335412,171,same_skill+sequence,276.0
335403,335413,13,sequence,
335403,335415,11,sequence,
335403,335416,10,sequence,
335403,335417,10,sequence,
335403,335418,16,sequence,
335403,335420,11,sequence,
335403,335421,19,sequence,
335403,335422,12,sequence,
335403,335424,15,sequence,
335403,335425,15,sequence,
335403,335426,16,sequence,
335403,335427,18,sequence,
335403,335429,14,same_skill+sequence,276.0
335403,335431,13,sequence,
335403,335432,12,sequence,
335403,335435,12,sequence,
335403,335436,10,sequence,
335403,335440,12,sequence,
335403,335442,14,sequence,
335403,335444,11,sequence,
335403,335447,10,sequence,
335403,335449,14,same_skill+sequence,276.0
335403,335457,10,sequence,
335403,335459,20,sequence,
335403,335461,15,sequence,
335403,335463,14,sequence,
335403,335465,11,sequence,
335403,335467,11,sequence,
335403,335469,14,sequence,
335403,335471,14,sequence,
335403,84974,163,sequence,
335403,86327,11,sequence,
335403,88497,80,sequence,
335403,89757,11,sequence,
335404,335405,14,same_skill+sequence,276.0
335404,335406,10,sequence,
335404,335407,14,sequence,
335404,335408,18,sequence,
335404,335409,16,sequence,
335404,335411,13,sequence,
335404,335412,16,same_skill+sequence,276.0
335404,335413,12,sequence,
335404,335415,15,sequence,
335404,335416,16,sequence,
335404,335418,11,sequence,
335404,335419,17,sequence,
335404,335420,15,sequence,
335404,335421,12,sequence,
335404,335422,13,sequence,
335404,335423,18,sequence,
335404,335424,13,sequence,
335404,335427,18,sequence,
335404,335428,19,sequence,
335404,335431,17,sequence,
335404,335432,19,sequence,
335404,335434,17,sequence,
335404,335435,17,sequence,
335404,335438,14,sequence,
335404,335440,10,sequence,
335404,335442,15,sequence,
335404,335444,16,sequence,
335404,335447,10,sequence,
335404,335449,13,same_skill+sequence,276.0
335404,335451,14,sequence,
335404,335453,12,sequence,
335404,335455,16,sequence,
335404,335457,13,sequence,
335404,335459,10,sequence,
335404,335461,16,sequence,
335404,335463,16,sequence,
335404,335465,19,sequence,
335404,335467,11,sequence,
335404,335469,11,sequence,
335404,335471,19,sequence,
335404,403733,18,sequence,
335404,408750,10,sequence,
335404,409181,124,sequence,
335404,409613,20,sequence,
335404,50985,134,sequence,
335404,53833,116,sequence,
335404,53987,136,sequence,
335404,54340,121,sequence,
335404,84889,117,sequence,
335404,87024,18,sequence,
335404,87025,16,sequence,
335404,87473,125,sequence,
335404,88292,26,sequence,
335404,88498,28,sequence,
335404,94843,104,sequence,
335404,97547,20,sequence,
335405,335406,16,sequence,
335405,335407,33,sequence,
335405,335408,12,sequence,
335405,335409,15,sequence,
335405,335410,15,sequence,
335405,335411,10,sequence,
335405,335412,1,same_skill,276.0
335405,335414,15,sequence,
335405,335416,18,sequence,
335405,335417,17,sequence,
335405,335419,13,sequence,
335405,335421,16,same_skill+sequence,276.0
335405,335422,10,sequence,
335405,335423,16,sequence,
335405,335425,16,sequence,
335405,335426,13,sequence,
335405,335427,14,sequence,
335405,335428,10,sequence,
335405,335429,11,same_skill+sequence,276.0
335405,335431,17,sequence,
335405,335432,17,sequence,
335405,335433,15,sequence,
335405,335434,16,sequence,
335405,335435,1,same_skill,276.0
335405,335436,17,sequence,
335405,335440,11,sequence,
335405,335442,13,sequence,
335405,335444,11,sequence,
335405,335447,15,sequence,
335405,335449,12,same_skill+sequence,276.0
335405,335451,10,sequence,
335405,335459,17,sequence,
335405,335461,10,sequence,
335405,335463,16,same_skill+sequence,276.0
335405,335465,10,sequence,
335405,335467,10,sequence,
335405,335469,12,sequence,
335405,50986,11,sequence,
335405,53835,10,sequence,
335405,89667,13,sequence,
335405,94851,13,sequence,
335406,335407,14,same_skill+sequence,276.0
335406,335408,14,sequence,
335406,335409,13,sequence,
335406,335410,16,sequence,
335406,335411,12,sequence,
335406,335412,10,sequence,
335406,335414,13,sequence,
335406,335415,12,sequence,
335406,335416,12,sequence,
335406,335417,17,sequence,
335406,335418,16,sequence,
335406,335419,21,sequence,
335406,335420,10,sequence,
335406,335421,18,same_skill+sequence,276.0
335406,335422,18,sequence,
335406,335423,10,sequence,
335406,335424,10,sequence,
335406,335426,13,sequence,
335406,335427,1,same_skill,276.0
335406,335428,19,same_skill+sequence,276.0
335406,335429,13,sequence,
335406,335431,16,sequence,
335406,335432,12,sequence,
335406,335433,13,sequence,
335406,335434,16,sequence,
335406,335435,14,same_skill+sequence,276.0
335406,335436,12,sequence,
335406,335438,14,sequence,
335406,335440,14,sequence,
335406,335442,14,sequence,
335406,335444,11,sequence,
335406,335447,17,sequence,
335406,335449,16,sequence,
335406,335451,18,same_skill+sequence,276.0
335406,335453,16,sequence,
335406,335455,15,sequence,
335406,335457,19,sequence,
335406,335459,11,sequence,
335406,335461,13,sequence,
335406,335463,14,same_skill+sequence,276.0
335406,335467,15,sequence,
335406,335469,14,sequence,
335406,335471,15,same_skill+sequence,276.0
335407,335408,14,sequence,
335407,335409,22,sequence,
335407,335410,20,sequence,
335407,335411,10,sequence,
335407,335412,20,sequence,
335407,335413,19,sequence,
335407,335414,11,sequence,
335407,335415,15,sequence,
335407,335416,12,sequence,
335407,335417,13,sequence,
335407,335418,11,sequence,
335407,335420,11,sequence,
335407,335421,13,sequence,
335407,335422,1,same_skill,276.0
335407,335424,12,sequence,
335407,335426,12,sequence,
335407,335427,20,same_skill+sequence,276.0
335407,335428,19,same_skill+sequence,276.0
335407,335429,13,sequence,
335407,335431,17,sequence,
335407,335432,1,same_skill,276.0
335407,335433,17,sequence,
335407,335434,14,sequence,
335407,335435,16,sequence,
335407,335438,14,sequence,
335407,335440,13,sequence,
335407,335442,13,sequence,
335407,335444,15,sequence,
335407,335451,16,same_skill+sequence,276.0
335407,335455,14,sequence,
335407,335459,10,sequence,
335407,335461,11,sequence,
335407,335463,13,sequence,
335407,335465,15,sequence,
335407,335469,13,same_skill+sequence,276.0
335407,335471,17,same_skill+sequence,276.0
335408,335409,14,same_skill+sequence,276.0
335408,335410,16,same_skill+sequence,276.0
335408,335411,1,same_skill,276.0
335408,335413,20,sequence,
335408,335414,16,sequence,
335408,335416,19,sequence,
335408,335417,16,sequence,
335408,335418,10,sequence,
335408,335420,14,sequence,
335408,335421,12,sequence,
335408,335422,14,sequence,
335408,335423,20,sequence,
335408,335425,17,same_skill+sequence,276.0
335408,335426,1,same_skill,276.0
335408,335428,10,sequence,
335408,335429,12,sequence,
335408,335431,13,sequence,
335408,335432,10,sequence,
335408,335433,15,sequence,
335408,335434,14,sequence,
335408,335435,17,sequence,
335408,335436,14,sequence,
335408,335438,10,sequence,
335408,335442,10,sequence,
335408,335444,10,sequence,
335408,335447,11,sequence,
335408,335451,15,sequence,
335408,335453,14,sequence,
335408,335455,12,sequence,
335408,335457,16,same_skill+sequence,276.0
335408,335459,10,sequence,
335408,335461,15,sequence,
335408,335463,11,sequence,
335408,335465,11,same_skill+sequence,276.0
335408,335469,11,sequence,
335408,335471,14,sequence,
335408,88498,1,same_skill,276.0
335409,335411,16,same_skill+sequence,276.0
335409,335412,11,sequence,
335409,335413,12,sequence,
335409,335416,16,sequence,
335409,335417,10,sequence,
335409,335418,15,sequence,
335409,335419,10,sequence,
335409,335420,13,sequence,
335409,335421,15,sequence,
335409,335423,14,sequence,
335409,335425,1,same_skill,276.0
335409,335426,15,same_skill+sequence,276.0
335409,335427,14,sequence,
335409,335428,14,sequence,
335409,335429,16,sequence,
335409,335433,11,sequence,
335409,335434,14,sequence,
335409,335435,12,sequence,
335409,335438,13,sequence,
335409,335444,12,sequence,
335409,335449,19,sequence,
335409,335451,12,sequence,
335409,335453,16,sequence,
335409,335457,15,sequence,
335409,335463,12,sequence,
335409,335465,1,same_skill,276.0
335409,335467,15,sequence,
335409,335469,11,sequence,
335409,335471,13,sequence,
335409,335472,1,same_skill,276.0
335409,335497,1,same_skill,276.0
335409,88498,1,same_skill,276.0
335410,335411,14,same_skill+sequence,276.0
335410,335412,15,sequence,
335410,335413,10,sequence,
335410,335414,14,same_skill+sequence,276.0
335410,335415,12,sequence,
335410,335416,12,sequence,
335410,335417,16,sequence,
335410,335418,11,sequence,
335410,335419,13,sequence,
335410,335420,1,same_skill,276.0
335410,335421,12,sequence,
335410,335422,12,sequence,
335410,335423,14,same_skill+sequence,276.0
335410,335424,10,sequence,
335410,335425,1,same_skill,276.0
335410,335426,11,sequence,
335410,335427,11,sequence,
335410,335428,17,sequence,
335410,335429,12,sequence,
335410,335432,12,sequence,
335410,335433,17,sequence,
335410,335434,13,same_skill+sequence,276.0
335410,335436,17,sequence,
335410,335438,14,sequence,
335410,335440,14,sequence,
335410,335442,17,sequence,
335410,335444,17,sequence,
335410,335447,16,sequence,
335410,335449,13,sequence,
335410,335451,19,sequence,
335410,335453,17,sequence,
335410,335455,12,sequence,
335410,335457,1,same_skill,276.0
335410,335459,14,sequence,
335410,335461,11,sequence,
335410,335467,15,sequence,
335410,335469,17,sequence,
335410,335471,12,sequence,
335411,335412,11,sequence,
335411,335413,13,sequence,
335411,335414,11,sequence,
335411,335415,14,sequence,
335411,335416,14,sequence,
335411,335417,11,sequence,
335411,335419,20,sequence,
335411,335420,13,sequence,
335411,335422,18,sequence,
335411,335423,13,sequence,
335411,335425,14,same_skill+sequence,276.0
335411,335426,1,same_skill,276.0
335411,335428,15,sequence,
335411,335431,16,sequence,
335411,335432,10,sequence,
335411,335433,13,sequence,
335411,335434,15,same_skill+sequence,276.0
335411,335435,10,sequence,
335411,335436,15,sequence,
335411,335438,12,sequence,
335411,335440,15,sequence,
335411,335444,13,sequence,
335411,335449,20,sequence,
335411,335457,13,same_skill+sequence,276.0
335411,335459,12,sequence,
335411,335461,14,sequence,
335411,335463,15,sequence,
335411,335465,16,same_skill+sequence,276.0
335411,335467,10,sequence,
335411,335469,13,sequence,
335411,335471,12,sequence,
335412,335413,16,sequence,
335412,335414,12,sequence,
335412,335415,10,sequence,
335412,335416,15,sequence,
335412,335417,12,sequence,
335412,335418,13,sequence,
335412,335419,11,sequence,
335412,335421,11,sequence,
335412,335423,12,sequence,
335412,335424,14,sequence,
335412,335427,12,sequence,
335412,335428,15,sequence,
335412,335429,17,same_skill+sequence,276.0
335412,335431,15,sequence,
335412,335432,15,sequence,
335412,335433,10,sequence,
335412,335434,11,sequence,
335412,335435,12,same_skill+sequence,276.0
335412,335438,15,sequence,
335412,335440,16,sequence,
335412,335442,14,sequence,
335412,335444,13,sequence,
335412,335447,17,sequence,
335412,335449,14,same_skill+sequence,276.0
335412,335451,15,sequence,
335412,335453,16,sequence,
335412,335455,18,sequence,
335412,335457,11,sequence,
335412,335459,16,sequence,
335412,335463,13,sequence,
335412,335465,16,sequence,
335412,335467,14,sequence,
335412,335469,14,sequence,
335412,335471,19,sequence,
335412,85691,169,sequence,
335413,335414,14,sequence,
335413,335416,15,same_skill+sequence,276.0
335413,335417,12,sequence,
335413,335418,19,same_skill+sequence,276.0
335413,335419,16,same_skill+sequence,276.0
335413,335420,14,sequence,
335413,335421,13,sequence,
335413,335422,12,sequence,
335413,335423,17,sequence,
335413,335424,15,sequence,
335413,335426,13,sequence,
335413,335429,18,sequence,
335413,335431,16,same_skill+sequence,276.0
335413,335432,19,sequence,
335413,335433,12,same_skill+sequence,276.0
335413,335434,14,sequence,
335413,335435,22,sequence,
335413,335436,13,sequence,
335413,335438,16,same_skill+sequence,276.0
335413,335440,10,sequence,
335413,335442,12,sequence,
335413,335444,10,sequence,
335413,335447,17,sequence,
335413,335449,20,sequence,
335413,335451,16,sequence,
335413,335453,13,same_skill+sequence,276.0
335413,335457,10,sequence,
335413,335459,15,same_skill+sequence,276.0
335413,335461,14,sequence,
335413,335463,12,sequence,
335413,335465,14,sequence,
335413,335467,11,sequence,
335413,335469,14,sequence,
335413,335471,10,sequence,
335414,335415,11,same_skill+sequence,276.0
335414,335416,12,sequence,
335414,335417,16,sequence,
335414,335418,12,sequence,
335414,335419,11,sequence,
335414,335420,18,same_skill+sequence,276.0
335414,335422,16,sequence,
335414,335423,12,same_skill+sequence,276.0
335414,335424,14,same_skill+sequence,276.0
335414,335425,11,sequence,
335414,335426,14,sequence,
335414,335427,18,sequence,
335414,335428,13,sequence,
335414,335429,12,sequence,
335414,335431,10,sequence,
335414,335432,11,sequence,
335414,335433,14,sequence,
335414,335434,13,same_skill+sequence,276.0
335414,335435,21,sequence,
335414,335436,11,same_skill+sequence,276.0
335414,335438,15,sequence,
335414,335442,17,sequence,
335414,335444,17,sequence,
335414,335447,19,sequence,
335414,335449,11,sequence,
335414,335451,12,sequence,
335414,335453,19,sequence,
335414,335455,11,sequence,
335414,335457,19,same_skill+sequence,276.0
335414,335461,14,sequence,
335414,335463,15,sequence,
335414,335465,12,sequence,
335414,335467,14,sequence,
335414,335469,17,sequence,
335414,335471,14,sequence,
335415,335416,12,sequence,
335415,335417,11,sequence,
335415,335418,12,sequence,
335415,335420,17,same_skill+sequence,276.0
335415,335421,10,sequence,
335415,335422,18,sequence,
335415,335423,1,same_skill,276.0
335415,335424,12,same_skill+sequence,276.0
335415,335425,13,sequence,
335415,335426,12,sequence,
335415,335427,18,sequence,
335415,335428,25,sequence,
335415,335429,12,sequence,
335415,335431,11,sequence,
335415,335432,14,sequence,
335415,335433,14,sequence,
335415,335434,16,sequence,
335415,335435,17,sequence,
335415,335436,11,same_skill+sequence,276.0
335415,335438,13,sequence,
335415,335440,18,sequence,
335415,335442,19,sequence,
335415,335444,14,same_skill+sequence,276.0
335415,335447,12,sequence,
335415,335449,11,sequence,
335415,335451,18,sequence,
335415,335455,11,same_skill+sequence,276.0
335415,335457,10,sequence,
335415,335459,16,sequence,
335415,335461,16,same_skill+sequence,276.0
335415,335463,15,sequence,
335415,335465,11,sequence,
335415,335467,10,sequence,
335415,335469,16,sequence,
335415,335471,18,sequence,
335416,335417,13,sequence,
335416,335418,14,same_skill+sequence,276.0
335416,335419,13,same_skill+sequence,276.0
335416,335421,15,sequence,
335416,335422,16,sequence,
335416,335424,15,sequence,
335416,335425,11,sequence,
335416,335429,14,sequence,
335416,335431,1,same_skill,276.0
335416,335432,13,sequence,
335416,335433,16,same_skill+sequence,276.0
335416,335434,13,sequence,
335416,335435,16,sequence,
335416,335436,12,sequence,
335416,335440,10,sequence,
335416,335442,15,sequence,
335416,335444,15,sequence,
335416,335449,11,sequence,
335416,335451,17,sequence,
335416,335453,13,same_skill+sequence,276.0
335416,335455,18,sequence,
335416,335457,15,sequence,
335416,335459,16,same_skill+sequence,276.0
335416,335461,16,sequence,
335416,335463,13,sequence,
335416,335465,13,sequence,
335416,335467,16,same_skill+sequence,276.0
335416,335469,13,sequence,
335417,335418,16,sequence,
335417,335419,10,sequence,
335417,335421,10,sequence,
335417,335422,14,same_skill+sequence,276.0
335417,335423,13,sequence,
335417,335425,18,sequence,
335417,335426,20,sequence,
335417,335427,19,sequence,
335417,335428,14,sequence,
335417,335429,17,sequence,
335417,335431,18,sequence,
335417,335432,13,same_skill+sequence,276.0
335417,335433,13,sequence,
335417,335434,17,sequence,
335417,335435,15,sequence,
335417,335436,17,sequence,
335417,335438,14,sequence,
335417,335440,12,same_skill+sequence,276.0
335417,335442,15,same_skill+sequence,276.0
335417,335444,14,sequence,
335417,335447,16,same_skill+sequence,276.0
335417,335451,16,sequence,
335417,335453,11,sequence,
335417,335455,16,sequence,
335417,335457,13,sequence,
335417,335459,13,sequence,
335417,335463,14,sequence,
335417,335465,14,sequence,
335417,335467,1,same_skill,276.0
335417,335469,12,same_skill+sequence,276.0
335417,335471,18,same_skill+sequence,276.0
335418,335421,16,sequence,
335418,335424,15,sequence,
335418,335425,14,sequence,
335418,335426,11,sequence,
335418,335427,13,sequence,
335418,335428,11,sequence,
335418,335429,12,sequence,
335418,335431,17,same_skill+sequence,276.0
335418,335432,17,sequence,
335418,335433,15,same_skill+sequence,276.0
335418,335434,12,sequence,
335418,335435,17,sequence,
335418,335438,1,same_skill,276.0
335418,335442,23,sequence,
335418,335444,17,sequence,
335418,335447,18,sequence,
335418,335449,16,sequence,
335418,335451,15,sequence,
335418,335453,1,same_skill,276.0
335418,335455,11,same_skill+sequence,276.0
335418,335457,14,sequence,
335418,335459,15,sequence,
335418,335461,13,same_skill+sequence,276.0
335418,335467,13,sequence,
335418,335469,16,sequence,
335418,335471,11,sequence,
335419,335420,14,sequence,
335419,335421,13,sequence,
335419,335422,11,sequence,
335419,335424,10,sequence,
335419,335425,13,sequence,
335419,335426,17,sequence,
335419,335427,13,sequence,
335419,335428,21,sequence,
335419,335429,16,sequence,
335419,335431,12,sequence,
335419,335432,15,sequence,
335419,335433,15,sequence,
335419,335435,18,sequence,
335419,335436,17,sequence,
335419,335440,17,same_skill+sequence,276.0
335419,335442,14,same_skill+sequence,276.0
335419,335444,11,sequence,
335419,335447,11,same_skill+sequence,276.0
335419,335449,13,sequence,
335419,335451,10,sequence,
335419,335453,19,same_skill+sequence,276.0
335419,335455,17,sequence,
335419,335459,15,same_skill+sequence,276.0
335419,335461,14,sequence,
335419,335463,15,sequence,
335419,335465,12,sequence,
335419,335467,17,same_skill+sequence,276.0
335419,335469,16,sequence,
335419,335471,15,sequence,
335420,335421,10,sequence,
335420,335422,16,sequence,
335420,335423,1,same_skill,276.0
335420,335424,17,same_skill+sequence,276.0
335420,335425,14,same_skill+sequence,276.0
335420,335426,14,sequence,
335420,335427,10,sequence,
335420,335429,10,sequence,
335420,335431,15,sequence,
335420,335432,16,sequence,
335420,335433,14,sequence,
335420,335434,12,same_skill+sequence,276.0
335420,335436,15,sequence,
335420,335438,15,sequence,
335420,335440,21,sequence,
335420,335442,14,sequence,
335420,335444,12,sequence,
335420,335449,12,sequence,
335420,335451,12,sequence,
335420,335453,10,sequence,
335420,335455,12,sequence,
335420,335457,14,same_skill+sequence,276.0
335420,335459,12,sequence,
335420,335461,15,sequence,
335420,335463,12,sequence,
335420,335465,10,sequence,
335420,335467,13,sequence,
335420,335469,14,sequence,
335420,335471,11,sequence,
335421,335422,12,sequence,
335421,335423,11,sequence,
335421,335424,16,sequence,
335421,335425,17,sequence,
335421,335426,15,sequence,
335421,335427,19,same_skill+sequence,276.0
335421,335428,17,same_skill+sequence,276.0
335421,335429,19,same_skill+sequence,276.0
335421,335431,20,sequence,
335421,335432,11,sequence,
335421,335433,12,sequence,
335421,335434,13,sequence,
335421,335435,22,same_skill+sequence,276.0
335421,335436,13,sequence,
335421,335438,22,sequence,
335421,335442,20,sequence,
335421,335444,13,sequence,
335421,335447,16,sequence,
335421,335449,10,sequence,
335421,335451,13,same_skill+sequence,276.0
335421,335453,17,sequence,
335421,335455,13,sequence,
335421,335457,14,sequence,
335421,335459,11,sequence,
335421,335461,14,sequence,
335421,335463,16,same_skill+sequence,276.0
335421,335465,13,sequence,
335421,335467,15,sequence,
335421,335469,13,sequence,
335421,335471,14,sequence,
335422,335423,18,sequence,
335422,335425,14,sequence,
335422,335426,15,sequence,
335422,335427,21,sequence,
335422,335428,20,sequence,
335422,335429,20,sequence,
335422,335431,15,sequence,
335422,335432,17,same_skill+sequence,276.0
335422,335433,13,sequence,
335422,335434,16,sequence,
335422,335435,15,sequence,
335422,335438,14,sequence,
335422,335440,17,same_skill+sequence,276.0
335422,335442,17,same_skill+sequence,276.0
335422,335444,14,sequence,
335422,335447,1,same_skill,276.0
335422,335449,20,sequence,
335422,335451,18,sequence,
335422,335453,14,sequence,
335422,335455,18,sequence,
335422,335457,12,sequence,
335422,335459,10,sequence,
335422,335461,12,sequence,
335422,335463,14,sequence,
335422,335465,13,sequence,
335422,335467,13,sequence,
335422,335469,13,same_skill+sequence,276.0
335422,335471,22,same_skill+sequence,276.0
335423,335424,19,same_skill+sequence,276.0
335423,335425,12,sequence,
335423,335426,10,sequence,
335423,335427,17,sequence,
335423,335428,13,sequence,
335423,335429,13,sequence,
335423,335434,1,same_skill,276.0
335423,335435,11,sequence,
335423,335436,18,same_skill+sequence,276.0
335423,335438,17,sequence,
335423,335440,13,sequence,
335423,335442,12,sequence,
335423,335444,16,same_skill+sequence,276.0
335423,335447,14,sequence,
335423,335449,18,sequence,
335423,335453,18,sequence,
335423,335455,11,sequence,
335423,335457,10,sequence,
335423,335459,11,sequence,
335423,335461,13,sequence,
335423,335463,16,sequence,
335423,335465,12,sequence,
335423,335467,18,sequence,
335423,335469,13,sequence,
335423,335471,17,sequence,
335424,335425,18,sequence,
335424,335426,16,sequence,
335424,335428,16,sequence,
335424,335429,18,sequence,
335424,335432,15,sequence,
335424,335434,1,same_skill,276.0
335424,335435,13,sequence,
335424,335436,14,same_skill+sequence,276.0
335424,335438,14,sequence,
335424,335440,12,sequence,
335424,335442,16,sequence,
335424,335444,15,same_skill+sequence,276.0
335424,335447,10,sequence,
335424,335449,14,sequence,
335424,335451,13,sequence,
335424,335455,11,same_skill+sequence,276.0
335424,335459,14,sequence,
335424,335463,19,sequence,
335424,335467,19,sequence,
335424,335471,14,sequence,
335425,335426,11,same_skill+sequence,276.0
335425,335428,15,sequence,
335425,335429,20,sequence,
335425,335431,16,sequence,
335425,335432,14,sequence,
335425,335433,13,sequence,
335425,335434,12,same_skill+sequence,276.0
335425,335435,12,sequence,
335425,335436,12,sequence,
335425,335438,15,sequence,
335425,335440,12,sequence,
335425,335442,16,sequence,
335425,335444,20,sequence,
335425,335447,12,sequence,
335425,335449,12,sequence,
335425,335451,13,sequence,
335425,335453,14,sequence,
335425,335455,10,sequence,
335425,335457,13,same_skill+sequence,276.0
335425,335459,13,sequence,
335425,335463,11,sequence,
335425,335469,20,sequence,
335426,335427,10,sequence,
335426,335428,14,sequence,
335426,335429,12,sequence,
335426,335431,11,sequence,
335426,335433,15,sequence,
335426,335434,13,sequence,
335426,335435,12,sequence,
335426,335436,19,sequence,
335426,335442,11,sequence,
335426,335444,12,sequence,
335426,335449,18,sequence,
335426,335451,14,sequence,
335426,335453,13,sequence,
335426,335455,12,sequence,
335426,335457,15,same_skill+sequence,276.0
335426,335459,18,sequence,
335426,335461,11,sequence,
335426,335463,11,sequence,
335426,335465,1,same_skill,276.0
335426,335467,10,sequence,
335426,335469,11,sequence,
335426,335471,11,sequence,
335426,335472,1,same_skill,276.0
335426,88498,1,same_skill,276.0
335427,335428,15,same_skill+sequence,276.0
335427,335429,19,sequence,
335427,335431,17,sequence,
335427,335432,17,same_skill+sequence,276.0
335427,335434,13,sequence,
335427,335435,15,sequence,
335427,335436,14,sequence,
335427,335440,15,sequence,
335427,335442,18,sequence,
335427,335444,10,sequence,
335427,335449,13,sequence,
335427,335451,12,same_skill+sequence,276.0
335427,335453,14,sequence,
335427,335455,14,sequence,
335427,335457,13,sequence,
335427,335459,15,sequence,
335427,335461,11,sequence,
335427,335463,14,same_skill+sequence,276.0
335427,335465,11,sequence,
335427,335467,16,sequence,
335427,335469,17,sequence,
335427,335471,13,same_skill+sequence,276.0
335428,335429,16,same_skill+sequence,276.0
335428,335431,12,sequence,
335428,335432,10,sequence,
335428,335433,12,sequence,
335428,335435,13,same_skill+sequence,276.0
335428,335440,18,sequence,
335428,335444,20,sequence,
335428,335447,10,sequence,
335428,335449,19,sequence,
335428,335451,11,same_skill+sequence,276.0
335428,335453,15,sequence,
335428,335455,17,sequence,
335428,335457,19,sequence,
335428,335459,14,sequence,
335428,335461,15,sequence,
335428,335463,16,same_skill+sequence,276.0
335428,335465,12,sequence,
335428,335467,13,sequence,
335428,335469,15,sequence,
335429,335431,10,sequence,
335429,335432,19,sequence,
335429,335433,13,sequence,
335429,335434,17,sequence,
335429,335435,1,same_skill,276.0
335429,335436,12,sequence,
335429,335438,10,sequence,
335429,335440,12,sequence,
335429,335444,15,sequence,
335429,335447,16,sequence,
335429,335449,18,same_skill+sequence,276.0
335429,335451,12,sequence,
335429,335453,14,sequence,
335429,335455,13,sequence,
335429,335457,14,sequence,
335429,335459,14,sequence,
335429,335463,15,same_skill+sequence,276.0
335429,335467,18,sequence,
335429,335469,21,sequence,
335429,335471,13,sequence,
335431,335432,15,sequence,
335431,335433,18,same_skill+sequence,276.0
335431,335434,17,sequence,
335431,335435,12,sequence,
335431,335436,20,sequence,
335431,335438,12,same_skill+sequence,276.0
335431,335440,18,sequence,
335431,335444,11,sequence,
335431,335447,15,sequence,
335431,335449,11,sequence,
335431,335451,14,sequence,
335431,335453,17,same_skill+sequence,276.0
335431,335457,12,sequence,
335431,335459,12,same_skill+sequence,276.0
335431,335461,20,same_skill+sequence,276.0
335431,335465,10,sequence,
335431,335469,10,sequence,
335431,335471,19,sequence,
335432,335433,15,sequence,
335432,335434,13,sequence,
335432,335435,16,sequence,
335432,335436,16,sequence,
335432,335438,18,sequence,
335432,335440,19,sequence,
335432,335442,17,sequence,
335432,335444,16,sequence,
335432,335447,12,same_skill+sequence,276.0
335432,335449,12,sequence,
335432,335451,21,same_skill+sequence,276.0
335432,335453,14,sequence,
335432,335455,14,sequence,
335432,335459,16,sequence,
335432,335461,14,sequence,
335432,335469,20,same_skill+sequence,276.0
335432,335471,15,same_skill+sequence,276.0
335433,335434,13,sequence,
335433,335435,18,sequence,
335433,335436,12,sequence,
335433,335438,11,same_skill+sequence,276.0
335433,335440,14,sequence,
335433,335442,12,sequence,
335433,335444,14,same_skill+sequence,276.0
335433,335447,19,sequence,
335433,335449,15,sequence,
335433,335451,17,sequence,
335433,335453,11,sequence,
335433,335455,1,same_skill,276.0
335433,335459,12,sequence,
335433,335461,1,same_skill,276.0
335433,335463,12,sequence,
335433,335469,15,sequence,
335434,335435,10,sequence,
335434,335436,13,sequence,
335434,335438,12,sequence,
335434,335442,16,sequence,
335434,335444,10,sequence,
335434,335447,14,sequence,
335434,335449,18,sequence,
335434,335451,13,sequence,
335434,335455,10,sequence,
335434,335457,14,same_skill+sequence,276.0
335434,335459,11,sequence,
335434,335461,13,sequence,
335434,335463,10,sequence,
335434,335469,14,sequence,
335434,335471,11,sequence,
335435,335440,13,sequence,
335435,335442,13,sequence,
335435,335444,14,sequence,
335435,335447,14,sequence,
335435,335449,28,same_skill+sequence,276.0
335435,335451,11,sequence,
335435,335453,18,sequence,
335435,335455,10,sequence,
335435,335457,11,sequence,
335435,335459,12,sequence,
335435,335461,14,sequence,
335435,335463,12,same_skill+sequence,276.0
335435,335465,12,sequence,
335435,335467,22,sequence,
335435,335469,12,sequence,
335435,335471,17,sequence,
335436,335438,16,same_skill+sequence,276.0
335436,335440,14,sequence,
335436,335442,11,sequence,
335436,335444,1,same_skill,276.0
335436,335447,15,sequence,
335436,335449,14,sequence,
335436,335451,11,sequence,
335436,335453,13,sequence,
335436,335455,12,same_skill+sequence,276.0
335436,335457,11,sequence,
335436,335459,13,sequence,
335436,335461,12,same_skill+sequence,276.0
335436,335463,16,sequence,
335436,335465,15,sequence,
335436,335467,12,sequence,
335436,335469,15,sequence,
335437,335460,1,same_skill,276.0
335437,335464,1,same_skill,276.0
335437,335479,1,same_skill,276.0
335437,335484,10,sequence,
335437,335495,1,same_skill,276.0
335437,335496,12,sequence,
335437,335501,1,same_skill,276.0
335437,36912,1,same_skill,276.0
335438,335442,15,sequence,
335438,335444,18,same_skill+sequence,276.0
335438,335447,12,sequence,
335438,335449,13,sequence,
335438,335451,17,sequence,
335438,335455,1,same_skill,276.0
335438,335457,15,sequence,
335438,335459,18,sequence,
335438,335461,18,same_skill+sequence,276.0
335438,335463,24,sequence,
335438,335465,12,sequence,
335438,335467,11,sequence,
335438,335471,18,sequence,
335439,335445,12,sequence,
335439,335448,1,same_skill,276.0
335439,335454,1,same_skill,276.0
335439,335456,1,same_skill,276.0
335439,335462,1,same_skill,276.0
335439,335474,1,same_skill,276.0
335439,335475,1,same_skill,276.0
335439,335496,1,same_skill,276.0
335439,88497,1,same_skill,276.0
335440,335442,15,same_skill+sequence,276.0
335440,335444,16,sequence,
335440,335447,15,same_skill+sequence,276.0
335440,335449,15,sequence,
335440,335451,16,sequence,
335440,335453,16,same_skill+sequence,276.0
335440,335455,18,sequence,
335440,335459,15,same_skill+sequence,276.0
335440,335467,15,same_skill+sequence,276.0
335440,335469,12,sequence,
335440,335471,14,sequence,
335441,335443,1,same_skill,276.0
335441,335470,1,same_skill,276.0
335441,335481,1,same_skill,276.0
335441,335493,1,same_skill,276.0
335441,335497,11,sequence,
335441,335498,12,sequence,
335441,335502,11,same_skill+sequence,276.0
335441,335503,1,same_skill,276.0
335442,335444,15,sequence,
335442,335447,20,same_skill+sequence,276.0
335442,335449,15,sequence,
335442,335451,12,sequence,
335442,335453,17,sequence,
335442,335455,15,sequence,
335442,335457,11,sequence,
335442,335459,1,same_skill,276.0
335442,335461,14,sequence,
335442,335463,18,sequence,
335442,335465,13,sequence,
335442,335467,11,same_skill+sequence,276.0
335442,335469,19,same_skill+sequence,276.0
335442,335471,14,sequence,
335443,335470,1,same_skill,276.0
335443,335481,1,same_skill,276.0
335443,335487,1,same_skill,276.0
335443,335493,1,same_skill,276.0
335443,335503,1,same_skill,276.0
335444,335447,13,sequence,
335444,335449,14,sequence,
335444,335451,14,sequence,
335444,335455,1,same_skill,276.0
335444,335461,11,same_skill+sequence,276.0
335444,335469,10,sequence,
335444,335471,14,sequence,
335445,335448,1,same_skill,276.0
335445,335458,1,same_skill,276.0
335445,335476,1,same_skill,276.0
335445,335483,1,same_skill,276.0
335445,335484,1,same_skill,276.0
335445,335486,1,same_skill,276.0
335445,335498,1,same_skill,276.0
335445,88497,1,same_skill,276.0
335446,335479,1,same_skill,276.0
335446,335489,1,same_skill,276.0
335446,335491,1,same_skill,276.0
335446,335492,1,same_skill,276.0
335446,335499,1,same_skill,276.0
335446,335501,1,same_skill,276.0
335446,88499,1,same_skill,276.0
335446,88544,1,same_skill,276.0
335447,335449,11,sequence,
335447,335451,17,sequence,
335447,335455,19,sequence,
335447,335457,17,sequence,
335447,335459,12,sequence,
335447,335461,12,sequence,
335447,335463,14,sequence,
335447,335465,12,sequence,
335447,335467,17,same_skill+sequence,276.0
335447,335469,14,same_skill+sequence,276.0
335447,335471,15,sequence,
335448,335458,1,same_skill,276.0
335448,335462,1,same_skill,276.0
335448,335474,12,sequence,
335448,335475,11,sequence,
335448,335486,1,same_skill,276.0
335448,335496,13,same_skill+sequence,276.0
335448,335498,1,same_skill,276.0
335448,335503,11,sequence,
335448,88497,1,same_skill,276.0
335449,335451,18,sequence,
335449,335453,11,sequence,
335449,335455,16,sequence,
335449,335457,12,sequence,
335449,335459,19,sequence,
335449,335461,13,sequence,
335449,335463,1,same_skill,276.0
335449,335465,13,sequence,
335449,335467,16,sequence,
335449,335469,13,sequence,
335449,335471,13,sequence,
335450,335456,13,sequence,
335450,335470,1,same_skill,276.0
335450,335473,11,sequence,
335450,335476,1,same_skill,276.0
335450,335481,1,same_skill,276.0
335450,335483,1,same_skill,276.0
335450,335484,1,same_skill,276.0
335450,335487,1,same_skill,276.0
335450,335488,1,same_skill,276.0
335450,335493,1,same_skill,276.0
335450,335494,10,sequence,
335451,335453,19,sequence,
335451,335455,12,sequence,
335451,335457,12,sequence,
335451,335459,14,sequence,
335451,335461,18,sequence,
335451,335463,12,sequence,
335451,335467,11,sequence,
335451,335469,21,same_skill+sequence,276.0
335451,335471,1,same_skill,276.0
335452,335466,1,same_skill,276.0
335452,335468,1,same_skill,276.0
335452,335474,12,sequence,
335452,335478,1,same_skill,276.0
335452,335482,10,sequence,
335452,335485,1,same_skill,276.0
335452,335493,10,sequence,
335452,335494,1,same_skill,276.0
335452,335500,1,same_skill,276.0
335452,335502,1,same_skill,276.0
335452,335503,12,same_skill+sequence,276.0
335453,335455,14,sequence,
335453,335457,11,sequence,
335453,335459,15,same_skill+sequence,276.0
335453,335461,16,sequence,
335453,335463,21,sequence,
335453,335465,13,sequence,
335453,335467,16,same_skill+sequence,276.0
335453,335469,17,sequence,
335453,335471,15,sequence,
335454,335456,1,same_skill,276.0
335454,335462,1,same_skill,276.0
335454,335473,1,same_skill,276.0
335454,335474,1,same_skill,276.0
335454,335475,1,same_skill,276.0
335454,335480,1,same_skill,276.0
335454,335482,10,sequence,
335454,335496,12,same_skill+sequence,276.0
335455,335457,14,sequence,
335455,335459,14,sequence,
335455,335461,13,same_skill+sequence,276.0
335455,335463,13,sequence,
335455,335465,13,sequence,
335455,335467,17,sequence,
335455,335469,11,sequence,
335455,335471,15,sequence,
335456,335466,10,sequence,
335456,335472,1,same_skill,276.0
335456,335473,11,same_skill+sequence,276.0
335456,335474,1,same_skill,276.0
335456,335475,1,same_skill,276.0
335456,335480,1,same_skill,276.0
335456,335485,10,sequence,
335456,335488,11,sequence,
335456,335494,10,sequence,
335456,335497,1,same_skill,276.0
335457,335459,15,sequence,
335457,335461,12,sequence,
335457,335463,24,sequence,
335457,335465,10,sequence,
335457,335467,11,sequence,
335457,335469,15,sequence,
335457,335471,14,sequence,
335458,335475,11,sequence,
335458,335483,1,same_skill,276.0
335458,335484,1,same_skill,276.0
335458,335485,10,sequence,
335458,335486,1,same_skill,276.0
335458,335496,1,same_skill,276.0
335458,335498,1,same_skill,276.0
335458,335502,11,sequence,
335458,88497,1,same_skill,276.0
335459,335461,11,sequence,
335459,335463,15,sequence,
335459,335465,11,sequence,
335459,335467,16,same_skill+sequence,276.0
335459,335469,14,sequence,
335459,335471,12,sequence,
335460,335464,1,same_skill,276.0
335460,335475,10,sequence,
335460,335478,11,sequence,
335460,335479,1,same_skill,276.0
335460,335482,1,same_skill,276.0
335460,335495,13,same_skill+sequence,276.0
335460,36912,1,same_skill,276.0
335461,335463,18,sequence,
335461,335465,13,sequence,
335461,335467,19,sequence,
335461,335469,13,sequence,
335462,335468,11,sequence,
335462,335474,1,same_skill,276.0
335462,335475,1,same_skill,276.0
335462,335496,12,same_skill+sequence,276.0
335462,335498,1,same_skill,276.0
335462,88497,1,same_skill,276.0
335463,335465,10,sequence,
335463,335467,14,sequence,
335463,335469,16,sequence,
335463,335471,14,sequence,
335464,335470,10,sequence,
335464,335478,1,same_skill,276.0
335464,335482,1,same_skill,276.0
335464,335485,1,same_skill,276.0
335464,335494,1,same_skill,276.0
335464,335496,11,sequence,
335464,36912,1,same_skill,276.0
335465,335467,10,sequence,
335465,335469,10,sequence,
335465,335472,1,same_skill,276.0
335465,335480,1,same_skill,276.0
335465,335497,1,same_skill,276.0
335465,88498,1,same_skill,276.0
335466,335468,1,same_skill,276.0
335466,335478,1,same_skill,276.0
335466,335482,1,same_skill,276.0
335466,335485,1,same_skill,276.0
335466,335494,1,same_skill,276.0
335466,335498,10,sequence,
335466,335500,1,same_skill,276.0
335466,335502,1,same_skill,276.0
335466,335503,10,sequence,
335467,335469,16,sequence,
335467,335471,17,sequence,
335468,335478,1,same_skill,276.0
335468,335484,12,sequence,
335468,335494,1,same_skill,276.0
335468,335497,10,sequence,
335468,335500,11,same_skill+sequence,276.0
335468,335502,1,same_skill,276.0
335468,335503,1,same_skill,276.0
335469,335471,14,same_skill+sequence,276.0
335470,335476,1,same_skill,276.0
335470,335480,12,sequence,
335470,335481,1,same_skill,276.0
335470,335487,1,same_skill,276.0
335470,335488,1,same_skill,276.0
335470,335493,1,same_skill,276.0
335470,335495,10,sequence,
335471,86579,11,sequence,
335472,335473,1,same_skill,276.0
335472,335480,12,same_skill+sequence,276.0
335472,335483,10,sequence,
335472,335492,11,sequence,
335472,335497,1,same_skill,276.0
335472,335500,15,sequence,
335472,88498,1,same_skill,276.0
335473,335474,1,same_skill,276.0
335473,335475,1,same_skill,276.0
335473,335480,1,same_skill,276.0
335473,335487,11,sequence,
335473,335497,1,same_skill,276.0
335473,335498,12,sequence,
335473,335503,10,sequence,
335473,88498,1,same_skill,276.0
335474,335475,1,same_skill,276.0
335474,335480,12,same_skill+sequence,276.0
335474,335486,10,sequence,
335474,335497,1,same_skill,276.0
335475,335496,1,same_skill,276.0
335475,335500,10,sequence,
335475,88497,1,same_skill,276.0
335476,335482,11,sequence,
335476,335483,1,same_skill,276.0
335476,335484,1,same_skill,276.0
335476,335486,1,same_skill,276.0
335476,335487,1,same_skill,276.0
335476,335488,1,same_skill,276.0
335478,335481,12,sequence,
335478,335482,1,same_skill,276.0
335478,335485,1,same_skill,276.0
335478,335494,1,same_skill,276.0
335478,36912,1,same_skill,276.0
335479,335489,1,same_skill,276.0
335479,335491,1,same_skill,276.0
335479,335495,1,same_skill,276.0
335479,335501,1,same_skill,276.0
335480,335495,12,sequence,
335480,335497,1,same_skill,276.0
335480,335499,10,sequence,
335480,335500,11,sequence,
335480,88498,1,same_skill,276.0
335481,335486,10,sequence,
335481,335487,1,same_skill,276.0
335481,335493,1,same_skill,276.0
335482,335485,1,same_skill,276.0
335482,335494,1,same_skill,276.0
335482,335498,11,sequence,
335482,36912,1,same_skill,276.0
335483,335484,1,same_skill,276.0
335483,335486,1,same_skill,276.0
335483,335488,1,same_skill,276.0
335483,335489,11,sequence,
335483,335498,1,same_skill,276.0
335483,335502,11,sequence,
335484,335486,1,same_skill,276.0
335484,335487,1,same_skill,276.0
335484,335488,1,same_skill,276.0
335484,335493,11,sequence,
335485,335494,1,same_skill,276.0
335485,36912,1,same_skill,276.0
335486,335488,1,same_skill,276.0
335486,335498,1,same_skill,276.0
335487,335488,1,same_skill,276.0
335487,335492,10,sequence,
335487,335493,1,same_skill,276.0
335487,335501,10,sequence,
335488,335493,1,same_skill,276.0
335488,335501,11,sequence,
335489,335491,1,same_skill,276.0
335489,335495,1,same_skill,276.0
335489,335499,1,same_skill,276.0
335489,335501,1,same_skill,276.0
335489,88499,1,same_skill,276.0
335491,335499,1,same_skill,276.0
335491,335501,1,same_skill,276.0
335491,88499,1,same_skill,276.0
335491,88544,1,same_skill,276.0
335492,335499,1,same_skill,276.0
335492,88499,1,same_skill,276.0
335492,88544,1,same_skill,276.0
335494,335497,11,sequence,
335494,335500,11,same_skill+sequence,276.0
335494,335501,11,sequence,
335495,335501,1,same_skill,276.0
335495,36912,1,same_skill,276.0
335496,335498,1,same_skill,276.0
335496,88497,1,same_skill,276.0
335497,88498,1,same_skill,276.0
335498,88497,1,same_skill,276.0
335499,88499,1,same_skill,276.0
335499,88544,1,same_skill,276.0
335500,335502,1,same_skill,276.0
335500,335503,1,same_skill,276.0
335501,335502,12,sequence,
335501,88499,1,same_skill,276.0
335502,335503,12,same_skill+sequence,276.0
336582,461091,16,sequence,
336582,620381,1,same_skill,42.0
336582,620385,1,same_skill,42.0
336582,89632,15,sequence,
336582,98655,33,sequence,
33669,4507,78,sequence,
33669,991,12,sequence,
338321,342821,186,same_skill+sequence,277.0
338321,345039,1,same_skill,277.0
338321,39463,1,same_skill,277.0
338321,53926,1,same_skill,277.0
338835,338836,1,same_skill,85.0
338835,338844,1,same_skill,85.0
338835,338847,1,same_skill,85.0
338835,338848,12,same_skill+sequence,85.0
338835,338850,1,same_skill,85.0
338835,338854,1,same_skill,85.0
338835,338863,11,sequence,
338835,338871,1,same_skill,85.0
338835,338873,12,same_skill+sequence,85.0
338835,338874,10,sequence,
338836,338837,10,sequence,
338836,338844,1,same_skill,85.0
338836,338848,16,same_skill+sequence,85.0
338836,338854,1,same_skill,85.0
338836,338861,13,same_skill+sequence,85.0
338836,338871,13,sequence,
338836,338873,1,same_skill,85.0
338836,8857,1,same_skill,85.0
338837,338838,1,same_skill,85.0
338837,338839,1,same_skill,85.0
338837,338840,1,same_skill,85.0
338837,338845,1,same_skill,85.0
338837,338849,1,same_skill,85.0
338837,338854,11,sequence,
338837,338863,1,same_skill,85.0
338837,338864,1,same_skill,85.0
338837,338868,10,sequence,
338837,338874,1,same_skill,85.0
338838,338839,11,same_skill+sequence,85.0
338838,338845,1,same_skill,85.0
338838,338846,1,same_skill,85.0
338838,338848,10,sequence,
338838,338849,1,same_skill,85.0
338838,338850,13,sequence,
338838,338858,11,sequence,
338838,338863,11,same_skill+sequence,85.0
338838,338864,1,same_skill,85.0
338838,338867,1,same_skill,85.0
338838,338873,14,sequence,
338839,338845,13,same_skill+sequence,85.0
338839,338846,1,same_skill,85.0
338839,338849,1,same_skill,85.0
338839,338863,10,sequence,
338839,338867,1,same_skill,85.0
338839,338871,13,sequence,
338840,338846,10,sequence,
338840,338849,1,same_skill,85.0
338840,338858,1,same_skill,85.0
338840,338863,1,same_skill,85.0
338840,338864,1,same_skill,85.0
338840,338868,1,same_skill,85.0
338840,338874,1,same_skill,85.0
338840,535626,1,same_skill,85.0
338844,338846,11,sequence,
338844,338848,12,same_skill+sequence,85.0
338844,338850,1,same_skill,85.0
338844,338854,1,same_skill,85.0
338844,338861,1,same_skill,85.0
338844,338863,10,sequence,
338844,338873,1,same_skill,85.0
338844,338874,13,sequence,
338844,8857,1,same_skill,85.0
338845,338846,1,same_skill,85.0
338845,338849,1,same_skill,85.0
338845,338861,10,sequence,
338845,338864,1,same_skill,85.0
338845,338867,1,same_skill,85.0
338846,338848,13,sequence,
338846,338849,1,same_skill,85.0
338846,338867,1,same_skill,85.0
338847,338850,1,same_skill,85.0
338847,338854,1,same_skill,85.0
338847,338858,1,same_skill,85.0
338847,338867,11,sequence,
338847,338868,1,same_skill,85.0
338847,338871,1,same_skill,85.0
338847,338873,1,same_skill,85.0
338847,338874,12,sequence,
338847,535626,1,same_skill,85.0
338848,338849,10,sequence,
338848,338861,1,same_skill,85.0
338848,338867,10,sequence,
338848,338868,10,sequence,
338848,338873,1,same_skill,85.0
338848,8857,1,same_skill,85.0
338849,338850,10,sequence,
338849,338858,10,sequence,
338849,338863,1,same_skill,85.0
338849,338864,1,same_skill,85.0
338849,338868,12,sequence,
338849,338874,11,sequence,
338850,338854,1,same_skill,85.0
338850,338858,1,same_skill,85.0
338850,338864,13,sequence,
338850,338871,1,same_skill,85.0
338850,338873,1,same_skill,85.0
338850,535626,1,same_skill,85.0
338854,338864,10,sequence,
338854,338871,1,same_skill,85.0
338854,338873,1,same_skill,85.0
338854,535626,1,same_skill,85.0
338858,338861,10,sequence,
338858,338863,15,same_skill+sequence,85.0
338858,338867,11,sequence,
338858,338868,1,same_skill,85.0
338858,338871,1,same_skill,85.0
338858,338874,1,same_skill,85.0
338858,535626,1,same_skill,85.0
338861,338863,12,sequence,
338861,338874,13,sequence,
338861,86345,29,sequence,
338861,8857,1,same_skill,85.0
338863,338864,1,same_skill,85.0
338863,338868,13,same_skill+sequence,85.0
338863,338871,13,sequence,
338863,338874,1,same_skill,85.0
338864,338868,1,same_skill,85.0
338864,338874,15,same_skill+sequence,85.0
338867,338868,13,sequence,
338868,338871,1,same_skill,85.0
338868,338874,1,same_skill,85.0
338868,535626,1,same_skill,85.0
338871,338873,11,sequence,
338871,338874,1,same_skill,85.0
338871,535626,1,same_skill,85.0
338873,8857,1,same_skill,85.0
338874,535626,1,same_skill,85.0
34128,86457,162,sequence,
342,4080,15,sequence,
342,409,462,same_skill+sequence,95.0
342,839,16,sequence,
342821,345037,1,same_skill,277.0
342821,345039,1,same_skill,277.0
342821,345040,1,same_skill,277.0
342821,461091,161,sequence,
34288,37154,40,sequence,
34288,39798,55,sequence,
34288,45924,101,sequence,
34288,562577,1,same_skill,315.0
34288,563969,1,same_skill,315.0
34288,569685,1,same_skill,315.0
34288,61096,13,sequence,
345037,345039,185,same_skill+sequence,277.0
345037,345040,1,same_skill,277.0
345039,345040,185,same_skill+sequence,277.0
36725,81115,16,sequence,
36725,88427,23,sequence,
36725,991,1,same_skill,106.0
36899,37084,191,sequence,
36899,37639,11,sequence,
36899,53835,1,same_skill,277.0
36899,53934,1,same_skill,277.0
36899,75250,162,sequence,
36899,89721,1,same_skill,277.0
36899,89748,1,same_skill,277.0
36907,36912,202,sequence,
36907,36915,28,sequence,
36907,36947,1,same_skill,321.0
36907,36963,1,same_skill,321.0
36907,37094,58,same_skill+sequence,321.0
36907,37647,18,sequence,
36912,36915,29,sequence,
36912,36947,20,sequence,
36912,37639,25,sequence,
36915,37149,148,sequence,
36915,37647,19,sequence,
36915,53934,15,sequence,
36915,54265,23,sequence,
36915,84589,1,same_skill,309.0
36915,84594,1,same_skill,309.0
36915,84599,1,same_skill,309.0
36915,84601,1,same_skill,309.0
36915,84617,1,same_skill,309.0
36915,84889,18,sequence,
36915,84899,15,sequence,
36915,85110,1,same_skill,309.0
36915,85111,1,same_skill,309.0
36915,85113,1,same_skill,309.0
36915,86454,13,sequence,
36915,86575,14,sequence,
36915,86786,24,sequence,
36915,89759,20,sequence,
36947,36963,193,same_skill+sequence,321.0
36947,37094,28,same_skill+sequence,321.0
36963,37084,75,sequence,
36963,37094,99,same_skill+sequence,321.0
36963,37645,10,sequence,
37084,37094,72,sequence,
37084,39463,190,sequence,
37084,420655,15,sequence,
37084,53843,1,same_skill,277.0
37084,53849,1,same_skill,277.0
37084,53907,1,same_skill,277.0
37084,53953,1,same_skill,277.0
37084,89884,1,same_skill,277.0
37084,89888,1,same_skill,277.0
37084,89948,1,same_skill,277.0
37149,403856,1,same_skill,309.0
37149,51012,14,sequence,
37149,535623,1,same_skill,309.0
37149,53934,24,sequence,
37149,54265,21,sequence,
37149,84593,1,same_skill,309.0
37149,84899,16,sequence,
37149,84983,1,same_skill,309.0
37149,84996,1,same_skill,309.0
37149,85112,1,same_skill,309.0
37149,86454,13,sequence,
37149,86575,16,sequence,
37149,86786,10,sequence,
37149,89759,19,sequence,
37151,37154,199,same_skill+sequence,77.0
37151,39798,57,same_skill+sequence,77.0
37151,849,1,same_skill,77.0
37151,86239,68,sequence,
37154,39798,68,same_skill+sequence,77.0
37154,4059,32,sequence,
37639,37645,144,same_skill+sequence,53.0
37639,39798,91,sequence,
37645,37647,200,sequence,
37647,53293,1,same_skill,51.0
37647,66567,1,same_skill,51.0
37647,66601,1,same_skill,51.0
37647,66602,1,same_skill,51.0
39463,53926,1,same_skill,277.0
39798,8463,89,sequence,
39798,849,1,same_skill,77.0
39798,86239,16,sequence,
4003,403733,1,same_skill,86.0
4003,403760,1,same_skill,86.0
4003,4080,163,same_skill+sequence,86.0
4003,409,11,sequence,
4003,41,12,sequence,
4003,839,33,sequence,
4003,98538,1,same_skill,86.0
403733,4080,1,same_skill,86.0
403733,408750,23,sequence,
403733,409181,17,sequence,
403733,409613,16,sequence,
403733,50985,20,sequence,
403733,53833,28,sequence,
403733,53987,30,sequence,
403733,54340,31,sequence,
403733,84889,19,sequence,
403733,87024,28,sequence,
403733,87025,17,sequence,
403733,87473,20,sequence,
403733,88200,1,same_skill,86.0
403733,88207,1,same_skill,86.0
403733,88239,1,same_skill,86.0
403733,88248,1,same_skill,86.0
403733,88292,22,sequence,
403733,88498,20,sequence,
403733,94843,17,sequence,
403733,97547,25,sequence,
403733,98538,1,same_skill,86.0
403760,403856,26,sequence,
403760,4080,1,same_skill,86.0
403760,87500,20,sequence,
403760,87549,26,sequence,
403760,87770,30,sequence,
403760,87884,23,sequence,
403760,88031,18,sequence,
403760,88097,15,sequence,
403760,90975,19,sequence,
403856,535623,1,same_skill,309.0
403856,84593,1,same_skill,309.0
403856,84983,1,same_skill,309.0
403856,87500,28,sequence,
403856,87549,17,sequence,
403856,87770,21,sequence,
403856,87884,19,sequence,
403856,88031,24,sequence,
403856,88097,23,sequence,
403856,90975,22,sequence,
4059,535644,1,same_skill,79.0
4059,535646,1,same_skill,79.0
4059,814,18,sequence,
4059,86591,1,same_skill,79.0
4059,86612,1,same_skill,79.0
4059,86704,1,same_skill,79.0
4059,98874,77,sequence,
4080,409,13,sequence,
4080,839,34,sequence,
4080,88248,1,same_skill,86.0
4080,98538,1,same_skill,86.0
408546,81116,1,same_skill,312.0
408546,87263,32,sequence,
408546,90562,36,sequence,
408546,90966,35,sequence,
408546,97639,37,sequence,
408750,409181,13,sequence,
408750,409613,24,sequence,
408750,50985,15,sequence,
408750,53833,12,sequence,
408750,53987,16,sequence,
408750,54340,18,sequence,
408750,568933,1,same_skill,54.0
408750,568934,1,same_skill,54.0
408750,568980,1,same_skill,54.0
408750,597537,1,same_skill,54.0
408750,597549,1,same_skill,54.0
408750,597559,1,same_skill,54.0
408750,84889,18,sequence,
408750,87024,15,sequence,
408750,87025,19,sequence,
408750,87473,18,sequence,
408750,88292,21,sequence,
408750,88432,1,same_skill,54.0
408750,88474,1,same_skill,54.0
408750,88498,24,sequence,
408750,94843,16,sequence,
408750,97547,18,sequence,
409,988,10,sequence,
409,991,10,sequence,
409181,409613,27,sequence,
409181,50985,110,sequence,
409181,53833,102,sequence,
409181,53987,117,sequence,
409181,54340,114,sequence,
409181,84889,116,sequence,
409181,86345,1,same_skill,280.0
409181,86515,1,same_skill,280.0
409181,86668,1,same_skill,280.0
409181,87024,20,sequence,
409181,87025,25,sequence,
409181,87473,120,sequence,
409181,88292,17,sequence,
409181,88498,14,sequence,
409181,94843,129,sequence,
409181,97547,21,sequence,
409613,50985,18,sequence,
409613,53833,27,sequence,
409613,53987,15,sequence,
409613,54340,19,sequence,
409613,84889,12,sequence,
409613,86314,1,same_skill,280.0
409613,86317,1,same_skill,280.0
409613,86319,1,same_skill,280.0
409613,86323,1,same_skill,280.0
409613,86347,1,same_skill,280.0
409613,86357,1,same_skill,280.0
409613,86456,1,same_skill,280.0
409613,86539,1,same_skill,280.0
409613,87024,20,sequence,
409613,87025,20,sequence,
409613,87473,21,sequence,
409613,88292,25,sequence,
409613,88498,18,sequence,
409613,94843,14,sequence,
409613,97547,17,sequence,
41,482,73,sequence,
41,894,118,same_skill+sequence,75.0
41,89619,1,same_skill,75.0
41,89632,1,same_skill,75.0
41,89641,1,same_skill,75.0
417272,418498,29,sequence,
417272,419096,49,sequence,
417272,419102,47,sequence,
417272,419128,50,sequence,
417272,86341,1,same_skill,280.0
417272,86343,1,same_skill,280.0
417272,86517,1,same_skill,280.0
417272,86528,1,same_skill,280.0
417272,86578,1,same_skill,280.0
417272,86649,1,same_skill,280.0
417272,86738,1,same_skill,280.0
417272,86750,1,same_skill,280.0
418498,419096,47,sequence,
418498,419102,52,sequence,
418498,419128,47,sequence,
418498,86527,1,same_skill,280.0
418498,86581,1,same_skill,280.0
418498,86624,1,same_skill,280.0
418498,86666,1,same_skill,280.0
418498,86667,1,same_skill,280.0
418498,86739,1,same_skill,280.0
418498,86755,1,same_skill,280.0
418498,86770,1,same_skill,280.0
419096,419102,111,sequence,
419096,419128,126,sequence,
419096,86330,1,same_skill,280.0
419096,86332,1,same_skill,280.0
419096,86359,1,same_skill,280.0
419096,86446,1,same_skill,280.0
419096,86533,1,same_skill,280.0
419096,86534,1,same_skill,280.0
419096,86536,1,same_skill,280.0
419096,86766,1,same_skill,280.0
419096,87026,11,sequence,
419102,419128,124,sequence,
419102,86353,1,same_skill,280.0
419102,86509,1,same_skill,280.0
419102,86574,1,same_skill,280.0
419102,86794,11,sequence,
419128,86315,1,same_skill,280.0
419128,86325,1,same_skill,280.0
419128,86352,1,same_skill,280.0
419128,86511,1,same_skill,280.0
419128,86523,1,same_skill,280.0
419128,86541,1,same_skill,280.0
419128,86544,1,same_skill,280.0
419128,86546,1,same_skill,280.0
423000,423004,21,sequence,
423000,423012,19,sequence,
423000,423016,16,sequence,
423000,423020,23,sequence,
423000,423024,15,sequence,
423000,423028,20,same_skill+sequence,325.0
423000,423032,16,sequence,
423000,423036,17,sequence,
423000,423040,67,same_skill+sequence,325.0
423000,423044,14,sequence,
423000,423048,13,sequence,
423000,423052,11,sequence,
423000,423056,19,sequence,
423000,423060,25,same_skill+sequence,325.0
423000,423064,16,sequence,
423000,423068,14,sequence,
423000,423072,13,sequence,
423000,423076,13,sequence,
423000,423080,20,same_skill+sequence,325.0
423000,423084,11,sequence,
423000,423088,15,sequence,
423000,423092,14,sequence,
423000,423096,18,sequence,
423000,423100,19,sequence,
423000,423104,16,sequence,
423000,423108,19,sequence,
423000,423112,12,sequence,
423000,93929,38,sequence,
423004,423008,15,sequence,
423004,423012,11,sequence,
423004,423016,14,sequence,
423004,423020,12,sequence,
423004,423024,15,sequence,
423004,423028,16,same_skill+sequence,325.0
423004,423032,16,sequence,
423004,423036,13,sequence,
423004,423040,11,same_skill+sequence,325.0
423004,423044,13,same_skill+sequence,325.0
423004,423048,18,sequence,
423004,423052,16,same_skill+sequence,325.0
423004,423056,22,sequence,
423004,423060,12,same_skill+sequence,325.0
423004,423064,17,same_skill+sequence,325.0
423004,423068,16,sequence,
423004,423072,17,sequence,
423004,423076,18,sequence,
423004,423080,15,same_skill+sequence,325.0
423004,423084,13,sequence,
423004,423088,26,sequence,
423004,423092,16,sequence,
423004,423096,21,same_skill+sequence,325.0
423004,423100,21,sequence,
423004,423104,20,sequence,
423004,423108,13,sequence,
423004,423112,13,sequence,
423008,423012,1,same_skill,325.0
423008,423016,23,same_skill+sequence,325.0
423008,423020,12,sequence,
423008,423024,20,sequence,
423008,423028,12,sequence,
423008,423032,14,same_skill+sequence,325.0
423008,423036,15,same_skill+sequence,325.0
423008,423040,14,sequence,
423008,423044,17,sequence,
423008,423048,16,sequence,
423008,423052,16,sequence,
423008,423056,13,sequence,
423008,423060,23,sequence,
423008,423064,13,sequence,
423008,423068,14,sequence,
423008,423072,11,sequence,
423008,423076,13,sequence,
423008,423080,26,sequence,
423008,423084,11,same_skill+sequence,325.0
423008,423088,20,sequence,
423008,423092,16,same_skill+sequence,325.0
423008,423096,14,sequence,
423008,423100,17,sequence,
423008,423104,1,same_skill,325.0
423008,423108,12,same_skill+sequence,325.0
423008,423112,12,sequence,
423012,423016,13,sequence,
423012,423020,13,same_skill+sequence,325.0
423012,423028,20,sequence,
423012,423032,13,same_skill+sequence,325.0
423012,423036,22,sequence,
423012,423040,13,sequence,
423012,423044,10,sequence,
423012,423048,11,sequence,
423012,423052,13,sequence,
423012,423056,18,sequence,
423012,423060,18,sequence,
423012,423064,18,sequence,
423012,423068,13,sequence,
423012,423072,14,same_skill+sequence,325.0
423012,423076,13,same_skill+sequence,325.0
423012,423080,16,sequence,
423012,423084,10,sequence,
423012,423088,18,sequence,
423012,423092,22,same_skill+sequence,325.0
423012,423096,23,sequence,
423012,423100,17,sequence,
423012,423104,14,same_skill+sequence,325.0
423012,423108,13,same_skill+sequence,325.0
423012,423112,11,sequence,
423016,423020,11,sequence,
423016,423024,14,sequence,
423016,423028,14,sequence,
423016,423032,14,sequence,
423016,423036,15,same_skill+sequence,325.0
423016,423040,16,sequence,
423016,423044,11,sequence,
423016,423048,12,sequence,
423016,423052,15,sequence,
423016,423056,15,sequence,
423016,423060,12,sequence,
423016,423064,13,sequence,
423016,423068,19,sequence,
423016,423072,11,sequence,
423016,423076,12,sequence,
423016,423080,19,sequence,
423016,423084,12,same_skill+sequence,325.0
423016,423088,19,sequence,
423016,423092,17,same_skill+sequence,325.0
423016,423096,17,sequence,
423016,423100,22,sequence,
423016,423104,16,same_skill+sequence,325.0
423016,423108,26,same_skill+sequence,325.0
423016,423112,15,sequence,
423020,423024,16,same_skill+sequence,325.0
423020,423028,20,sequence,
423020,423032,16,same_skill+sequence,325.0
423020,423036,15,sequence,
423020,423040,12,sequence,
423020,423044,12,sequence,
423020,423048,12,sequence,
423020,423052,15,sequence,
423020,423056,24,sequence,
423020,423060,22,sequence,
423020,423064,13,sequence,
423020,423068,18,same_skill+sequence,325.0
423020,423072,13,same_skill+sequence,325.0
423020,423076,16,same_skill+sequence,325.0
423020,423080,11,sequence,
423020,423084,12,sequence,
423020,423088,12,sequence,
423020,423096,13,sequence,
423020,423100,20,same_skill+sequence,325.0
423020,423108,13,sequence,
423020,423112,15,same_skill+sequence,325.0
423024,423028,16,sequence,
423024,423032,17,same_skill+sequence,325.0
423024,423036,12,sequence,
423024,423040,14,sequence,
423024,423044,17,sequence,
423024,423048,26,sequence,
423024,423052,19,sequence,
423024,423056,18,same_skill+sequence,325.0
423024,423060,13,sequence,
423024,423064,16,sequence,
423024,423068,13,same_skill+sequence,325.0
423024,423072,13,same_skill+sequence,325.0
423024,423076,18,same_skill+sequence,325.0
423024,423080,15,sequence,
423024,423084,11,sequence,
423024,423088,11,sequence,
423024,423092,19,sequence,
423024,423096,26,sequence,
423024,423100,1,same_skill,325.0
423024,423104,15,sequence,
423024,423108,11,sequence,
423024,423112,14,same_skill+sequence,325.0
423028,423032,14,sequence,
423028,423040,21,same_skill+sequence,325.0
423028,423044,19,same_skill+sequence,325.0
423028,423052,14,sequence,
423028,423056,16,sequence,
423028,423060,15,same_skill+sequence,325.0
423028,423064,1,same_skill,325.0
423028,423068,18,sequence,
423028,423072,14,sequence,
423028,423076,13,sequence,
423028,423080,25,same_skill+sequence,325.0
423028,423084,20,sequence,
423028,423088,12,sequence,
423028,423092,17,sequence,
423028,423096,28,sequence,
423028,423100,17,sequence,
423028,423104,26,sequence,
423028,423108,12,sequence,
423028,423112,17,sequence,
423032,423036,15,sequence,
423032,423040,20,sequence,
423032,423044,16,sequence,
423032,423048,12,sequence,
423032,423052,17,sequence,
423032,423056,13,sequence,
423032,423060,15,sequence,
423032,423064,18,sequence,
423032,423068,14,sequence,
423032,423072,14,same_skill+sequence,325.0
423032,423076,16,same_skill+sequence,325.0
423032,423080,15,sequence,
423032,423084,16,sequence,
423032,423088,17,sequence,
423032,423092,14,same_skill+sequence,325.0
423032,423096,15,sequence,
423032,423100,18,sequence,
423032,423104,14,sequence,
423032,423108,14,same_skill+sequence,325.0
423032,423112,16,sequence,
423036,423040,13,sequence,
423036,423044,18,sequence,
423036,423048,20,sequence,
423036,423052,17,sequence,
423036,423056,13,sequence,
423036,423060,14,sequence,
423036,423064,19,sequence,
423036,423068,18,sequence,
423036,423072,16,sequence,
423036,423076,10,sequence,
423036,423080,14,sequence,
423036,423084,18,same_skill+sequence,325.0
423036,423092,13,sequence,
423036,423100,16,sequence,
423036,423104,17,same_skill+sequence,325.0
423036,423108,12,sequence,
423036,423112,18,sequence,
423040,423044,16,sequence,
423040,423048,18,sequence,
423040,423052,17,sequence,
423040,423056,17,sequence,
423040,423060,22,same_skill+sequence,325.0
423040,423064,17,sequence,
423040,423068,10,sequence,
423040,423072,15,sequence,
423040,423080,14,same_skill+sequence,325.0
423040,423084,17,sequence,
423040,423092,16,sequence,
423040,423096,15,sequence,
423040,423100,12,sequence,
423040,423104,16,sequence,
423040,423108,17,sequence,
423040,423112,13,sequence,
423044,423048,12,sequence,
423044,423052,17,same_skill+sequence,325.0
423044,423056,16,sequence,
423044,423060,14,same_skill+sequence,325.0
423044,423064,14,same_skill+sequence,325.0
423044,423068,15,sequence,
423044,423072,12,sequence,
423044,423076,10,sequence,
423044,423080,20,same_skill+sequence,325.0
423044,423084,24,sequence,
423044,423088,23,same_skill+sequence,325.0
423044,423092,17,sequence,
423044,423096,24,same_skill+sequence,325.0
423044,423100,20,sequence,
423044,423104,14,sequence,
423044,423108,13,sequence,
423044,423112,17,sequence,
423048,423052,17,same_skill+sequence,325.0
423048,423056,20,same_skill+sequence,325.0
423048,423060,20,sequence,
423048,423064,21,same_skill+sequence,325.0
423048,423068,25,same_skill+sequence,325.0
423048,423072,15,sequence,
423048,423076,14,sequence,
423048,423080,11,sequence,
423048,423084,21,sequence,
423048,423088,14,same_skill+sequence,325.0
423048,423092,12,sequence,
423048,423096,16,same_skill+sequence,325.0
423048,423100,12,same_skill+sequence,325.0
423048,423104,12,sequence,
423048,423108,16,sequence,
423048,423112,17,same_skill+sequence,325.0
423052,423056,19,same_skill+sequence,325.0
423052,423060,16,sequence,
423052,423064,12,same_skill+sequence,325.0
423052,423068,23,sequence,
423052,423072,18,sequence,
423052,423076,17,sequence,
423052,423080,17,same_skill+sequence,325.0
423052,423084,22,sequence,
423052,423088,20,same_skill+sequence,325.0
423052,423092,13,sequence,
423052,423096,17,same_skill+sequence,325.0
423052,423100,11,sequence,
423052,423104,15,sequence,
423052,423108,15,sequence,
423052,423112,20,sequence,
423056,423060,18,sequence,
423056,423068,16,same_skill+sequence,325.0
423056,423072,18,sequence,
423056,423076,19,sequence,
423056,423080,20,sequence,
423056,423084,13,sequence,
423056,423088,19,same_skill+sequence,325.0
423056,423092,16,sequence,
423056,423096,15,same_skill+sequence,325.0
423056,423100,1,same_skill,325.0
423056,423104,12,sequence,
423056,423108,10,sequence,
423056,423112,13,same_skill+sequence,325.0
423060,423064,18,sequence,
423060,423068,18,sequence,
423060,423072,17,sequence,
423060,423080,17,same_skill+sequence,325.0
423060,423084,19,sequence,
423060,423088,28,sequence,
423060,423092,20,sequence,
423060,423096,17,sequence,
423060,423100,18,sequence,
423060,423104,19,sequence,
423060,423108,19,sequence,
423060,423112,18,sequence,
423064,423068,17,sequence,
423064,423072,13,sequence,
423064,423076,22,sequence,
423064,423080,13,same_skill+sequence,325.0
423064,423084,18,sequence,
423064,423088,16,same_skill+sequence,325.0
423064,423092,14,sequence,
423064,423096,13,same_skill+sequence,325.0
423064,423104,22,sequence,
423064,423108,16,sequence,
423064,423112,20,sequence,
423068,423072,11,sequence,
423068,423076,16,sequence,
423068,423080,13,sequence,
423068,423084,17,sequence,
423068,423088,16,same_skill+sequence,325.0
423068,423092,17,sequence,
423068,423096,13,same_skill+sequence,325.0
423068,423100,13,same_skill+sequence,325.0
423068,423104,29,sequence,
423068,423112,19,same_skill+sequence,325.0
423072,423076,15,same_skill+sequence,325.0
423072,423080,13,sequence,
423072,423084,13,sequence,
423072,423088,13,sequence,
423072,423092,20,same_skill+sequence,325.0
423072,423096,15,sequence,
423072,423100,20,sequence,
423072,423104,12,sequence,
423072,423108,18,same_skill+sequence,325.0
423072,423112,22,same_skill+sequence,325.0
423076,423080,16,sequence,
423076,423084,16,sequence,
423076,423088,16,sequence,
423076,423092,1,same_skill,325.0
423076,423096,17,sequence,
423076,423100,19,same_skill+sequence,325.0
423076,423104,12,sequence,
423076,423108,17,sequence,
423076,423112,15,same_skill+sequence,325.0
423080,423084,19,sequence,
423080,423088,15,sequence,
423080,423092,20,sequence,
423080,423096,11,sequence,
423080,423100,15,sequence,
423080,423104,18,sequence,
423080,423108,16,sequence,
423080,423112,17,sequence,
423084,423088,15,sequence,
423084,423092,20,sequence,
423084,423096,15,sequence,
423084,423100,20,sequence,
423084,423104,12,same_skill+sequence,325.0
423084,423108,1,same_skill,325.0
423088,423092,16,sequence,
423088,423096,21,same_skill+sequence,325.0
423088,423100,14,same_skill+sequence,325.0
423088,423104,15,sequence,
423088,423108,13,sequence,
423088,423112,18,sequence,
423092,423100,12,sequence,
423092,423104,20,same_skill+sequence,325.0
423092,423108,15,same_skill+sequence,325.0
423092,423112,13,sequence,
423096,423100,18,sequence,
423096,423104,13,sequence,
423096,423108,13,sequence,
423096,423112,12,sequence,
423100,423104,17,sequence,
423100,423108,11,sequence,
423100,423112,16,same_skill+sequence,325.0
423104,423108,1,same_skill,325.0
423104,423112,17,sequence,
423108,423112,11,sequence,
435859,435874,436,sequence,
435859,583738,1,same_skill,75.0
435874,435884,382,sequence,
435884,86582,1,same_skill,79.0
435884,87263,1,same_skill,79.0
441858,444200,15,sequence,
441858,483331,17,sequence,
441858,584853,14,sequence,
441858,610357,218,sequence,
441858,620386,1,same_skill,298.0
441858,620388,21,sequence,
441858,75525,70,sequence,
444199,444200,67,sequence,
444199,449312,35,sequence,
444199,483331,1,same_skill,297.0
444199,583732,36,sequence,
444199,610357,11,sequence,
444199,620384,1,same_skill,297.0
444199,620388,24,sequence,
444199,637272,1,same_skill,297.0
444199,637275,1,same_skill,297.0
444199,86172,18,sequence,
444199,86240,13,sequence,
444200,483331,144,same_skill+sequence,297.0
444200,568932,14,sequence,
444200,583732,34,same_skill+sequence,297.0
444200,584853,14,sequence,
444200,610357,31,sequence,
444200,637267,50,sequence,
444200,637270,1,same_skill,297.0
444200,637271,1,same_skill,297.0
444200,637272,1,same_skill,297.0
444200,75178,22,sequence,
444200,86240,13,sequence,
449312,620388,1,same_skill,301.0
449312,90162,1,same_skill,301.0
45453,45929,66,sequence,
45453,569689,1,same_skill,103.0
45453,87295,16,sequence,
455,482,1,same_skill,5.0
455,525,282,same_skill+sequence,5.0
455,8857,38,sequence,
45924,45926,203,sequence,
45926,45929,203,same_skill+sequence,12.0
45926,98543,1,same_skill,12.0
45929,98543,1,same_skill,12.0
461091,54458,1,same_skill,279.0
461091,85691,27,sequence,
461091,89632,113,sequence,
461091,89995,1,same_skill,279.0
461091,89998,1,same_skill,279.0
461091,90064,1,same_skill,279.0
461091,90085,1,same_skill,279.0
461091,90106,1,same_skill,279.0
4674,659421,10,sequence,
482,525,1,same_skill,5.0
482,849,11,sequence,
482,894,69,sequence,
482,98874,29,sequence,
483331,584853,13,sequence,
483331,610357,17,sequence,
483331,620384,1,same_skill,297.0
483331,637267,59,sequence,
483331,637270,1,same_skill,297.0
483331,637271,1,same_skill,297.0
483331,637272,1,same_skill,297.0
483331,637275,1,same_skill,297.0
483331,637290,10,sequence,
49682,53835,11,sequence,
49682,87079,13,sequence,
49682,87297,12,sequence,
49682,88288,11,sequence,
50982,50983,16,sequence,
50982,50984,14,sequence,
50982,50985,164,sequence,
50982,50986,17,sequence,
50982,50987,17,sequence,
50982,50988,20,sequence,
50982,50989,15,sequence,
50982,50990,14,sequence,
50982,50991,21,sequence,
50982,50992,14,sequence,
50982,50993,20,sequence,
50982,50994,17,sequence,
50982,50995,17,sequence,
50982,50997,16,sequence,
50982,50998,20,sequence,
50982,51000,11,sequence,
50982,51001,10,sequence,
50982,51002,13,sequence,
50982,51003,10,sequence,
50982,51004,16,sequence,
50982,51005,18,sequence,
50982,51006,13,sequence,
50982,51007,16,sequence,
50982,51008,14,sequence,
50982,51009,22,sequence,
50982,51010,10,sequence,
50982,51011,19,sequence,
50982,51024,1,same_skill,310.0
50982,51028,1,same_skill,310.0
50982,51036,1,same_skill,310.0
50982,51108,1,same_skill,310.0
50982,51112,1,same_skill,310.0
50982,80730,157,sequence,
50982,84632,1,same_skill,310.0
50982,85019,1,same_skill,310.0
50982,85086,1,same_skill,310.0
50983,50984,14,same_skill+sequence,310.0
50983,50985,20,sequence,
50983,50986,14,sequence,
50983,50987,22,sequence,
50983,50988,20,sequence,
50983,50989,23,sequence,
50983,50990,20,same_skill+sequence,310.0
50983,50991,17,sequence,
50983,50992,17,sequence,
50983,50993,10,sequence,
50983,50994,12,sequence,
50983,50996,21,sequence,
50983,50997,15,sequence,
50983,50998,14,sequence,
50983,50999,17,sequence,
50983,51000,12,sequence,
50983,51001,15,sequence,
50983,51002,14,sequence,
50983,51003,12,sequence,
50983,51004,11,sequence,
50983,51005,17,sequence,
50983,51006,17,sequence,
50983,51007,12,sequence,
50983,51008,13,sequence,
50983,51009,25,sequence,
50983,51010,16,sequence,
50983,51011,13,sequence,
50983,51056,1,same_skill,310.0
50983,84635,1,same_skill,310.0
50983,84641,1,same_skill,310.0
50983,85031,1,same_skill,310.0
50983,85034,1,same_skill,310.0
50983,85077,1,same_skill,310.0
50984,50985,14,sequence,
50984,50986,17,sequence,
50984,50987,11,sequence,
50984,50988,27,same_skill+sequence,310.0
50984,50989,13,sequence,
50984,50990,21,same_skill+sequence,310.0
50984,50991,15,sequence,
50984,50992,19,sequence,
50984,50993,12,sequence,
50984,50994,18,sequence,
50984,50995,23,sequence,
50984,50996,19,sequence,
50984,50997,20,sequence,
50984,50998,14,sequence,
50984,50999,15,sequence,
50984,51000,21,sequence,
50984,51001,15,sequence,
50984,51002,18,sequence,
50984,51003,12,same_skill+sequence,310.0
50984,51004,16,sequence,
50984,51005,19,sequence,
50984,51006,13,sequence,
50984,51007,19,sequence,
50984,51008,18,sequence,
50984,51009,13,sequence,
50984,51010,23,sequence,
50984,51011,25,same_skill+sequence,310.0
50984,84635,1,same_skill,310.0
50984,84641,1,same_skill,310.0
50984,85046,1,same_skill,310.0
50985,50987,15,sequence,
50985,50988,15,sequence,
50985,50990,21,sequence,
50985,50991,17,sequence,
50985,50992,15,sequence,
50985,50993,22,sequence,
50985,50994,17,sequence,
50985,50995,14,sequence,
50985,50996,13,sequence,
50985,50997,19,sequence,
50985,50998,11,sequence,
50985,50999,21,sequence,
50985,51000,13,sequence,
50985,51001,15,sequence,
50985,51002,12,sequence,
50985,51003,13,sequence,
50985,51004,21,sequence,
50985,51005,14,sequence,
50985,51006,16,sequence,
50985,51007,22,sequence,
50985,51008,19,sequence,
50985,51009,16,sequence,
50985,51010,16,sequence,
50985,51011,14,sequence,
50985,51012,149,same_skill+sequence,310.0
50985,51028,1,same_skill,310.0
50985,51036,1,same_skill,310.0
50985,51108,1,same_skill,310.0
50985,53833,133,sequence,
50985,53987,103,sequence,
50985,54340,110,sequence,
50985,84889,121,sequence,
50985,87024,12,sequence,
50985,87025,19,sequence,
50985,87473,115,sequence,
50985,88292,22,sequence,
50985,88498,21,sequence,
50985,94843,108,sequence,
50985,97547,20,sequence,
50986,50987,19,sequence,
50986,50988,11,sequence,
50986,50990,14,sequence,
50986,50991,18,sequence,
50986,50992,16,sequence,
50986,50993,12,sequence,
50986,50994,18,sequence,
50986,50995,17,sequence,
50986,50996,14,sequence,
50986,50997,19,sequence,
50986,50999,18,sequence,
50986,51000,18,sequence,
50986,51001,13,sequence,
50986,51002,13,sequence,
50986,51003,18,sequence,
50986,51004,16,sequence,
50986,51005,14,sequence,
50986,51006,1,same_skill,310.0
50986,51007,13,sequence,
50986,51008,18,sequence,
50986,51009,17,sequence,
50986,51010,12,sequence,
50986,51011,16,sequence,
50986,51044,1,same_skill,310.0
50986,51048,1,same_skill,310.0
50986,51052,1,same_skill,310.0
50986,51104,1,same_skill,310.0
50986,51128,1,same_skill,310.0
50986,84650,1,same_skill,310.0
50986,85062,1,same_skill,310.0
50986,87025,11,sequence,
50986,87027,10,sequence,
50986,88293,14,sequence,
50986,94851,15,sequence,
50987,50988,20,same_skill+sequence,310.0
50987,50989,21,sequence,
50987,50990,18,sequence,
50987,50991,14,same_skill+sequence,310.0
50987,50992,16,sequence,
50987,50993,15,same_skill+sequence,310.0
50987,50994,15,sequence,
50987,50996,15,sequence,
50987,50997,16,same_skill+sequence,310.0
50987,50998,10,sequence,
50987,51000,17,sequence,
50987,51001,21,sequence,
50987,51002,14,sequence,
50987,51003,19,same_skill+sequence,310.0
50987,51004,19,sequence,
50987,51005,17,sequence,
50987,51006,19,sequence,
50987,51007,19,sequence,
50987,51008,16,sequence,
50987,51009,17,sequence,
50987,51010,12,sequence,
50987,85043,1,same_skill,310.0
50987,85046,1,same_skill,310.0
50987,85056,1,same_skill,310.0
50988,50989,20,sequence,
50988,50990,24,sequence,
50988,50991,19,same_skill+sequence,310.0
50988,50992,21,sequence,
50988,50993,16,same_skill+sequence,310.0
50988,50994,18,sequence,
50988,50997,15,same_skill+sequence,310.0
50988,50998,10,sequence,
50988,50999,15,sequence,
50988,51000,17,sequence,
50988,51001,13,sequence,
50988,51002,21,sequence,
50988,51003,16,same_skill+sequence,310.0
50988,51004,13,sequence,
50988,51005,19,sequence,
50988,51006,15,sequence,
50988,51007,17,sequence,
50988,51008,14,sequence,
50988,51009,15,sequence,
50988,51010,12,sequence,
50988,51011,23,same_skill+sequence,310.0
50988,85046,1,same_skill,310.0
50989,50990,28,sequence,
50989,50991,21,sequence,
50989,50992,25,sequence,
50989,50993,19,sequence,
50989,50994,17,sequence,
50989,50995,24,sequence,
50989,50996,21,sequence,
50989,50997,17,sequence,
50989,50998,15,sequence,
50989,50999,21,sequence,
50989,51000,16,sequence,
50989,51001,12,sequence,
50989,51002,19,sequence,
50989,51003,17,sequence,
50989,51004,20,sequence,
50989,51005,11,sequence,
50989,51006,15,sequence,
50989,51007,20,sequence,
50989,51008,15,sequence,
50989,51009,17,sequence,
50989,51010,20,sequence,
50989,51011,16,sequence,
50989,51016,1,same_skill,310.0
50989,51024,1,same_skill,310.0
50989,51064,1,same_skill,310.0
50989,51080,1,same_skill,310.0
50989,51112,1,same_skill,310.0
50989,84644,1,same_skill,310.0
50989,85019,1,same_skill,310.0
50989,85086,1,same_skill,310.0
50990,50991,18,sequence,
50990,50992,16,sequence,
50990,50993,21,sequence,
50990,50994,13,sequence,
50990,50996,12,sequence,
50990,50997,22,sequence,
50990,50998,19,sequence,
50990,50999,12,sequence,
50990,51000,11,sequence,
50990,51001,16,sequence,
50990,51002,14,sequence,
50990,51003,16,same_skill+sequence,310.0
50990,51004,13,sequence,
50990,51005,22,sequence,
50990,51006,23,sequence,
50990,51007,12,sequence,
50990,51008,17,sequence,
50990,51009,18,sequence,
50990,51010,11,sequence,
50990,51011,16,same_skill+sequence,310.0
50990,84635,1,same_skill,310.0
50990,84641,1,same_skill,310.0
50990,85034,1,same_skill,310.0
50990,85046,1,same_skill,310.0
50991,50992,18,sequence,
50991,50993,16,same_skill+sequence,310.0
50991,50994,21,sequence,
50991,50995,13,sequence,
50991,50996,15,sequence,
50991,50997,11,same_skill+sequence,310.0
50991,50998,19,sequence,
50991,50999,11,sequence,
50991,51001,11,sequence,
50991,51002,18,sequence,
50991,51003,16,same_skill+sequence,310.0
50991,51004,14,sequence,
50991,51005,18,sequence,
50991,51006,16,sequence,
50991,51007,21,sequence,
50991,51008,13,sequence,
50991,51009,13,sequence,
50991,51010,16,sequence,
50991,51011,23,same_skill+sequence,310.0
50991,85043,1,same_skill,310.0
50991,85046,1,same_skill,310.0
50992,50993,10,sequence,
50992,50994,11,sequence,
50992,50995,19,sequence,
50992,50996,12,sequence,
50992,50998,15,same_skill+sequence,310.0
50992,50999,12,sequence,
50992,51000,16,sequence,
50992,51001,13,sequence,
50992,51002,13,sequence,
50992,51003,17,sequence,
50992,51004,20,sequence,
50992,51005,22,same_skill+sequence,310.0
50992,51006,20,sequence,
50992,51008,18,sequence,
50992,51009,14,same_skill+sequence,310.0
50992,51010,12,same_skill+sequence,310.0
50992,51011,17,sequence,
50992,84653,1,same_skill,310.0
50992,85043,1,same_skill,310.0
50992,85056,1,same_skill,310.0
50992,85065,1,same_skill,310.0
50993,50994,15,sequence,
50993,50995,14,sequence,
50993,50996,12,sequence,
50993,50997,12,same_skill+sequence,310.0
50993,50998,14,sequence,
50993,50999,17,sequence,
50993,51000,15,sequence,
50993,51001,19,sequence,
50993,51003,19,sequence,
50993,51004,17,sequence,
50993,51005,15,sequence,
50993,51006,18,sequence,
50993,51007,11,sequence,
50993,51008,26,sequence,
50993,51009,15,same_skill+sequence,310.0
50993,51010,18,sequence,
50993,51011,13,sequence,
50993,85043,1,same_skill,310.0
50993,85046,1,same_skill,310.0
50993,85056,1,same_skill,310.0
50994,50995,14,sequence,
50994,50996,13,same_skill+sequence,310.0
50994,50997,11,sequence,
50994,50998,14,sequence,
50994,50999,11,sequence,
50994,51000,15,same_skill+sequence,310.0
50994,51001,19,sequence,
50994,51003,13,sequence,
50994,51004,1,same_skill,310.0
50994,51005,13,sequence,
50994,51007,21,sequence,
50994,51008,19,same_skill+sequence,310.0
50994,51009,10,sequence,
50994,51010,15,sequence,
50994,51011,20,sequence,
50994,84629,1,same_skill,310.0
50994,84638,1,same_skill,310.0
50994,85037,1,same_skill,310.0
50994,85083,1,same_skill,310.0
50995,50996,16,sequence,
50995,50997,17,sequence,
50995,50998,12,same_skill+sequence,310.0
50995,50999,13,same_skill+sequence,310.0
50995,51000,15,sequence,
50995,51001,16,same_skill+sequence,310.0
50995,51002,17,sequence,
50995,51003,21,sequence,
50995,51004,11,sequence,
50995,51005,15,same_skill+sequence,310.0
50995,51006,14,sequence,
50995,51008,16,sequence,
50995,51009,11,sequence,
50995,51010,21,same_skill+sequence,310.0
50995,51011,16,sequence,
50995,84647,1,same_skill,310.0
50995,85028,1,same_skill,310.0
50995,85065,1,same_skill,310.0
50996,50997,11,sequence,
50996,50998,22,sequence,
50996,50999,10,sequence,
50996,51000,21,same_skill+sequence,310.0
50996,51001,11,sequence,
50996,51002,13,sequence,
50996,51003,16,sequence,
50996,51004,18,same_skill+sequence,310.0
50996,51005,10,sequence,
50996,51006,13,sequence,
50996,51007,12,sequence,
50996,51008,16,same_skill+sequence,310.0
50996,51009,16,sequence,
50996,51010,22,sequence,
50996,51011,12,sequence,
50996,84629,1,same_skill,310.0
50996,84656,1,same_skill,310.0
50996,85068,1,same_skill,310.0
50996,85083,1,same_skill,310.0
50997,50998,15,sequence,
50997,50999,17,sequence,
50997,51000,14,sequence,
50997,51002,16,sequence,
50997,51003,15,sequence,
50997,51004,15,sequence,
50997,51005,15,sequence,
50997,51006,11,sequence,
50997,51007,17,sequence,
50997,51008,15,sequence,
50997,51009,18,same_skill+sequence,310.0
50997,51010,25,sequence,
50997,51011,16,sequence,
50997,84653,1,same_skill,310.0
50997,85043,1,same_skill,310.0
50997,85056,1,same_skill,310.0
50998,50999,14,sequence,
50998,51000,14,sequence,
50998,51001,21,sequence,
50998,51002,11,sequence,
50998,51003,13,sequence,
50998,51004,16,sequence,
50998,51005,18,same_skill+sequence,310.0
50998,51006,19,sequence,
50998,51007,16,sequence,
50998,51008,15,sequence,
50998,51009,16,same_skill+sequence,310.0
50998,51010,19,same_skill+sequence,310.0
50998,51011,11,sequence,
50998,84653,1,same_skill,310.0
50998,85056,1,same_skill,310.0
50998,85065,1,same_skill,310.0
50999,51000,12,sequence,
50999,51001,14,same_skill+sequence,310.0
50999,51002,12,sequence,
50999,51003,15,sequence,
50999,51004,22,sequence,
50999,51005,16,same_skill+sequence,310.0
50999,51006,14,sequence,
50999,51007,23,sequence,
50999,51010,23,same_skill+sequence,310.0
50999,51011,20,sequence,
50999,84647,1,same_skill,310.0
50999,85022,1,same_skill,310.0
50999,85028,1,same_skill,310.0
50999,85065,1,same_skill,310.0
51000,51002,11,same_skill+sequence,310.0
51000,51003,19,sequence,
51000,51004,13,sequence,
51000,51005,13,sequence,
51000,51006,17,sequence,
51000,51007,19,same_skill+sequence,310.0
51000,51008,1,same_skill,310.0
51000,51009,21,sequence,
51000,51010,17,sequence,
51000,51011,21,sequence,
51000,84629,1,same_skill,310.0
51000,84656,1,same_skill,310.0
51000,85068,1,same_skill,310.0
51001,51002,23,same_skill+sequence,310.0
51001,51003,14,sequence,
51001,51004,22,sequence,
51001,51005,15,sequence,
51001,51006,14,sequence,
51001,51007,14,same_skill+sequence,310.0
51001,51008,13,sequence,
51001,51009,19,sequence,
51001,51010,21,sequence,
51001,51011,16,sequence,
51001,84647,1,same_skill,310.0
51001,85022,1,same_skill,310.0
51001,85028,1,same_skill,310.0
51001,85068,1,same_skill,310.0
51002,51003,15,sequence,
51002,51004,10,sequence,
51002,51005,20,sequence,
51002,51006,12,sequence,
51002,51007,19,same_skill+sequence,310.0
51002,51009,15,sequence,
51002,51010,20,sequence,
51002,51011,15,sequence,
51002,84647,1,same_skill,310.0
51002,84656,1,same_skill,310.0
51002,85022,1,same_skill,310.0
51002,85028,1,same_skill,310.0
51002,85068,1,same_skill,310.0
51003,51004,17,sequence,
51003,51005,19,sequence,
51003,51006,17,sequence,
51003,51007,13,sequence,
51003,51009,19,sequence,
51003,51010,17,sequence,
51003,51011,19,same_skill+sequence,310.0
51003,84635,1,same_skill,310.0
51003,85046,1,same_skill,310.0
51004,51005,13,sequence,
51004,51006,14,sequence,
51004,51007,12,sequence,
51004,51008,15,same_skill+sequence,310.0
51004,51009,16,sequence,
51004,51010,14,sequence,
51004,51011,19,sequence,
51004,84629,1,same_skill,310.0
51004,84638,1,same_skill,310.0
51004,85037,1,same_skill,310.0
51004,85040,1,same_skill,310.0
51004,85083,1,same_skill,310.0
51005,51006,17,sequence,
51005,51007,14,sequence,
51005,51008,16,sequence,
51005,51009,10,sequence,
51005,51010,1,same_skill,310.0
51005,51011,18,sequence,
51005,84647,1,same_skill,310.0
51005,85028,1,same_skill,310.0
51005,85065,1,same_skill,310.0
51006,51007,11,sequence,
51006,51008,14,sequence,
51006,51009,18,sequence,
51006,51010,15,sequence,
51006,51011,12,sequence,
51006,51044,1,same_skill,310.0
51006,51048,1,same_skill,310.0
51006,51052,1,same_skill,310.0
51006,51068,1,same_skill,310.0
51006,51076,1,same_skill,310.0
51006,51128,1,same_skill,310.0
51006,84650,1,same_skill,310.0
51006,85793,44,sequence,
51007,51008,18,same_skill+sequence,310.0
51007,51010,15,sequence,
51007,51011,13,sequence,
51007,84656,1,same_skill,310.0
51007,85022,1,same_skill,310.0
51007,85028,1,same_skill,310.0
51007,85068,1,same_skill,310.0
51008,51009,19,sequence,
51008,51010,15,sequence,
51008,51011,13,sequence,
51008,84629,1,same_skill,310.0
51008,84656,1,same_skill,310.0
51008,85068,1,same_skill,310.0
51009,51010,19,sequence,
51009,51011,22,sequence,
51009,84653,1,same_skill,310.0
51009,85043,1,same_skill,310.0
51009,85056,1,same_skill,310.0
51009,85065,1,same_skill,310.0
51010,51011,12,sequence,
51010,84647,1,same_skill,310.0
51010,84653,1,same_skill,310.0
51010,85065,1,same_skill,310.0
51011,84635,1,same_skill,310.0
51011,84641,1,same_skill,310.0
51011,85046,1,same_skill,310.0
51012,51016,30,sequence,
51012,51020,15,sequence,
51012,51024,30,sequence,
51012,51028,171,same_skill+sequence,310.0
51012,51032,21,sequence,
51012,51036,23,same_skill+sequence,310.0
51012,51040,19,sequence,
51012,51044,24,sequence,
51012,51048,21,sequence,
51012,51052,19,sequence,
51012,51056,24,sequence,
51012,51060,22,sequence,
51012,51064,23,sequence,
51012,51068,22,sequence,
51012,51072,27,sequence,
51012,51076,25,sequence,
51012,51080,21,sequence,
51012,51084,24,sequence,
51012,51088,15,sequence,
51012,51092,25,sequence,
51012,51096,15,sequence,
51012,51100,31,sequence,
51012,51104,16,sequence,
51012,51108,195,same_skill+sequence,310.0
51012,51112,20,sequence,
51012,51116,21,sequence,
51012,51120,23,sequence,
51012,51124,15,sequence,
51012,51128,21,sequence,
51012,53864,86,sequence,
51012,84632,1,same_skill,310.0
51012,89646,109,sequence,
51016,51020,27,sequence,
51016,51024,26,same_skill+sequence,310.0
51016,51028,22,sequence,
51016,51032,19,sequence,
51016,51036,22,sequence,
51016,51040,26,sequence,
51016,51044,18,sequence,
51016,51048,16,sequence,
51016,51052,17,sequence,
51016,51056,24,sequence,
51016,51060,19,sequence,
51016,51064,23,same_skill+sequence,310.0
51016,51068,16,sequence,
51016,51072,22,sequence,
51016,51076,28,sequence,
51016,51080,33,same_skill+sequence,310.0
51016,51084,13,sequence,
51016,51088,14,sequence,
51016,51092,15,same_skill+sequence,310.0
51016,51096,17,sequence,
51016,51100,22,sequence,
51016,51104,23,sequence,
51016,51108,23,sequence,
51016,51112,34,same_skill+sequence,310.0
51016,51116,17,sequence,
51016,51120,25,sequence,
51016,51124,29,sequence,
51016,51128,21,sequence,
51016,84644,1,same_skill,310.0
51016,85019,1,same_skill,310.0
51020,51024,28,sequence,
51020,51028,23,sequence,
51020,51032,20,same_skill+sequence,310.0
51020,51036,18,sequence,
51020,51040,18,sequence,
51020,51044,23,sequence,
51020,51048,24,sequence,
51020,51052,18,sequence,
51020,51056,18,sequence,
51020,51060,24,same_skill+sequence,310.0
51020,51064,24,same_skill+sequence,310.0
51020,51068,22,sequence,
51020,51072,26,sequence,
51020,51076,19,sequence,
51020,51080,20,same_skill+sequence,310.0
51020,51084,22,sequence,
51020,51088,17,sequence,
51020,51092,24,same_skill+sequence,310.0
51020,51096,18,sequence,
51020,51100,28,same_skill+sequence,310.0
51020,51104,21,sequence,
51020,51108,15,sequence,
51020,51112,22,sequence,
51020,51116,16,sequence,
51020,51120,24,sequence,
51020,51124,33,same_skill+sequence,310.0
51020,51128,25,sequence,
51020,84644,1,same_skill,310.0
51024,51028,26,sequence,
51024,51032,20,sequence,
51024,51036,25,sequence,
51024,51040,21,sequence,
51024,51044,22,sequence,
51024,51048,22,sequence,
51024,51052,17,sequence,
51024,51056,19,sequence,
51024,51060,22,sequence,
51024,51064,19,sequence,
51024,51068,17,sequence,
51024,51072,26,sequence,
51024,51076,17,sequence,
51024,51080,16,same_skill+sequence,310.0
51024,51084,19,sequence,
51024,51088,25,sequence,
51024,51092,22,sequence,
51024,51096,22,sequence,
51024,51100,20,sequence,
51024,51104,27,sequence,
51024,51108,13,sequence,
51024,51112,31,same_skill+sequence,310.0
51024,51116,24,sequence,
51024,51120,21,sequence,
51024,51124,25,sequence,
51024,51128,21,sequence,
51024,84632,1,same_skill,310.0
51024,85019,1,same_skill,310.0
51024,85086,1,same_skill,310.0
51028,51032,23,sequence,
51028,51036,178,same_skill+sequence,310.0
51028,51040,22,sequence,
51028,51044,18,sequence,
51028,51048,20,sequence,
51028,51052,19,sequence,
51028,51056,18,sequence,
51028,51060,17,sequence,
51028,51064,28,sequence,
51028,51068,21,sequence,
51028,51072,18,sequence,
51028,51076,15,sequence,
51028,51080,19,sequence,
51028,51084,25,sequence,
51028,51088,21,sequence,
51028,51092,32,sequence,
51028,51096,18,sequence,
51028,51100,27,sequence,
51028,51104,21,sequence,
51028,51108,19,same_skill+sequence,310.0
51028,51112,20,sequence,
51028,51120,26,sequence,
51028,51124,23,sequence,
51028,51128,17,sequence,
51028,84632,1,same_skill,310.0
51028,85086,1,same_skill,310.0
51032,51036,21,sequence,
51032,51040,25,sequence,
51032,51044,26,sequence,
51032,51048,24,sequence,
51032,51052,17,sequence,
51032,51056,18,sequence,
51032,51060,23,same_skill+sequence,310.0
51032,51064,21,same_skill+sequence,310.0
51032,51068,21,sequence,
51032,51072,23,sequence,
51032,51076,33,sequence,
51032,51080,26,sequence,
51032,51084,25,sequence,
51032,51088,11,sequence,
51032,51090,10,sequence,
51032,51092,21,same_skill+sequence,310.0
51032,51096,15,sequence,
51032,51100,15,same_skill+sequence,310.0
51032,51104,23,sequence,
51032,51108,23,sequence,
51032,51112,25,sequence,
51032,51116,24,sequence,
51032,51120,26,sequence,
51032,51124,26,same_skill+sequence,310.0
51032,51128,23,sequence,
51032,84644,1,same_skill,310.0
51032,85074,1,same_skill,310.0
51036,51040,22,sequence,
51036,51044,14,sequence,
51036,51048,24,sequence,
51036,51052,25,sequence,
51036,51056,13,sequence,
51036,51060,17,sequence,
51036,51064,22,sequence,
51036,51068,25,sequence,
51036,51072,23,sequence,
51036,51076,20,sequence,
51036,51080,21,sequence,
51036,51084,21,sequence,
51036,51088,19,sequence,
51036,51092,16,sequence,
51036,51096,16,sequence,
51036,51100,18,sequence,
51036,51104,17,sequence,
51036,51108,1,same_skill,310.0
51036,51112,22,sequence,
51036,51116,22,sequence,
51036,51120,13,sequence,
51036,51124,22,sequence,
51036,51128,17,sequence,
51036,84632,1,same_skill,310.0
51036,85019,1,same_skill,310.0
51036,85086,1,same_skill,310.0
51040,51044,16,sequence,
51040,51048,12,sequence,
51040,51052,16,sequence,
51040,51056,20,sequence,
51040,51060,31,same_skill+sequence,310.0
51040,51064,26,sequence,
51040,51068,10,sequence,
51040,51072,21,same_skill+sequence,310.0
51040,51076,22,sequence,
51040,51080,28,sequence,
51040,51084,24,sequence,
51040,51088,22,same_skill+sequence,310.0
51040,51092,27,sequence,
51040,51096,17,same_skill+sequence,310.0
51040,51100,21,same_skill+sequence,310.0
51040,51104,17,sequence,
51040,51108,24,sequence,
51040,51112,22,sequence,
51040,51116,22,same_skill+sequence,310.0
51040,51120,24,same_skill+sequence,310.0
51040,51124,13,sequence,
51040,51128,16,sequence,
51040,85074,1,same_skill,310.0
51044,51048,19,same_skill+sequence,310.0
51044,51052,12,same_skill+sequence,310.0
51044,51056,16,sequence,
51044,51060,18,sequence,
51044,51064,17,sequence,
51044,51068,15,same_skill+sequence,310.0
51044,51072,20,sequence,
51044,51076,23,same_skill+sequence,310.0
51044,51080,24,sequence,
51044,51084,29,same_skill+sequence,310.0
51044,51088,10,sequence,
51044,51092,16,sequence,
51044,51096,23,sequence,
51044,51100,28,sequence,
51044,51104,13,sequence,
51044,51108,14,sequence,
51044,51112,19,sequence,
51044,51116,22,sequence,
51044,51120,22,sequence,
51044,51124,16,sequence,
51044,51128,18,same_skill+sequence,310.0
51048,51052,21,sequence,
51048,51056,24,sequence,
51048,51060,26,sequence,
51048,51064,30,sequence,
51048,51068,19,same_skill+sequence,310.0
51048,51072,19,sequence,
51048,51076,18,same_skill+sequence,310.0
51048,51080,18,sequence,
51048,51084,18,same_skill+sequence,310.0
51048,51088,19,sequence,
51048,51092,23,sequence,
51048,51096,20,sequence,
51048,51100,21,sequence,
51048,51104,18,sequence,
51048,51108,15,sequence,
51048,51112,21,sequence,
51048,51116,25,sequence,
51048,51120,18,sequence,
51048,51124,15,sequence,
51048,51128,20,same_skill+sequence,310.0
51048,85080,1,same_skill,310.0
51052,51056,17,sequence,
51052,51060,24,sequence,
51052,51064,23,sequence,
51052,51068,24,sequence,
51052,51072,16,sequence,
51052,51076,22,sequence,
51052,51080,20,sequence,
51052,51084,22,sequence,
51052,51092,22,sequence,
51052,51096,23,sequence,
51052,51100,17,sequence,
51052,51104,16,same_skill+sequence,310.0
51052,51108,15,sequence,
51052,51112,26,sequence,
51052,51116,23,sequence,
51052,51120,17,sequence,
51052,51124,21,sequence,
51052,51128,23,same_skill+sequence,310.0
51052,84650,1,same_skill,310.0
51052,85025,1,same_skill,310.0
51052,85062,1,same_skill,310.0
51056,51060,19,sequence,
51056,51064,18,sequence,
51056,51068,18,sequence,
51056,51072,22,sequence,
51056,51076,16,sequence,
51056,51080,17,sequence,
51056,51084,21,sequence,
51056,51088,13,sequence,
51056,51092,21,sequence,
51056,51100,20,sequence,
51056,51104,23,same_skill+sequence,310.0
51056,51108,15,sequence,
51056,51112,16,sequence,
51056,51116,29,sequence,
51056,51120,15,sequence,
51056,51124,21,sequence,
51056,51128,13,sequence,
51056,84641,1,same_skill,310.0
51056,85025,1,same_skill,310.0
51056,85031,1,same_skill,310.0
51056,85034,1,same_skill,310.0
51056,85062,1,same_skill,310.0
51056,85077,1,same_skill,310.0
51060,51064,21,sequence,
51060,51068,17,sequence,
51060,51072,19,sequence,
51060,51076,19,sequence,
51060,51080,26,sequence,
51060,51084,24,sequence,
51060,51088,12,sequence,
51060,51092,29,same_skill+sequence,310.0
51060,51096,21,sequence,
51060,51100,24,same_skill+sequence,310.0
51060,51104,21,sequence,
51060,51108,15,sequence,
51060,51112,21,sequence,
51060,51116,19,same_skill+sequence,310.0
51060,51120,23,sequence,
51060,51124,18,same_skill+sequence,310.0
51060,51128,24,sequence,
51060,85074,1,same_skill,310.0
51064,51068,22,sequence,
51064,51072,19,sequence,
51064,51076,22,sequence,
51064,51080,15,same_skill+sequence,310.0
51064,51084,20,sequence,
51064,51088,19,sequence,
51064,51092,22,same_skill+sequence,310.0
51064,51096,26,sequence,
51064,51100,23,sequence,
51064,51104,24,sequence,
51064,51108,23,sequence,
51064,51112,27,same_skill+sequence,310.0
51064,51116,20,sequence,
51064,51120,29,sequence,
51064,51124,28,sequence,
51064,51128,21,sequence,
51064,84644,1,same_skill,310.0
51068,51072,19,same_skill+sequence,310.0
51068,51076,12,same_skill+sequence,310.0
51068,51080,29,sequence,
51068,51084,24,same_skill+sequence,310.0
51068,51088,14,sequence,
51068,51092,22,sequence,
51068,51096,18,sequence,
51068,51100,19,sequence,
51068,51104,14,sequence,
51068,51108,13,sequence,
51068,51112,29,sequence,
51068,51116,17,sequence,
51068,51120,22,same_skill+sequence,310.0
51068,51124,27,sequence,
51068,51128,26,sequence,
51068,85080,1,same_skill,310.0
51072,51076,20,same_skill+sequence,310.0
51072,51080,19,sequence,
51072,51084,24,same_skill+sequence,310.0
51072,51088,12,same_skill+sequence,310.0
51072,51092,23,sequence,
51072,51096,22,same_skill+sequence,310.0
51072,51100,17,sequence,
51072,51104,20,sequence,
51072,51108,18,sequence,
51072,51112,24,sequence,
51072,51116,23,sequence,
51072,51120,14,same_skill+sequence,310.0
51072,51124,24,sequence,
51072,51128,25,sequence,
51072,85080,1,same_skill,310.0
51076,51080,15,sequence,
51076,51084,18,same_skill+sequence,310.0
51076,51088,13,sequence,
51076,51092,21,sequence,
51076,51096,17,sequence,
51076,51100,21,sequence,
51076,51104,26,sequence,
51076,51108,25,sequence,
51076,51112,22,sequence,
51076,51116,18,sequence,
51076,51120,23,sequence,
51076,51124,17,sequence,
51076,51128,23,same_skill+sequence,310.0
51076,85080,1,same_skill,310.0
51080,51084,28,sequence,
51080,51088,17,sequence,
51080,51092,26,same_skill+sequence,310.0
51080,51096,16,sequence,
51080,51100,24,sequence,
51080,51104,23,sequence,
51080,51108,11,sequence,
51080,51112,28,same_skill+sequence,310.0
51080,51116,21,sequence,
51080,51120,20,sequence,
51080,51124,20,sequence,
51080,51128,15,sequence,
51080,84644,1,same_skill,310.0
51084,51088,1,same_skill,310.0
51084,51092,23,sequence,
51084,51096,23,sequence,
51084,51100,15,sequence,
51084,51104,13,sequence,
51084,51108,22,sequence,
51084,51112,19,sequence,
51084,51116,28,sequence,
51084,51120,16,same_skill+sequence,310.0
51084,51124,28,sequence,
51084,51128,21,sequence,
51084,85080,1,same_skill,310.0
51088,51090,154,sequence,
51088,51092,19,sequence,
51088,51096,18,same_skill+sequence,310.0
51088,51100,16,sequence,
51088,51104,20,sequence,
51088,51108,14,sequence,
51088,51112,15,sequence,
51088,51116,19,same_skill+sequence,310.0
51088,51120,22,same_skill+sequence,310.0
51088,51124,16,sequence,
51088,51128,19,sequence,
51088,85074,1,same_skill,310.0
51088,85080,1,same_skill,310.0
51090,51116,11,sequence,
51090,531451,1,same_skill,310.0
51090,536328,1,same_skill,310.0
51090,536409,1,same_skill,310.0
51092,51096,25,sequence,
51092,51100,15,sequence,
51092,51104,15,sequence,
51092,51108,29,sequence,
51092,51112,28,sequence,
51092,51116,21,sequence,
51092,51120,18,sequence,
51092,51124,22,same_skill+sequence,310.0
51092,51128,19,sequence,
51092,84644,1,same_skill,310.0
51096,51100,20,same_skill+sequence,310.0
51096,51104,22,sequence,
51096,51108,25,sequence,
51096,51112,24,sequence,
51096,51116,17,same_skill+sequence,310.0
51096,51120,28,same_skill+sequence,310.0
51096,51124,17,sequence,
51096,51128,22,sequence,
51096,85074,1,same_skill,310.0
51096,85080,1,same_skill,310.0
51100,51104,21,sequence,
51100,51108,13,sequence,
51100,51112,20,sequence,
51100,51116,16,same_skill+sequence,310.0
51100,51120,28,sequence,
51100,51124,20,same_skill+sequence,310.0
51100,51128,19,sequence,
51100,85074,1,same_skill,310.0
51104,51108,18,sequence,
51104,51112,28,sequence,
51104,51116,19,sequence,
51104,51120,19,sequence,
51104,51124,19,sequence,
51104,51128,14,same_skill+sequence,310.0
51104,84650,1,same_skill,310.0
51104,85025,1,same_skill,310.0
51104,85062,1,same_skill,310.0
51104,85077,1,same_skill,310.0
51108,51109,227,sequence,
51108,51112,13,sequence,
51108,51116,16,sequence,
51108,51124,15,sequence,
51108,84632,1,same_skill,310.0
51109,51110,250,same_skill+sequence,310.0
51109,51111,1,same_skill,310.0
51109,531157,1,same_skill,310.0
51109,531194,1,same_skill,310.0
51109,84638,1,same_skill,310.0
51109,85037,1,same_skill,310.0
51109,85040,1,same_skill,310.0
51109,85071,1,same_skill,310.0
51110,51111,253,same_skill+sequence,310.0
51110,531157,1,same_skill,310.0
51110,531194,1,same_skill,310.0
51110,532538,1,same_skill,310.0
51110,85037,1,same_skill,310.0
51110,85040,1,same_skill,310.0
51110,85071,1,same_skill,310.0
51111,531157,1,same_skill,310.0
51111,531194,1,same_skill,310.0
51111,531578,1,same_skill,310.0
51111,532538,1,same_skill,310.0
51111,85040,1,same_skill,310.0
51111,85071,1,same_skill,310.0
51112,51116,21,sequence,
51112,51120,20,sequence,
51112,51124,27,sequence,
51112,51128,20,sequence,
51112,85019,1,same_skill,310.0
51112,85086,1,same_skill,310.0
51116,51120,22,same_skill+sequence,310.0
51116,51124,28,same_skill+sequence,310.0
51116,51128,24,sequence,
51116,85074,1,same_skill,310.0
51120,51124,15,sequence,
51120,51128,22,sequence,
51120,85080,1,same_skill,310.0
51124,51128,25,sequence,
51124,84644,1,same_skill,310.0
51124,85074,1,same_skill,310.0
51128,84650,1,same_skill,310.0
525,53843,65,sequence,
525,814,17,sequence,
525,8857,36,sequence,
52846,53002,96,sequence,
52846,85693,1,same_skill,49.0
52846,85697,1,same_skill,49.0
52846,85703,1,same_skill,49.0
52846,85712,1,same_skill,49.0
52846,85717,1,same_skill,49.0
52846,85730,1,same_skill,49.0
52846,85738,1,same_skill,49.0
52846,85743,1,same_skill,49.0
529505,531354,1,same_skill,310.0
529505,531409,1,same_skill,310.0
529505,531433,1,same_skill,310.0
529505,531446,212,same_skill+sequence,310.0
529505,531542,1,same_skill,310.0
529505,532488,1,same_skill,310.0
529505,532812,1,same_skill,310.0
529505,535879,1,same_skill,310.0
53002,84650,76,sequence,
53002,85691,1,same_skill,49.0
53002,85692,1,same_skill,49.0
53002,85702,1,same_skill,49.0
53002,85707,1,same_skill,49.0
53002,85716,1,same_skill,49.0
53002,85746,1,same_skill,49.0
53002,97848,75,sequence,
531157,531194,228,same_skill+sequence,310.0
531157,531409,225,same_skill+sequence,310.0
531157,531578,1,same_skill,310.0
531157,532538,1,same_skill,310.0
531157,532812,1,same_skill,310.0
531194,531578,228,same_skill+sequence,310.0
531194,532538,1,same_skill,310.0
531194,532812,1,same_skill,310.0
531194,85071,1,same_skill,310.0
531354,531433,207,same_skill+sequence,310.0
531354,531451,1,same_skill,310.0
531354,531509,205,same_skill+sequence,310.0
531354,531542,1,same_skill,310.0
531354,532488,1,same_skill,310.0
531354,532561,1,same_skill,310.0
531354,536409,1,same_skill,310.0
531409,531433,1,same_skill,310.0
531409,531446,223,same_skill+sequence,310.0
531409,531578,1,same_skill,310.0
531409,532538,1,same_skill,310.0
531409,532812,1,same_skill,310.0
531409,535879,1,same_skill,310.0
531433,531446,1,same_skill,310.0
531433,531451,204,sequence,
531433,531542,1,same_skill,310.0
531433,532488,1,same_skill,310.0
531433,532561,1,same_skill,310.0
531433,535879,1,same_skill,310.0
531446,531578,1,same_skill,310.0
531446,532488,1,same_skill,310.0
531446,532538,1,same_skill,310.0
531446,532812,1,same_skill,310.0
531446,535879,1,same_skill,310.0
531451,531509,1,same_skill,310.0
531451,531542,1,same_skill,310.0
531451,532561,1,same_skill,310.0
531451,532812,11,sequence,
531451,535879,185,sequence,
531451,536328,1,same_skill,310.0
531451,536409,1,same_skill,310.0
531509,531542,206,same_skill+sequence,310.0
531509,532488,1,same_skill,310.0
531509,532561,1,same_skill,310.0
531509,536328,1,same_skill,310.0
531509,536409,1,same_skill,310.0
531542,532488,207,same_skill+sequence,310.0
531542,532561,1,same_skill,310.0
531542,535879,1,same_skill,310.0
531578,532538,227,same_skill+sequence,310.0
531578,532812,1,same_skill,310.0
531578,535879,1,same_skill,310.0
532488,532561,206,same_skill+sequence,310.0
532488,535879,1,same_skill,310.0
532538,532812,227,same_skill+sequence,310.0
532561,536409,203,same_skill+sequence,310.0
53263,53265,175,same_skill+sequence,51.0
53263,53293,1,same_skill,51.0
53263,66567,1,same_skill,51.0
53263,66602,1,same_skill,51.0
53263,75279,19,sequence,
53263,84632,131,sequence,
53263,86240,19,sequence,
53263,86457,18,sequence,
53263,90966,16,sequence,
53263,93046,16,sequence,
53265,53293,175,same_skill+sequence,51.0
53265,66567,1,same_skill,51.0
53265,66601,1,same_skill,51.0
53265,66602,1,same_skill,51.0
532812,535879,214,same_skill+sequence,310.0
53293,66567,176,same_skill+sequence,51.0
53293,66601,1,same_skill,51.0
53293,66602,1,same_skill,51.0
535622,535623,197,sequence,
535622,535624,1,same_skill,338.0
535622,535625,1,same_skill,338.0
535623,535624,197,sequence,
535623,84593,1,same_skill,309.0
535623,84983,1,same_skill,309.0
535623,84996,1,same_skill,309.0
535624,535625,198,same_skill+sequence,338.0
535625,535626,197,sequence,
535626,535632,196,sequence,
535632,535635,196,sequence,
535635,535639,196,sequence,
535639,535641,196,sequence,
535639,84728,1,same_skill,47.0
535639,84969,1,same_skill,47.0
535639,85956,1,same_skill,47.0
535639,85962,1,same_skill,47.0
535639,85965,1,same_skill,47.0
535639,86071,1,same_skill,47.0
535641,535643,196,sequence,
535641,87030,1,same_skill,61.0
535641,87067,1,same_skill,61.0
535641,87070,1,same_skill,61.0
535641,87111,1,same_skill,61.0
535643,535644,196,sequence,
535643,535645,1,same_skill,81.0
535643,87168,1,same_skill,81.0
535643,87246,1,same_skill,81.0
535644,535645,196,sequence,
535644,535646,1,same_skill,79.0
535644,86591,1,same_skill,79.0
535644,86612,1,same_skill,79.0
535644,86704,1,same_skill,79.0
535644,87295,1,same_skill,79.0
535644,87297,1,same_skill,79.0
535645,535646,196,sequence,
535645,87168,1,same_skill,81.0
535645,87246,1,same_skill,81.0
535646,535649,195,sequence,
535646,86591,1,same_skill,79.0
535646,86612,1,same_skill,79.0
535646,86704,1,same_skill,79.0
535646,87295,1,same_skill,79.0
535649,535651,195,sequence,
535651,535652,196,same_skill+sequence,365.0
536328,536409,192,same_skill+sequence,310.0
53833,53834,13,sequence,
53833,53864,89,sequence,
53833,53902,67,sequence,
53833,53987,113,sequence,
53833,54340,134,sequence,
53833,583739,14,sequence,
53833,84889,115,same_skill+sequence,277.0
53833,84892,1,same_skill,277.0
53833,84900,1,same_skill,277.0
53833,87024,21,sequence,
53833,87025,25,sequence,
53833,87473,124,sequence,
53833,88292,28,sequence,
53833,88498,19,sequence,
53833,89646,89,sequence,
53833,89731,1,same_skill,277.0
53833,89734,1,same_skill,277.0
53833,94843,127,sequence,
53833,97547,20,sequence,
53834,53835,16,sequence,
53834,53846,1,same_skill,277.0
53834,53868,1,same_skill,277.0
53834,53894,1,same_skill,277.0
53834,53896,1,same_skill,277.0
53834,53927,1,same_skill,277.0
53834,53930,1,same_skill,277.0
53834,53931,1,same_skill,277.0
53834,89904,1,same_skill,277.0
53835,53836,16,sequence,
53835,85795,10,sequence,
53835,86883,11,sequence,
53835,87027,14,sequence,
53835,87079,13,sequence,
53835,87474,10,sequence,
53835,88499,17,sequence,
53835,89721,1,same_skill,277.0
53835,89724,1,same_skill,277.0
53835,89748,1,same_skill,277.0
53835,89753,1,same_skill,277.0
53836,53837,18,sequence,
53836,53865,1,same_skill,277.0
53836,53879,1,same_skill,277.0
53836,53901,1,same_skill,277.0
53836,53912,1,same_skill,277.0
53836,53939,1,same_skill,277.0
53836,53959,1,same_skill,277.0
53836,89856,1,same_skill,277.0
53836,89968,1,same_skill,277.0
53837,53838,20,same_skill+sequence,277.0
53837,53848,1,same_skill,277.0
53837,89854,1,same_skill,277.0
53837,89894,1,same_skill,277.0
53837,89907,1,same_skill,277.0
53837,89930,1,same_skill,277.0
53837,89954,1,same_skill,277.0
53837,89963,1,same_skill,277.0
53838,53839,16,sequence,
53838,53848,1,same_skill,277.0
53838,53961,10,sequence,
53838,89865,1,same_skill,277.0
53838,89894,1,same_skill,277.0
53838,89907,1,same_skill,277.0
53838,89909,1,same_skill,277.0
53838,89956,1,same_skill,277.0
53838,89963,1,same_skill,277.0
53839,53840,12,sequence,
53839,53842,1,same_skill,277.0
53839,53954,1,same_skill,277.0
53839,89862,1,same_skill,277.0
53839,89908,1,same_skill,277.0
53839,89920,1,same_skill,277.0
53839,89931,1,same_skill,277.0
53839,89937,1,same_skill,277.0
53839,89961,1,same_skill,277.0
53840,53841,11,sequence,
53840,53969,1,same_skill,277.0
53840,89890,1,same_skill,277.0
53840,89892,1,same_skill,277.0
53840,89901,1,same_skill,277.0
53840,89920,1,same_skill,277.0
53840,89943,1,same_skill,277.0
53840,89949,1,same_skill,277.0
53840,89961,1,same_skill,277.0
53841,53842,14,sequence,
53841,53872,1,same_skill,277.0
53841,53877,1,same_skill,277.0
53841,53881,1,same_skill,277.0
53841,53908,1,same_skill,277.0
53841,53911,1,same_skill,277.0
53841,53925,1,same_skill,277.0
53841,53961,1,same_skill,277.0
53841,89917,1,same_skill,277.0
53842,53843,15,sequence,
53842,53876,1,same_skill,277.0
53842,53954,1,same_skill,277.0
53842,89862,1,same_skill,277.0
53842,89908,1,same_skill,277.0
53842,89920,1,same_skill,277.0
53842,89931,1,same_skill,277.0
53842,89937,1,same_skill,277.0
53843,53844,14,sequence,
53843,53849,1,same_skill,277.0
53843,53907,1,same_skill,277.0
53843,53934,1,same_skill,277.0
53843,53958,66,sequence,
53843,89884,1,same_skill,277.0
53844,53845,14,sequence,
53844,53849,30,sequence,
53844,53869,1,same_skill,277.0
53844,53897,11,sequence,
53844,89830,1,same_skill,277.0
53844,89858,1,same_skill,277.0
53844,89859,1,same_skill,277.0
53844,89886,1,same_skill,277.0
53844,89945,1,same_skill,277.0
53844,89952,1,same_skill,277.0
53844,89965,1,same_skill,277.0
53845,53846,12,sequence,
53845,53900,1,same_skill,277.0
53845,53938,1,same_skill,277.0
53845,89823,1,same_skill,277.0
53845,89825,1,same_skill,277.0
53845,89828,1,same_skill,277.0
53845,89921,1,same_skill,277.0
53845,89926,1,same_skill,277.0
53845,89933,1,same_skill,277.0
53846,53847,13,sequence,
53846,53868,1,same_skill,277.0
53846,53930,1,same_skill,277.0
53846,89823,1,same_skill,277.0
53846,89825,1,same_skill,277.0
53846,89904,1,same_skill,277.0
53846,89926,1,same_skill,277.0
53846,89933,1,same_skill,277.0
53847,53848,14,sequence,
53847,53874,1,same_skill,277.0
53847,53900,1,same_skill,277.0
53847,53942,1,same_skill,277.0
53847,89828,1,same_skill,277.0
53847,89898,1,same_skill,277.0
53847,89928,1,same_skill,277.0
53848,53850,16,sequence,
53848,53870,1,same_skill,277.0
53848,89865,1,same_skill,277.0
53848,89894,1,same_skill,277.0
53848,89907,1,same_skill,277.0
53848,89909,1,same_skill,277.0
53848,89956,1,same_skill,277.0
53849,53852,16,sequence,
53849,53869,35,sequence,
53849,53907,1,same_skill,277.0
53849,53953,1,same_skill,277.0
53849,89884,1,same_skill,277.0
53849,89888,1,same_skill,277.0
53850,53851,13,sequence,
53850,53867,1,same_skill,277.0
53850,53899,1,same_skill,277.0
53850,53906,1,same_skill,277.0
53850,53924,1,same_skill,277.0
53850,53956,1,same_skill,277.0
53850,53962,1,same_skill,277.0
53850,53967,1,same_skill,277.0
53850,53975,1,same_skill,277.0
53851,53852,11,sequence,
53851,53933,1,same_skill,277.0
53851,53955,1,same_skill,277.0
53851,89853,1,same_skill,277.0
53851,89860,1,same_skill,277.0
53851,89861,1,same_skill,277.0
53851,89863,1,same_skill,277.0
53851,89869,1,same_skill,277.0
53851,89970,1,same_skill,277.0
53852,53879,1,same_skill,277.0
53852,53893,1,same_skill,277.0
53852,53909,1,same_skill,277.0
53852,53939,1,same_skill,277.0
53852,89856,1,same_skill,277.0
53852,89881,1,same_skill,277.0
53852,89962,1,same_skill,277.0
53852,89968,1,same_skill,277.0
53863,53878,1,same_skill,277.0
53863,53882,1,same_skill,277.0
53863,53904,1,same_skill,277.0
53863,53912,1,same_skill,277.0
53863,53963,1,same_skill,277.0
53863,89897,1,same_skill,277.0
53863,89899,1,same_skill,277.0
53864,89824,1,same_skill,277.0
53864,89886,1,same_skill,277.0
53864,89938,1,same_skill,277.0
53864,89945,1,same_skill,277.0
53864,89948,1,same_skill,277.0
53864,89966,1,same_skill,277.0
53865,53901,1,same_skill,277.0
53865,53912,1,same_skill,277.0
53865,53939,1,same_skill,277.0
53865,53959,1,same_skill,277.0
53865,89897,1,same_skill,277.0
53865,89899,1,same_skill,277.0
53866,53899,1,same_skill,277.0
53866,53910,1,same_skill,277.0
53866,53935,1,same_skill,277.0
53866,53936,1,same_skill,277.0
53866,53940,1,same_skill,277.0
53866,53956,1,same_skill,277.0
53866,53962,1,same_skill,277.0
53866,53964,1,same_skill,277.0
53867,53871,1,same_skill,277.0
53867,53880,1,same_skill,277.0
53867,53906,1,same_skill,277.0
53867,53909,10,sequence,
53867,53924,1,same_skill,277.0
53867,53962,1,same_skill,277.0
53867,53967,1,same_skill,277.0
53867,53975,1,same_skill,277.0
53868,53894,1,same_skill,277.0
53868,53930,1,same_skill,277.0
53868,53931,1,same_skill,277.0
53868,89823,1,same_skill,277.0
53868,89904,1,same_skill,277.0
53868,89933,1,same_skill,277.0
53869,53898,30,sequence,
53869,89830,1,same_skill,277.0
53869,89858,1,same_skill,277.0
53869,89859,1,same_skill,277.0
53869,89886,1,same_skill,277.0
53869,89952,1,same_skill,277.0
53869,89964,1,same_skill,277.0
53869,89965,1,same_skill,277.0
53870,53933,10,sequence,
53870,89827,1,same_skill,277.0
53870,89865,1,same_skill,277.0
53870,89868,1,same_skill,277.0
53870,89883,1,same_skill,277.0
53870,89909,1,same_skill,277.0
53870,89956,1,same_skill,277.0
53870,89967,1,same_skill,277.0
53871,53880,1,same_skill,277.0
53871,53906,1,same_skill,277.0
53871,53924,1,same_skill,277.0
53871,53937,1,same_skill,277.0
53871,53975,1,same_skill,277.0
53871,53976,1,same_skill,277.0
53872,53877,1,same_skill,277.0
53872,53908,1,same_skill,277.0
53872,53911,1,same_skill,277.0
53872,53925,1,same_skill,277.0
53872,53932,1,same_skill,277.0
53872,53941,1,same_skill,277.0
53873,53933,18,sequence,
53873,53955,1,same_skill,277.0
53873,89732,10,sequence,
53873,89870,1,same_skill,277.0
53873,89902,1,same_skill,277.0
53873,89911,1,same_skill,277.0
53873,89925,1,same_skill,277.0
53873,89932,1,same_skill,277.0
53873,89957,1,same_skill,277.0
53873,89959,1,same_skill,277.0
53874,53923,1,same_skill,277.0
53874,53942,1,same_skill,277.0
53874,89898,1,same_skill,277.0
53874,89923,1,same_skill,277.0
53874,89928,1,same_skill,277.0
53875,89854,1,same_skill,277.0
53875,89864,1,same_skill,277.0
53875,89885,1,same_skill,277.0
53875,89887,1,same_skill,277.0
53875,89924,1,same_skill,277.0
53875,89930,1,same_skill,277.0
53875,89954,1,same_skill,277.0
53875,89963,1,same_skill,277.0
53876,53954,1,same_skill,277.0
53876,89862,1,same_skill,277.0
53876,89896,1,same_skill,277.0
53876,89916,1,same_skill,277.0
53876,89936,1,same_skill,277.0
53876,89937,1,same_skill,277.0
53877,53881,1,same_skill,277.0
53877,53905,1,same_skill,277.0
53877,53908,1,same_skill,277.0
53877,53911,1,same_skill,277.0
53877,53961,1,same_skill,277.0
53877,89917,1,same_skill,277.0
53878,53882,1,same_skill,277.0
53878,53904,1,same_skill,277.0
53878,53935,1,same_skill,277.0
53878,53940,1,same_skill,277.0
53878,53960,1,same_skill,277.0
53878,53963,1,same_skill,277.0
53879,53893,1,same_skill,277.0
53879,53901,1,same_skill,277.0
53879,53909,1,same_skill,277.0
53879,53939,1,same_skill,277.0
53879,89856,1,same_skill,277.0
53879,89968,1,same_skill,277.0
53880,53906,1,same_skill,277.0
53880,53924,1,same_skill,277.0
53880,53937,1,same_skill,277.0
53880,53968,1,same_skill,277.0
53880,53976,1,same_skill,277.0
53881,53905,1,same_skill,277.0
53881,53908,1,same_skill,277.0
53881,53911,1,same_skill,277.0
53881,53961,1,same_skill,277.0
53881,53965,1,same_skill,277.0
53881,89917,1,same_skill,277.0
53882,53904,1,same_skill,277.0
53882,53910,1,same_skill,277.0
53882,53935,1,same_skill,277.0
53882,53940,1,same_skill,277.0
53882,53960,1,same_skill,277.0
53882,53963,1,same_skill,277.0
53893,53909,1,same_skill,277.0
53893,89856,1,same_skill,277.0
53893,89881,1,same_skill,277.0
53893,89923,1,same_skill,277.0
53893,89962,1,same_skill,277.0
53893,89969,1,same_skill,277.0
53894,53896,1,same_skill,277.0
53894,53927,1,same_skill,277.0
53894,53928,1,same_skill,277.0
53894,53931,1,same_skill,277.0
53894,89904,1,same_skill,277.0
53894,89934,1,same_skill,277.0
53895,53929,29,sequence,
53895,53957,24,sequence,
53895,84900,21,sequence,
53895,89661,1,same_skill,277.0
53895,89703,1,same_skill,277.0
53895,89705,22,sequence,
53895,89706,1,same_skill,277.0
53895,89709,1,same_skill,277.0
53895,89715,1,same_skill,277.0
53895,89723,1,same_skill,277.0
53895,89725,1,same_skill,277.0
53895,89731,68,sequence,
53895,89734,20,sequence,
53895,89738,30,sequence,
53895,89746,24,sequence,
53895,89755,1,same_skill,277.0
53895,89758,33,sequence,
53896,53927,1,same_skill,277.0
53896,53928,1,same_skill,277.0
53896,53931,1,same_skill,277.0
53896,53966,1,same_skill,277.0
53896,89904,1,same_skill,277.0
53896,89934,1,same_skill,277.0
53897,53927,1,same_skill,277.0
53897,53928,1,same_skill,277.0
53897,53966,1,same_skill,277.0
53897,89852,1,same_skill,277.0
53897,89855,1,same_skill,277.0
53897,89857,1,same_skill,277.0
53897,89916,1,same_skill,277.0
53897,89934,1,same_skill,277.0
53898,53933,33,sequence,
53898,89827,1,same_skill,277.0
53898,89829,1,same_skill,277.0
53898,89870,1,same_skill,277.0
53898,89883,1,same_skill,277.0
53898,89893,1,same_skill,277.0
53898,89900,1,same_skill,277.0
53898,89939,1,same_skill,277.0
53898,89960,1,same_skill,277.0
53899,53936,1,same_skill,277.0
53899,53956,1,same_skill,277.0
53899,53962,1,same_skill,277.0
53899,53964,1,same_skill,277.0
53899,53967,1,same_skill,277.0
53899,53975,1,same_skill,277.0
53900,53938,1,same_skill,277.0
53900,53942,1,same_skill,277.0
53900,89828,1,same_skill,277.0
53900,89921,1,same_skill,277.0
53900,89926,1,same_skill,277.0
53900,89928,1,same_skill,277.0
53901,53912,1,same_skill,277.0
53901,53939,1,same_skill,277.0
53901,53959,1,same_skill,277.0
53901,89897,1,same_skill,277.0
53901,89968,1,same_skill,277.0
53902,89826,1,same_skill,277.0
53902,89866,1,same_skill,277.0
53902,89889,1,same_skill,277.0
53902,89891,1,same_skill,277.0
53902,89912,1,same_skill,277.0
53902,89929,1,same_skill,277.0
53902,89944,1,same_skill,277.0
53902,89947,1,same_skill,277.0
53903,53969,1,same_skill,277.0
53903,89822,1,same_skill,277.0
53903,89895,1,same_skill,277.0
53903,89910,1,same_skill,277.0
53903,89914,1,same_skill,277.0
53903,89918,1,same_skill,277.0
53903,89919,1,same_skill,277.0
53903,89949,1,same_skill,277.0
53904,53935,1,same_skill,277.0
53904,53938,10,sequence,
53904,53960,1,same_skill,277.0
53904,53963,1,same_skill,277.0
53904,89899,1,same_skill,277.0
53905,53937,1,same_skill,277.0
53905,53961,1,same_skill,277.0
53905,53965,1,same_skill,277.0
53905,53968,1,same_skill,277.0
53905,53976,1,same_skill,277.0
53905,89917,1,same_skill,277.0
53906,53924,1,same_skill,277.0
53906,53975,1,same_skill,277.0
53906,53976,1,same_skill,277.0
53907,53934,1,same_skill,277.0
53907,53942,11,sequence,
53907,53953,28,same_skill+sequence,277.0
53907,89758,17,sequence,
53907,89884,1,same_skill,277.0
53908,53911,1,same_skill,277.0
53908,53925,1,same_skill,277.0
53908,53941,1,same_skill,277.0
53908,89917,1,same_skill,277.0
53909,89856,1,same_skill,277.0
53909,89881,1,same_skill,277.0
53909,89962,1,same_skill,277.0
53909,89968,1,same_skill,277.0
53909,89969,1,same_skill,277.0
53910,53935,1,same_skill,277.0
53910,53936,1,same_skill,277.0
53910,53940,1,same_skill,277.0
53910,53956,1,same_skill,277.0
53910,53960,1,same_skill,277.0
53910,53964,1,same_skill,277.0
53911,53925,1,same_skill,277.0
53911,53941,1,same_skill,277.0
53912,53954,10,sequence,
53912,53959,1,same_skill,277.0
53912,89897,1,same_skill,277.0
53912,89899,1,same_skill,277.0
53923,89881,1,same_skill,277.0
53923,89898,1,same_skill,277.0
53923,89923,1,same_skill,277.0
53923,89962,1,same_skill,277.0
53923,89969,1,same_skill,277.0
53924,53967,1,same_skill,277.0
53924,53975,1,same_skill,277.0
53925,53932,1,same_skill,277.0
53925,53941,1,same_skill,277.0
53927,53928,1,same_skill,277.0
53927,53931,1,same_skill,277.0
53927,53966,1,same_skill,277.0
53927,89934,1,same_skill,277.0
53928,53966,1,same_skill,277.0
53928,89852,1,same_skill,277.0
53928,89857,1,same_skill,277.0
53928,89934,1,same_skill,277.0
53929,53957,39,sequence,
53929,84900,22,sequence,
53929,84906,1,same_skill,277.0
53929,89666,1,same_skill,277.0
53929,89668,1,same_skill,277.0
53929,89670,1,same_skill,277.0
53929,89705,15,sequence,
53929,89714,1,same_skill,277.0
53929,89717,1,same_skill,277.0
53929,89731,67,sequence,
53929,89734,32,sequence,
53929,89738,23,sequence,
53929,89743,1,same_skill,277.0
53929,89745,1,same_skill,277.0
53929,89746,29,sequence,
53929,89758,80,sequence,
53930,53931,1,same_skill,277.0
53930,89823,1,same_skill,277.0
53930,89825,1,same_skill,277.0
53930,89904,1,same_skill,277.0
53930,89933,1,same_skill,277.0
53931,89904,1,same_skill,277.0
53931,89934,1,same_skill,277.0
53932,53941,1,same_skill,277.0
53933,53955,1,same_skill,277.0
53933,89853,1,same_skill,277.0
53933,89861,1,same_skill,277.0
53933,89863,1,same_skill,277.0
53933,89869,1,same_skill,277.0
53933,89884,10,sequence,
53933,89902,1,same_skill,277.0
53933,89970,1,same_skill,277.0
53934,54265,15,sequence,
53934,84899,18,sequence,
53934,86454,17,sequence,
53934,86575,25,sequence,
53934,86786,19,sequence,
53934,89721,1,same_skill,277.0
53934,89759,12,sequence,
53934,89884,1,same_skill,277.0
53935,53940,1,same_skill,277.0
53935,53960,1,same_skill,277.0
53935,53964,1,same_skill,277.0
53936,53940,1,same_skill,277.0
53936,53956,1,same_skill,277.0
53936,53962,1,same_skill,277.0
53936,53964,1,same_skill,277.0
53936,53967,1,same_skill,277.0
53937,53956,11,sequence,
53937,53961,1,same_skill,277.0
53937,53965,1,same_skill,277.0
53937,53968,1,same_skill,277.0
53937,53976,1,same_skill,277.0
53938,53942,1,same_skill,277.0
53938,89823,1,same_skill,277.0
53938,89825,1,same_skill,277.0
53938,89828,1,same_skill,277.0
53938,89921,1,same_skill,277.0
53938,89926,1,same_skill,277.0
53939,53959,1,same_skill,277.0
53939,89856,1,same_skill,277.0
53939,89968,1,same_skill,277.0
53940,53960,1,same_skill,277.0
53940,53964,1,same_skill,277.0
53942,89828,1,same_skill,277.0
53942,89921,1,same_skill,277.0
53942,89928,1,same_skill,277.0
53953,89758,11,sequence,
53953,89884,1,same_skill,277.0
53953,89888,1,same_skill,277.0
53953,89948,1,same_skill,277.0
53953,89966,1,same_skill,277.0
53954,89862,1,same_skill,277.0
53954,89908,1,same_skill,277.0
53954,89931,1,same_skill,277.0
53954,89937,1,same_skill,277.0
53955,89861,1,same_skill,277.0
53955,89863,1,same_skill,277.0
53955,89902,1,same_skill,277.0
53955,89925,1,same_skill,277.0
53955,89959,1,same_skill,277.0
53956,53962,1,same_skill,277.0
53956,53964,1,same_skill,277.0
53956,53967,1,same_skill,277.0
53957,84894,1,same_skill,277.0
53957,84900,31,sequence,
53957,89664,1,same_skill,277.0
53957,89705,26,sequence,
53957,89710,1,same_skill,277.0
53957,89716,1,same_skill,277.0
53957,89731,16,sequence,
53957,89734,25,sequence,
53957,89738,25,sequence,
53957,89739,1,same_skill,277.0
53957,89740,1,same_skill,277.0
53957,89746,26,sequence,
53957,89749,1,same_skill,277.0
53957,89750,1,same_skill,277.0
53957,89758,70,sequence,
53958,89722,66,sequence,
53958,89821,1,same_skill,277.0
53958,89922,1,same_skill,277.0
53958,89927,1,same_skill,277.0
53958,89935,1,same_skill,277.0
53958,89946,1,same_skill,277.0
53958,89951,1,same_skill,277.0
53958,89953,1,same_skill,277.0
53958,89964,1,same_skill,277.0
53959,89897,1,same_skill,277.0
53959,89899,1,same_skill,277.0
53959,89968,1,same_skill,277.0
53960,53963,1,same_skill,277.0
53960,53964,1,same_skill,277.0
53961,53965,1,same_skill,277.0
53961,53968,1,same_skill,277.0
53961,89917,1,same_skill,277.0
53962,53967,1,same_skill,277.0
53962,53975,1,same_skill,277.0
53963,89897,1,same_skill,277.0
53963,89899,1,same_skill,277.0
53965,53968,1,same_skill,277.0
53965,53976,1,same_skill,277.0
53965,89917,1,same_skill,277.0
53966,89852,1,same_skill,277.0
53966,89855,1,same_skill,277.0
53966,89857,1,same_skill,277.0
53966,89934,1,same_skill,277.0
53967,53975,1,same_skill,277.0
53968,53976,1,same_skill,277.0
53968,89917,1,same_skill,277.0
53969,89890,1,same_skill,277.0
53969,89901,1,same_skill,277.0
53969,89910,1,same_skill,277.0
53969,89914,1,same_skill,277.0
53969,89943,1,same_skill,277.0
53969,89949,1,same_skill,277.0
53987,54340,123,sequence,
53987,84889,133,sequence,
53987,87024,27,sequence,
53987,87025,21,sequence,
53987,87473,119,sequence,
53987,88292,25,sequence,
53987,88498,22,sequence,
53987,94843,115,sequence,
53987,97547,24,sequence,
54169,54172,22,same_skill+sequence,279.0
54169,54175,16,same_skill+sequence,279.0
54169,54178,15,sequence,
54169,54181,12,same_skill+sequence,279.0
54169,54184,19,sequence,
54169,54187,17,sequence,
54169,54202,14,sequence,
54169,54250,16,same_skill+sequence,279.0
54169,54298,15,same_skill+sequence,279.0
54169,54352,19,sequence,
54169,54364,21,same_skill+sequence,279.0
54169,54367,17,sequence,
54169,54382,19,same_skill+sequence,279.0
54169,54397,15,sequence,
54169,54406,13,sequence,
54169,54430,15,sequence,
54172,54175,12,same_skill+sequence,279.0
54172,54178,11,sequence,
54172,54181,18,sequence,
54172,54184,13,sequence,
54172,54187,15,same_skill+sequence,279.0
54172,54202,15,sequence,
54172,54238,15,same_skill+sequence,279.0
54172,54250,18,same_skill+sequence,279.0
54172,54298,15,same_skill+sequence,279.0
54172,54352,19,sequence,
54172,54364,13,sequence,
54172,54367,12,sequence,
54172,54382,14,same_skill+sequence,279.0
54172,54397,23,same_skill+sequence,279.0
54172,54406,14,sequence,
54172,54430,17,sequence,
54175,54178,14,sequence,
54175,54181,12,same_skill+sequence,279.0
54175,54187,14,same_skill+sequence,279.0
54175,54202,16,sequence,
54175,54238,11,sequence,
54175,54250,24,same_skill+sequence,279.0
54175,54298,21,same_skill+sequence,279.0
54175,54364,11,sequence,
54175,54367,24,sequence,
54175,54382,20,same_skill+sequence,279.0
54175,54397,12,same_skill+sequence,279.0
54175,54406,22,sequence,
54175,54430,23,sequence,
54178,54181,13,same_skill+sequence,279.0
54178,54184,21,sequence,
54178,54187,18,sequence,
54178,54202,14,sequence,
54178,54238,17,sequence,
54178,54250,22,same_skill+sequence,279.0
54178,54298,11,sequence,
54178,54352,21,same_skill+sequence,279.0
54178,54364,13,same_skill+sequence,279.0
54178,54367,23,same_skill+sequence,279.0
54178,54382,19,sequence,
54178,54397,11,sequence,
54178,54406,14,sequence,
54178,54430,13,same_skill+sequence,279.0
54181,54184,18,sequence,
54181,54187,14,sequence,
54181,54238,16,sequence,
54181,54250,16,same_skill+sequence,279.0
54181,54298,18,sequence,
54181,54352,22,sequence,
54181,54364,16,same_skill+sequence,279.0
54181,54367,20,sequence,
54181,54382,11,same_skill+sequence,279.0
54181,54397,13,sequence,
54181,54406,15,sequence,
54181,54430,12,same_skill+sequence,279.0
54184,54187,16,same_skill+sequence,279.0
54184,54202,18,same_skill+sequence,279.0
54184,54238,17,same_skill+sequence,279.0
54184,54250,15,sequence,
54184,54265,1,same_skill,279.0
54184,54352,21,sequence,
54184,54364,15,sequence,
54184,54367,11,sequence,
54184,54382,12,sequence,
54184,54397,18,same_skill+sequence,279.0
54184,54406,18,sequence,
54184,54430,15,sequence,
54184,90139,1,same_skill,279.0
54184,90152,1,same_skill,279.0
54187,54202,14,same_skill+sequence,279.0
54187,54238,18,same_skill+sequence,279.0
54187,54250,18,sequence,
54187,54265,1,same_skill,279.0
54187,54298,16,same_skill+sequence,279.0
54187,54352,17,sequence,
54187,54364,12,sequence,
54187,54367,15,sequence,
54187,54397,14,same_skill+sequence,279.0
54187,54406,17,sequence,
54187,54430,16,sequence,
54202,54238,15,same_skill+sequence,279.0
54202,54250,16,sequence,
54202,54265,1,same_skill,279.0
54202,54298,23,same_skill+sequence,279.0
54202,54364,13,sequence,
54202,54367,21,sequence,
54202,54382,21,sequence,
54202,54397,20,same_skill+sequence,279.0
54202,54406,17,sequence,
54202,54430,13,sequence,
54202,90139,1,same_skill,279.0
54238,54250,10,sequence,
54238,54265,1,same_skill,279.0
54238,54298,16,same_skill+sequence,279.0
54238,54352,20,sequence,
54238,54364,17,sequence,
54238,54367,12,sequence,
54238,54382,15,sequence,
54238,54397,25,same_skill+sequence,279.0
54238,54406,12,sequence,
54238,54430,14,sequence,
54250,54298,22,sequence,
54250,54364,1,same_skill,279.0
54250,54367,17,sequence,
54250,54382,21,same_skill+sequence,279.0
54250,54397,20,sequence,
54250,54406,19,sequence,
54250,54430,16,sequence,
54265,84899,23,sequence,
54265,86454,18,sequence,
54265,86575,14,sequence,
54265,86786,18,sequence,
54265,89759,14,sequence,
54265,90064,1,same_skill,279.0
54265,90139,1,same_skill,279.0
54265,90152,1,same_skill,279.0
54298,54352,15,sequence,
54298,54364,20,sequence,
54298,54367,11,sequence,
54298,54382,16,same_skill+sequence,279.0
54298,54397,14,same_skill+sequence,279.0
54298,54406,19,sequence,
54298,54430,12,sequence,
54340,84889,119,sequence,
54340,87024,22,sequence,
54340,87025,14,sequence,
54340,87473,110,sequence,
54340,88292,21,sequence,
54340,88498,19,sequence,
54340,94843,130,sequence,
54340,94849,1,same_skill,279.0
54340,94850,1,same_skill,279.0
54340,94853,1,same_skill,279.0
54340,94854,1,same_skill,279.0
54340,94855,1,same_skill,279.0
54340,94856,1,same_skill,279.0
54340,94857,1,same_skill,279.0
54340,94859,1,same_skill,279.0
54340,97547,14,sequence,
54352,54364,20,same_skill+sequence,279.0
54352,54367,12,same_skill+sequence,279.0
54352,54382,20,sequence,
54352,54397,12,sequence,
54352,54406,15,same_skill+sequence,279.0
54352,54430,22,same_skill+sequence,279.0
54364,54367,28,sequence,
54364,54382,14,same_skill+sequence,279.0
54364,54397,16,sequence,
54364,54406,14,sequence,
54364,54430,17,same_skill+sequence,279.0
54367,54382,11,sequence,
54367,54397,14,sequence,
54367,54406,19,same_skill+sequence,279.0
54367,54430,18,same_skill+sequence,279.0
54382,54397,16,same_skill+sequence,279.0
54382,54406,16,sequence,
54382,54430,19,sequence,
54397,54406,15,sequence,
54397,54430,17,sequence,
54406,54430,17,sequence,
54458,89995,21,same_skill+sequence,279.0
54458,89998,22,same_skill+sequence,279.0
54458,90064,25,same_skill+sequence,279.0
54458,90085,25,same_skill+sequence,279.0
54458,90106,27,same_skill+sequence,279.0
54458,90139,27,same_skill+sequence,279.0
54458,90152,35,same_skill+sequence,279.0
551825,551826,97,same_skill+sequence,314.0
551825,551827,112,same_skill+sequence,314.0
551825,551828,97,same_skill+sequence,314.0
551825,551829,103,same_skill+sequence,314.0
551825,551830,117,sequence,
551825,551831,99,sequence,
551825,551832,96,sequence,
551825,551833,89,sequence,
551825,551834,87,sequence,
551825,558089,35,sequence,
551825,569652,19,sequence,
551825,569654,11,sequence,
551825,569685,24,sequence,
551825,569689,17,sequence,
551826,551827,90,same_skill+sequence,314.0
551826,551828,108,same_skill+sequence,314.0
551826,551829,86,same_skill+sequence,314.0
551826,551830,88,sequence,
551826,551831,94,sequence,
551826,551832,93,sequence,
551826,551833,80,sequence,
551826,551834,88,sequence,
551826,558089,33,sequence,
551826,563975,1,same_skill,314.0
551826,563976,1,same_skill,314.0
551826,563977,1,same_skill,314.0
551826,563978,1,same_skill,314.0
551827,551828,83,same_skill+sequence,314.0
551827,551829,90,same_skill+sequence,314.0
551827,551830,124,sequence,
551827,551831,100,sequence,
551827,551832,112,sequence,
551827,551833,88,sequence,
551827,551834,83,sequence,
551827,558089,31,sequence,
551827,563975,1,same_skill,314.0
551827,569652,16,sequence,
551827,569654,10,sequence,
551827,569685,24,sequence,
551827,569689,21,sequence,
551828,551829,105,same_skill+sequence,314.0
551828,551830,92,sequence,
551828,551831,95,sequence,
551828,551832,87,sequence,
551828,551833,76,sequence,
551828,551834,99,sequence,
551828,558089,27,sequence,
551828,563975,1,same_skill,314.0
551828,563977,1,same_skill,314.0
551828,563978,1,same_skill,314.0
551829,551830,81,sequence,
551829,551831,111,sequence,
551829,551832,77,sequence,
551829,551833,95,sequence,
551829,551834,91,sequence,
551829,558089,42,sequence,
551829,563975,1,same_skill,314.0
551829,563977,1,same_skill,314.0
551830,551831,141,same_skill+sequence,25.0
551830,551832,103,same_skill+sequence,25.0
551830,551833,93,sequence,
551830,551834,87,sequence,
551830,558089,44,sequence,
551830,562010,18,sequence,
551830,569208,46,sequence,
551830,569211,44,sequence,
551830,569652,73,sequence,
551830,569654,68,sequence,
551830,569685,37,sequence,
551830,569689,58,sequence,
551830,569690,45,sequence,
551830,569691,48,sequence,
551830,569708,51,sequence,
551830,584497,12,same_skill+sequence,25.0
551830,584498,1,same_skill,25.0
551831,551832,85,same_skill+sequence,25.0
551831,551833,72,sequence,
551831,551834,85,sequence,
551831,558089,43,sequence,
551831,562010,10,sequence,
551831,569208,62,sequence,
551831,569211,37,sequence,
551831,569652,58,sequence,
551831,569654,45,sequence,
551831,569689,49,sequence,
551831,569690,49,sequence,
551831,569691,54,sequence,
551831,569708,48,sequence,
551831,584497,1,same_skill,25.0
551831,584498,1,same_skill,25.0
551831,584500,1,same_skill,25.0
551832,551833,100,sequence,
551832,551834,97,sequence,
551832,558089,43,sequence,
551832,569652,22,sequence,
551832,569654,10,sequence,
551832,569685,24,sequence,
551832,569689,19,sequence,
551832,584497,1,same_skill,25.0
551832,584498,1,same_skill,25.0
551832,584500,1,same_skill,25.0
551832,584503,1,same_skill,25.0
551833,551834,96,same_skill+sequence,25.0
551833,558089,37,sequence,
551833,563980,1,same_skill,25.0
551833,563981,1,same_skill,25.0
551833,569211,1,same_skill,25.0
551833,584501,1,same_skill,25.0
551833,584502,1,same_skill,25.0
551833,584504,1,same_skill,25.0
551834,558089,29,sequence,
551834,563980,1,same_skill,25.0
551834,563981,1,same_skill,25.0
551834,584499,1,same_skill,25.0
551834,584501,1,same_skill,25.0
551834,584502,1,same_skill,25.0
551834,584504,1,same_skill,25.0
558089,558096,210,same_skill+sequence,283.0
558089,558097,287,same_skill+sequence,283.0
558089,558103,1,same_skill,283.0
558089,558104,1,same_skill,283.0
558089,569685,39,sequence,
558096,558097,210,same_skill+sequence,283.0
558096,558103,1,same_skill,283.0
558096,558104,1,same_skill,283.0
558097,558098,348,sequence,
558097,558103,38,same_skill+sequence,283.0
558097,558104,1,same_skill,283.0
558098,558099,372,same_skill+sequence,281.0
558098,558101,1,same_skill,281.0
558098,558102,1,same_skill,281.0
558098,569654,1,same_skill,281.0
558099,558101,373,same_skill+sequence,281.0
558099,558102,1,same_skill,281.0
558099,569208,1,same_skill,281.0
558099,569654,1,same_skill,281.0
558101,558102,374,same_skill+sequence,281.0
558101,569208,1,same_skill,281.0
558101,569654,1,same_skill,281.0
558101,583733,1,same_skill,281.0
558102,558103,370,sequence,
558102,569208,1,same_skill,281.0
558102,569654,1,same_skill,281.0
558102,583733,1,same_skill,281.0
558103,558104,415,same_skill+sequence,283.0
558104,562010,13,sequence,
558104,562577,27,sequence,
558104,563969,27,sequence,
558104,563975,25,sequence,
558104,563976,25,sequence,
558104,563977,24,sequence,
558104,563978,29,sequence,
558104,563979,31,sequence,
558104,563980,24,sequence,
558104,563981,30,sequence,
558104,569685,14,sequence,
558104,584497,21,sequence,
562010,568005,367,same_skill+sequence,21.0
562010,569208,15,sequence,
562010,569211,12,sequence,
562010,569652,13,sequence,
562010,569654,13,sequence,
562010,569685,11,sequence,
562010,569689,15,sequence,
562010,569690,11,sequence,
562010,569691,11,sequence,
562010,569708,16,sequence,
562010,570336,12,same_skill+sequence,21.0
562010,570337,1,same_skill,21.0
562010,570338,1,same_skill,21.0
562010,578042,1,same_skill,21.0
562010,584497,11,sequence,
562010,584504,99,sequence,
562577,563969,118,same_skill+sequence,315.0
562577,563975,95,sequence,
562577,563976,100,sequence,
562577,563977,91,sequence,
562577,563978,106,sequence,
562577,563979,89,sequence,
562577,563980,87,sequence,
562577,563981,68,sequence,
562577,569685,14,same_skill+sequence,315.0
562577,584504,14,sequence,
563969,563975,103,sequence,
563969,563976,87,sequence,
563969,563977,100,sequence,
563969,563978,94,sequence,
563969,563979,87,sequence,
563969,563980,71,sequence,
563969,563981,76,sequence,
563969,569685,12,same_skill+sequence,315.0
563969,584504,11,sequence,
563975,563976,87,same_skill+sequence,314.0
563975,563977,89,same_skill+sequence,314.0
563975,563978,91,same_skill+sequence,314.0
563975,563979,87,same_skill+sequence,314.0
563975,563980,90,sequence,
563975,563981,91,sequence,
563976,563977,100,same_skill+sequence,314.0
563976,563978,85,same_skill+sequence,314.0
563976,563979,94,same_skill+sequence,314.0
563976,563980,88,sequence,
563976,563981,89,sequence,
563977,563978,95,same_skill+sequence,314.0
563977,563979,94,same_skill+sequence,314.0
563977,563980,81,sequence,
563977,563981,95,sequence,
563978,563979,100,same_skill+sequence,314.0
563978,563980,84,sequence,
563978,563981,79,sequence,
563979,563980,90,sequence,
563979,563981,67,sequence,
563980,563981,88,same_skill+sequence,25.0
563980,569211,1,same_skill,25.0
563980,569708,1,same_skill,25.0
563980,584502,1,same_skill,25.0
563980,584504,1,same_skill,25.0
563981,569211,1,same_skill,25.0
563981,569708,1,same_skill,25.0
563981,584504,1,same_skill,25.0
568005,570336,372,same_skill+sequence,21.0
568005,570337,1,same_skill,21.0
568005,578042,1,same_skill,21.0
568932,568980,232,sequence,
568932,569023,110,same_skill+sequence,54.0
568932,586167,14,sequence,
568932,597561,30,sequence,
568932,606854,92,sequence,
568932,610357,45,sequence,
568932,620388,13,sequence,
568932,88407,1,same_skill,54.0
568932,88408,1,same_skill,54.0
568932,88410,1,same_skill,54.0
568932,88416,1,same_skill,54.0
568932,88427,1,same_skill,54.0
568932,88470,1,same_skill,54.0
568932,88491,1,same_skill,54.0
568933,568980,234,same_skill+sequence,54.0
568933,569023,234,sequence,
568933,597537,1,same_skill,54.0
568933,597559,1,same_skill,54.0
568933,88432,1,same_skill,54.0
568933,88474,1,same_skill,54.0
568933,88476,1,same_skill,54.0
568933,88486,1,same_skill,54.0
568934,568984,209,sequence,
568934,569013,1,same_skill,54.0
568934,569023,211,sequence,
568934,597537,1,same_skill,54.0
568934,597542,1,same_skill,54.0
568934,597549,1,same_skill,54.0
568934,597553,1,same_skill,54.0
568934,597559,1,same_skill,54.0
568934,597561,1,same_skill,54.0
568935,568984,306,same_skill+sequence,54.0
568935,569013,209,sequence,
568935,597559,22,sequence,
568935,606847,27,sequence,
568935,637267,14,sequence,
568935,88419,1,same_skill,54.0
568935,88424,1,same_skill,54.0
568935,88430,1,same_skill,54.0
568935,88468,1,same_skill,54.0
568935,88475,1,same_skill,54.0
568935,88485,1,same_skill,54.0
568935,88495,1,same_skill,54.0
568980,597537,1,same_skill,54.0
568980,597549,1,same_skill,54.0
568980,597559,1,same_skill,54.0
568980,88432,1,same_skill,54.0
568980,88474,1,same_skill,54.0
568980,88486,1,same_skill,54.0
568984,569023,99,sequence,
568984,88411,1,same_skill,54.0
568984,88419,1,same_skill,54.0
568984,88431,1,same_skill,54.0
568984,88468,1,same_skill,54.0
568984,88472,1,same_skill,54.0
568984,88475,1,same_skill,54.0
568984,88495,1,same_skill,54.0
569013,597537,1,same_skill,54.0
569013,597542,1,same_skill,54.0
569013,597549,1,same_skill,54.0
569013,597553,1,same_skill,54.0
569013,597559,1,same_skill,54.0
569013,597561,1,same_skill,54.0
569013,606847,143,sequence,
569013,637267,12,sequence,
569023,88408,1,same_skill,54.0
569023,88412,1,same_skill,54.0
569023,88422,1,same_skill,54.0
569023,88427,1,same_skill,54.0
569023,88471,1,same_skill,54.0
569023,88487,1,same_skill,54.0
569023,88491,1,same_skill,54.0
569208,569211,52,sequence,
569208,569652,46,sequence,
569208,569654,72,same_skill+sequence,281.0
569208,569689,47,sequence,
569208,569690,48,sequence,
569208,569691,48,sequence,
569208,569708,37,sequence,
569208,583733,1,same_skill,281.0
569211,569652,49,sequence,
569211,569654,48,sequence,
569211,569689,49,sequence,
569211,569690,55,sequence,
569211,569691,57,sequence,
569211,569708,50,same_skill+sequence,25.0
569652,569654,48,sequence,
569652,569685,18,sequence,
569652,569689,74,sequence,
569652,569690,55,same_skill+sequence,26.0
569652,569691,52,same_skill+sequence,26.0
569652,569708,43,sequence,
569654,569685,14,sequence,
569654,569689,64,sequence,
569654,569690,42,sequence,
569654,569691,59,sequence,
569654,569708,55,sequence,
569654,583733,1,same_skill,281.0
569685,569689,26,sequence,
569685,584277,13,sequence,
569685,584497,38,sequence,
569685,610357,17,sequence,
569689,569690,50,sequence,
569689,569691,50,sequence,
569689,569708,51,sequence,
569690,569691,41,same_skill+sequence,26.0
569690,569708,54,sequence,
569690,584497,10,sequence,
569691,569708,52,sequence,
569708,584497,10,sequence,
570336,570337,365,same_skill+sequence,21.0
570336,570338,1,same_skill,21.0
570336,570339,1,same_skill,21.0
570336,578042,1,same_skill,21.0
570337,570338,368,same_skill+sequence,21.0
570337,570339,1,same_skill,21.0
570337,570340,1,same_skill,21.0
570337,578042,1,same_skill,21.0
570338,570339,361,same_skill+sequence,21.0
570338,570340,1,same_skill,21.0
570338,578042,1,same_skill,21.0
570338,578043,1,same_skill,21.0
570338,578144,1,same_skill,21.0
570339,570340,338,same_skill+sequence,21.0
570339,578042,1,same_skill,21.0
570339,578043,1,same_skill,21.0
570339,578143,1,same_skill,21.0
570339,578144,1,same_skill,21.0
570339,584497,12,sequence,
570340,578042,313,same_skill+sequence,21.0
570340,578043,1,same_skill,21.0
570340,578143,1,same_skill,21.0
570340,578144,1,same_skill,21.0
570340,578145,1,same_skill,21.0
570340,584497,16,sequence,
578042,578043,317,same_skill+sequence,21.0
578042,584504,12,sequence,
578043,578142,316,sequence,
578043,578143,1,same_skill,21.0
578043,578144,1,same_skill,21.0
578043,578145,1,same_skill,21.0
578043,578146,1,same_skill,21.0
578043,584504,11,sequence,
578142,578143,322,same_skill+sequence,21.0
578142,578144,1,same_skill,21.0
578142,578145,1,same_skill,21.0
578142,578146,1,same_skill,21.0
578142,584273,1,same_skill,21.0
578142,584274,1,same_skill,21.0
578142,584275,1,same_skill,21.0
578142,584276,1,same_skill,21.0
578143,578144,332,same_skill+sequence,21.0
578143,578145,1,same_skill,21.0
578143,578146,1,same_skill,21.0
578143,584274,1,same_skill,21.0
578144,578145,333,same_skill+sequence,21.0
578144,578146,1,same_skill,21.0
578145,578146,329,same_skill+sequence,21.0
578145,584273,1,same_skill,21.0
578145,584274,1,same_skill,21.0
578146,584273,141,same_skill+sequence,21.0
578146,584274,11,same_skill+sequence,21.0
578146,584276,1,same_skill,21.0
578146,584497,104,sequence,
578146,610357,23,sequence,
583726,583727,35,same_skill+sequence,21.0
583726,583728,28,same_skill+sequence,21.0
583726,583729,37,same_skill+sequence,21.0
583726,583731,32,sequence,
583726,583732,35,sequence,
583726,583733,14,sequence,
583726,583734,31,sequence,
583726,583735,30,sequence,
583726,583736,34,sequence,
583726,583737,30,sequence,
583726,583738,27,sequence,
583726,583739,32,sequence,
583726,583740,38,sequence,
583726,583741,28,sequence,
583726,583742,30,sequence,
583726,583744,25,sequence,
583726,583745,31,sequence,
583726,583751,30,sequence,
583726,584273,1,same_skill,21.0
583726,584275,1,same_skill,21.0
583726,584276,1,same_skill,21.0
583726,584277,1,same_skill,21.0
583727,583728,29,same_skill+sequence,21.0
583727,583729,29,same_skill+sequence,21.0
583727,583731,30,sequence,
583727,583732,34,sequence,
583727,583733,18,sequence,
583727,583734,28,sequence,
583727,583735,27,sequence,
583727,583736,21,sequence,
583727,583737,32,sequence,
583727,583738,20,sequence,
583727,583739,28,sequence,
583727,583740,30,sequence,
583727,583741,24,sequence,
583727,583742,31,sequence,
583727,583744,30,sequence,
583727,583745,32,sequence,
583727,583751,35,sequence,
583727,584277,1,same_skill,21.0
583728,583729,32,same_skill+sequence,21.0
583728,583731,25,sequence,
583728,583732,42,sequence,
583728,583733,18,sequence,
583728,583734,31,sequence,
583728,583735,25,sequence,
583728,583736,36,sequence,
583728,583737,26,sequence,
583728,583738,24,sequence,
583728,583739,23,sequence,
583728,583740,33,sequence,
583728,583741,22,sequence,
583728,583742,35,sequence,
583728,583744,31,sequence,
583728,583745,29,sequence,
583728,583751,35,sequence,
583728,584275,1,same_skill,21.0
583728,584277,1,same_skill,21.0
583729,583731,33,sequence,
583729,583732,31,sequence,
583729,583733,21,sequence,
583729,583734,36,sequence,
583729,583735,26,sequence,
583729,583736,26,sequence,
583729,583737,23,sequence,
583729,583738,32,sequence,
583729,583739,39,sequence,
583729,583740,25,sequence,
583729,583741,27,sequence,
583729,583742,29,sequence,
583729,583744,33,sequence,
583729,583745,29,sequence,
583729,583751,28,sequence,
583729,584275,1,same_skill,21.0
583729,584276,1,same_skill,21.0
583729,584277,1,same_skill,21.0
583731,583732,89,sequence,
583731,583733,24,sequence,
583731,583734,55,sequence,
583731,583735,45,sequence,
583731,583736,46,sequence,
583731,583737,57,sequence,
583731,583738,46,sequence,
583731,583739,56,sequence,
583731,583740,49,sequence,
583731,583741,55,sequence,
583731,583742,47,sequence,
583731,583744,59,sequence,
583731,583745,46,sequence,
583731,583751,56,sequence,
583731,584277,13,sequence,
583731,610357,15,same_skill+sequence,42.0
583731,620381,1,same_skill,42.0
583731,620385,1,same_skill,42.0
583731,637289,24,sequence,
583732,583733,34,sequence,
583732,583734,35,sequence,
583732,583735,54,sequence,
583732,583736,46,sequence,
583732,583737,61,sequence,
583732,583738,52,sequence,
583732,583739,66,sequence,
583732,583740,41,sequence,
583732,583741,48,sequence,
583732,583742,49,sequence,
583732,583744,54,sequence,
583732,583745,59,sequence,
583732,583751,46,sequence,
583732,584277,11,sequence,
583732,610357,13,sequence,
583732,637270,1,same_skill,297.0
583732,637271,1,same_skill,297.0
583732,637272,1,same_skill,297.0
583732,86240,13,sequence,
583733,583734,31,sequence,
583733,583735,31,sequence,
583733,583736,28,sequence,
583733,583737,33,sequence,
583733,583738,34,sequence,
583733,583739,24,sequence,
583733,583740,32,sequence,
583733,583741,34,sequence,
583733,583742,30,sequence,
583733,583744,34,sequence,
583733,583745,27,sequence,
583733,583751,37,sequence,
583734,583735,66,sequence,
583734,583736,49,sequence,
583734,583737,56,sequence,
583734,583738,45,sequence,
583734,583739,59,sequence,
583734,583740,44,sequence,
583734,583741,58,sequence,
583734,583742,52,sequence,
583734,583744,43,sequence,
583734,583745,57,sequence,
583734,583751,52,sequence,
583734,610357,14,sequence,
583734,637289,13,sequence,
583735,583736,70,sequence,
583735,583737,47,sequence,
583735,583738,56,sequence,
583735,583739,60,sequence,
583735,583740,60,sequence,
583735,583741,52,sequence,
583735,583742,55,sequence,
583735,583744,51,sequence,
583735,583745,50,sequence,
583735,583751,50,sequence,
583735,610357,15,sequence,
583736,583737,73,sequence,
583736,583738,50,sequence,
583736,583739,46,sequence,
583736,583740,45,sequence,
583736,583741,52,sequence,
583736,583742,51,sequence,
583736,583744,58,sequence,
583736,583745,58,sequence,
583736,583751,65,sequence,
583736,584277,11,sequence,
583736,610357,13,sequence,
583736,79350,1,same_skill,27.0
583736,79353,1,same_skill,27.0
583736,79356,1,same_skill,27.0
583736,79365,1,same_skill,27.0
583737,583738,65,sequence,
583737,583739,50,sequence,
583737,583740,50,sequence,
583737,583741,51,sequence,
583737,583742,52,sequence,
583737,583744,41,sequence,
583737,583745,50,sequence,
583737,583751,62,sequence,
583737,584277,11,sequence,
583737,610357,17,sequence,
583737,88198,1,same_skill,86.0
583737,88201,1,same_skill,86.0
583737,88204,1,same_skill,86.0
583737,88205,1,same_skill,86.0
583737,88211,1,same_skill,86.0
583737,88218,1,same_skill,86.0
583737,88221,1,same_skill,86.0
583737,88223,1,same_skill,86.0
583738,583739,59,sequence,
583738,583740,55,sequence,
583738,583741,54,sequence,
583738,583742,74,sequence,
583738,583744,57,sequence,
583738,583745,55,sequence,
583738,583751,51,sequence,
583738,584277,11,sequence,
583738,610357,12,sequence,
583739,583740,70,same_skill+sequence,40.0
583739,583741,54,same_skill+sequence,40.0
583739,583742,43,sequence,
583739,583744,47,sequence,
583739,583745,55,sequence,
583739,583751,46,sequence,
583739,584277,11,sequence,
583739,610357,14,sequence,
583739,620392,1,same_skill,40.0
583740,583741,65,same_skill+sequence,40.0
583740,583742,55,sequence,
583740,583744,55,sequence,
583740,583745,55,sequence,
583740,583751,54,sequence,
583740,584277,13,sequence,
583740,610357,17,sequence,
583740,620392,1,same_skill,40.0
583740,637288,1,same_skill,40.0
583741,583742,51,sequence,
583741,583744,63,sequence,
583741,583745,39,sequence,
583741,583751,42,sequence,
583741,610357,18,sequence,
583741,620392,1,same_skill,40.0
583741,637287,1,same_skill,40.0
583741,637288,1,same_skill,40.0
583742,583744,58,sequence,
583742,583745,62,sequence,
583742,583751,55,same_skill+sequence,41.0
583744,583745,48,sequence,
583744,583751,59,sequence,
583744,584277,12,sequence,
583744,610357,12,sequence,
583745,583751,47,sequence,
583745,584277,12,sequence,
583745,610357,11,sequence,
583751,584277,10,sequence,
583751,610357,13,sequence,
584273,584274,289,same_skill+sequence,21.0
584273,584275,1,same_skill,21.0
584273,584276,1,same_skill,21.0
584273,584277,1,same_skill,21.0
584273,584504,120,sequence,
584273,610357,22,sequence,
584274,584275,295,same_skill+sequence,21.0
584274,584276,1,same_skill,21.0
584274,584277,1,same_skill,21.0
584274,584504,11,sequence,
584275,584276,301,same_skill+sequence,21.0
584275,584277,1,same_skill,21.0
584276,584277,300,same_skill+sequence,21.0
584277,610357,90,sequence,
584277,620381,10,sequence,
584497,584498,479,same_skill+sequence,25.0
584497,584499,1,same_skill,25.0
584497,584500,1,same_skill,25.0
584497,584501,1,same_skill,25.0
584497,584503,1,same_skill,25.0
584498,584499,471,same_skill+sequence,25.0
584498,584500,1,same_skill,25.0
584498,584503,1,same_skill,25.0
584499,584500,471,same_skill+sequence,25.0
584499,584501,1,same_skill,25.0
584499,584502,1,same_skill,25.0
584499,584503,1,same_skill,25.0
584499,584504,1,same_skill,25.0
584500,584501,475,same_skill+sequence,25.0
584500,584502,1,same_skill,25.0
584500,584503,1,same_skill,25.0
584501,584502,471,same_skill+sequence,25.0
584501,584503,1,same_skill,25.0
584501,584504,1,same_skill,25.0
584502,584503,473,same_skill+sequence,25.0
584502,584504,1,same_skill,25.0
584503,584504,468,same_skill+sequence,25.0
584504,610357,17,sequence,
584853,584854,1,same_skill,65.0
584853,586177,246,sequence,
584853,597561,21,sequence,
584853,610357,22,sequence,
584853,86143,1,same_skill,65.0
584853,86144,1,same_skill,65.0
584853,86146,1,same_skill,65.0
584853,86147,1,same_skill,65.0
584853,86154,1,same_skill,65.0
584853,86156,1,same_skill,65.0
584853,86168,1,same_skill,65.0
584854,584855,1,same_skill,65.0
584854,586167,1,same_skill,65.0
584854,586177,244,sequence,
584854,586178,244,sequence,
584854,86147,1,same_skill,65.0
584854,86156,1,same_skill,65.0
584854,86168,1,same_skill,65.0
584855,586167,1,same_skill,65.0
584855,586179,222,sequence,
584855,586182,218,sequence,
584855,86147,1,same_skill,65.0
584855,86156,1,same_skill,65.0
584855,86168,1,same_skill,65.0
586167,586182,203,sequence,
586167,597559,73,sequence,
586167,606847,12,sequence,
586167,86156,1,same_skill,65.0
586167,86168,1,same_skill,65.0
586177,586178,1,same_skill,317.0
586177,586179,1,same_skill,317.0
586177,586182,1,same_skill,317.0
586178,586179,223,same_skill+sequence,317.0
586178,586182,1,same_skill,317.0
586179,586182,1,same_skill,317.0
597537,597549,219,same_skill+sequence,54.0
597537,597559,220,same_skill+sequence,54.0
597537,88432,1,same_skill,54.0
597542,597549,174,same_skill+sequence,54.0
597542,597553,185,same_skill+sequence,54.0
597542,597559,1,same_skill,54.0
597542,597561,1,same_skill,54.0
597549,597553,1,same_skill,54.0
597549,597559,1,same_skill,54.0
597553,597561,184,same_skill+sequence,54.0
597561,637267,22,sequence,
606847,606848,446,same_skill+sequence,50.0
606847,606849,1,same_skill,50.0
606847,606850,1,same_skill,50.0
606847,606851,1,same_skill,50.0
606847,606853,1,same_skill,50.0
606847,606854,238,same_skill+sequence,50.0
606848,606849,451,same_skill+sequence,50.0
606848,606850,1,same_skill,50.0
606848,606851,1,same_skill,50.0
606849,606850,447,same_skill+sequence,50.0
606849,606851,1,same_skill,50.0
606849,606853,1,same_skill,50.0
606850,606851,406,same_skill+sequence,50.0
606850,606852,1,same_skill,50.0
606850,606853,1,same_skill,50.0
606850,606854,1,same_skill,50.0
606851,606852,411,same_skill+sequence,50.0
606851,606853,1,same_skill,50.0
606851,606854,1,same_skill,50.0
606851,97772,1,same_skill,50.0
606852,606853,412,same_skill+sequence,50.0
606852,606854,1,same_skill,50.0
606852,97772,1,same_skill,50.0
606852,97848,1,same_skill,50.0
606852,97856,1,same_skill,50.0
606852,97928,1,same_skill,50.0
606853,606854,413,same_skill+sequence,50.0
606853,97772,1,same_skill,50.0
606853,97856,1,same_skill,50.0
606854,637267,17,sequence,
606854,97772,1,same_skill,50.0
606854,97848,1,same_skill,50.0
606854,97856,1,same_skill,50.0
610357,620381,238,same_skill+sequence,42.0
610357,620385,1,same_skill,42.0
610357,620388,19,sequence,
610357,637267,11,sequence,
61096,84746,1,same_skill,47.0
61096,84912,273,same_skill+sequence,47.0
61096,84974,1,same_skill,47.0
61096,85793,29,same_skill+sequence,47.0
61096,85901,1,same_skill,47.0
620381,620383,278,sequence,
620381,620385,1,same_skill,42.0
620383,620384,267,sequence,
620383,637268,1,same_skill,296.0
620383,637269,1,same_skill,296.0
620383,637276,1,same_skill,296.0
620383,637277,1,same_skill,296.0
620384,620385,248,sequence,
620384,637270,1,same_skill,297.0
620384,637272,1,same_skill,297.0
620384,637275,1,same_skill,297.0
620385,620386,250,sequence,
620386,620387,233,sequence,
620387,620392,221,sequence,
620388,620392,198,sequence,
620388,90162,1,same_skill,301.0
620392,637287,1,same_skill,40.0
620392,637288,1,same_skill,40.0
620392,75525,1,same_skill,40.0
637267,637268,322,sequence,
637267,637269,10,sequence,
637267,637270,72,sequence,
637267,637273,1,same_skill,295.0
637267,637274,1,same_skill,295.0
637267,637289,10,sequence,
637267,637292,10,sequence,
637268,637269,330,same_skill+sequence,296.0
637268,637276,1,same_skill,296.0
637268,637277,1,same_skill,296.0
637269,637270,318,sequence,
637269,637272,11,sequence,
637269,637276,1,same_skill,296.0
637269,637277,1,same_skill,296.0
637270,637271,1,same_skill,297.0
637270,637272,380,same_skill+sequence,297.0
637270,637273,10,sequence,
637270,637275,1,same_skill,297.0
637271,637272,1,same_skill,297.0
637271,637273,440,sequence,
637271,637274,320,sequence,
637271,637275,12,same_skill+sequence,297.0
637271,637289,23,sequence,
637272,637273,372,sequence,
637272,637275,1,same_skill,297.0
637273,637274,39,same_skill+sequence,295.0
637273,637289,24,sequence,
637274,637275,301,sequence,
637274,637276,43,sequence,
637275,637276,220,sequence,
637275,637277,21,sequence,
637275,637290,61,sequence,
637276,637277,274,same_skill+sequence,296.0
637277,637290,226,sequence,
637277,637292,11,sequence,
637287,637288,187,same_skill+sequence,40.0
637287,637289,146,sequence,
637287,75525,1,same_skill,40.0
637288,637292,218,sequence,
637288,75525,1,same_skill,40.0
637289,637290,1,same_skill,284.0
637289,637292,122,same_skill+sequence,284.0
637290,637292,386,same_skill+sequence,284.0
647436,647437,306,same_skill+sequence,22.0
647436,647438,1,same_skill,22.0
647436,98655,1,same_skill,22.0
647437,647438,310,same_skill+sequence,22.0
647437,98655,1,same_skill,22.0
647438,98655,1,same_skill,22.0
659408,659463,340,sequence,
659408,659467,332,sequence,
659410,659457,140,sequence,
659410,659471,290,sequence,
659410,659475,149,sequence,
659412,659419,331,sequence,
659412,659467,332,sequence,
659417,659419,1,same_skill,569.0
659417,659420,97,sequence,
659417,659438,320,sequence,
659417,659444,226,sequence,
659419,659421,187,sequence,
659419,659461,68,sequence,
659420,659421,1,same_skill,568.0
659420,659461,28,sequence,
659420,659466,141,sequence,
659420,98874,14,sequence,
659425,659430,304,sequence,
659425,659441,155,sequence,
659425,659453,194,sequence,
659425,659477,45,sequence,
659428,659430,1,same_skill,571.0
659428,659438,80,sequence,
659428,659444,271,sequence,
659430,659477,306,sequence,
659435,659441,350,sequence,
659435,659447,68,sequence,
659435,659459,280,sequence,
659438,659441,1,same_skill,570.0
659438,659444,23,sequence,
659438,659466,13,sequence,
659438,659468,211,sequence,
659441,659453,196,sequence,
659444,659447,1,same_skill,572.0
659444,659468,97,sequence,
659444,98874,13,sequence,
659447,659459,279,sequence,
659447,659465,345,sequence,
659457,659471,45,sequence,
659457,659475,185,sequence,
659461,659466,91,sequence,
659461,659477,334,sequence,
659461,90162,12,sequence,
659463,659473,340,sequence,
659465,659469,329,sequence,
659465,659475,19,sequence,
659466,659467,1,same_skill,574.0
659466,659468,298,sequence,
659468,659469,1,same_skill,573.0
659469,659475,328,sequence,
659471,659473,341,sequence,
659471,659475,12,sequence,
66567,66601,173,same_skill+sequence,51.0
66567,66602,1,same_skill,51.0
66601,66602,1,same_skill,51.0
66601,84890,171,sequence,
75178,75525,55,sequence,
75178,79359,1,same_skill,27.0
75178,79362,1,same_skill,27.0
75178,79368,1,same_skill,27.0
75250,75276,246,sequence,
75279,75293,1,same_skill,32.0
75279,75294,1,same_skill,32.0
75279,75295,11,same_skill+sequence,32.0
75279,86240,17,sequence,
75279,86457,20,sequence,
75279,86583,17,sequence,
75279,90966,17,sequence,
75279,93046,12,sequence,
75293,75294,141,same_skill+sequence,32.0
75293,75295,1,same_skill,32.0
75294,75295,140,same_skill+sequence,32.0
75295,75525,59,sequence,
75525,85857,13,sequence,
75525,85973,12,sequence,
79350,79353,16,same_skill+sequence,27.0
79350,79356,26,same_skill+sequence,27.0
79350,79359,18,sequence,
79350,79362,14,sequence,
79350,79365,25,same_skill+sequence,27.0
79350,79368,15,sequence,
79350,79371,20,sequence,
79350,79374,22,sequence,
79350,79377,25,sequence,
79350,79560,28,same_skill+sequence,27.0
79350,79563,27,same_skill+sequence,27.0
79350,79566,30,sequence,
79350,79569,17,sequence,
79350,79572,17,sequence,
79350,79575,22,sequence,
79350,79578,21,sequence,
79350,79581,23,sequence,
79350,79584,23,sequence,
79350,79587,25,sequence,
79353,79356,26,same_skill+sequence,27.0
79353,79359,13,sequence,
79353,79362,21,sequence,
79353,79365,42,same_skill+sequence,27.0
79353,79368,23,sequence,
79353,79371,17,sequence,
79353,79374,16,sequence,
79353,79377,29,sequence,
79353,79560,16,same_skill+sequence,27.0
79353,79563,21,sequence,
79353,79566,18,sequence,
79353,79569,18,sequence,
79353,79572,11,sequence,
79353,79575,17,sequence,
79353,79578,16,sequence,
79353,79581,29,sequence,
79353,79584,23,sequence,
79353,79587,17,sequence,
79356,79359,23,sequence,
79356,79362,15,sequence,
79356,79365,20,same_skill+sequence,27.0
79356,79368,22,sequence,
79356,79371,15,sequence,
79356,79374,20,sequence,
79356,79377,16,sequence,
79356,79560,26,same_skill+sequence,27.0
79356,79563,19,same_skill+sequence,27.0
79356,79566,23,sequence,
79356,79569,30,sequence,
79356,79572,17,same_skill+sequence,27.0
79356,79575,13,sequence,
79356,79578,21,sequence,
79356,79581,13,same_skill+sequence,27.0
79356,79584,17,sequence,
79356,79587,16,sequence,
79359,79362,18,same_skill+sequence,27.0
79359,79365,25,sequence,
79359,79368,12,same_skill+sequence,27.0
79359,79371,20,same_skill+sequence,27.0
79359,79374,26,sequence,
79359,79377,14,sequence,
79359,79560,28,sequence,
79359,79563,12,sequence,
79359,79566,16,sequence,
79359,79569,17,sequence,
79359,79572,14,sequence,
79359,79575,19,same_skill+sequence,27.0
79359,79578,12,sequence,
79359,79581,15,sequence,
79359,79584,22,sequence,
79359,79587,18,sequence,
79362,79365,13,sequence,
79362,79368,24,same_skill+sequence,27.0
79362,79371,18,same_skill+sequence,27.0
79362,79374,10,sequence,
79362,79377,21,sequence,
79362,79560,20,sequence,
79362,79563,12,sequence,
79362,79566,16,sequence,
79362,79569,21,sequence,
79362,79572,28,sequence,
79362,79575,23,same_skill+sequence,27.0
79362,79578,17,same_skill+sequence,27.0
79362,79581,16,sequence,
79362,79584,10,sequence,
79362,79587,18,sequence,
79365,79368,19,sequence,
79365,79371,18,sequence,
79365,79374,22,sequence,
79365,79377,21,sequence,
79365,79560,18,same_skill+sequence,27.0
79365,79563,22,same_skill+sequence,27.0
79365,79566,20,sequence,
79365,79569,17,sequence,
79365,79572,13,sequence,
79365,79575,16,sequence,
79365,79581,18,same_skill+sequence,27.0
79365,79584,15,sequence,
79365,79587,14,sequence,
79368,79371,13,same_skill+sequence,27.0
79368,79374,20,sequence,
79368,79377,24,sequence,
79368,79560,21,sequence,
79368,79563,23,sequence,
79368,79566,16,sequence,
79368,79569,25,sequence,
79368,79572,19,sequence,
79368,79575,22,same_skill+sequence,27.0
79368,79578,17,same_skill+sequence,27.0
79368,79581,12,sequence,
79368,79584,19,sequence,
79368,79587,16,same_skill+sequence,27.0
79371,79374,23,sequence,
79371,79377,19,sequence,
79371,79560,15,sequence,
79371,79563,15,sequence,
79371,79566,21,same_skill+sequence,27.0
79371,79569,14,sequence,
79371,79572,14,sequence,
79371,79575,19,same_skill+sequence,27.0
79371,79578,27,same_skill+sequence,27.0
79371,79581,23,sequence,
79371,79584,19,sequence,
79371,79587,24,same_skill+sequence,27.0
79374,79377,18,same_skill+sequence,27.0
79374,79560,27,same_skill+sequence,27.0
79374,79563,20,same_skill+sequence,27.0
79374,79566,21,same_skill+sequence,27.0
79374,79569,30,same_skill+sequence,27.0
79374,79572,16,same_skill+sequence,27.0
79374,79575,17,sequence,
79374,79578,21,sequence,
79374,79581,26,same_skill+sequence,27.0
79374,79584,20,same_skill+sequence,27.0
79374,79587,20,sequence,
79377,79560,18,sequence,
79377,79563,26,sequence,
79377,79566,19,same_skill+sequence,27.0
79377,79569,18,same_skill+sequence,27.0
79377,79572,25,same_skill+sequence,27.0
79377,79575,17,sequence,
79377,79578,24,same_skill+sequence,27.0
79377,79581,26,same_skill+sequence,27.0
79377,79584,11,same_skill+sequence,27.0
79377,79587,24,same_skill+sequence,27.0
79560,79563,20,same_skill+sequence,27.0
79560,79566,20,sequence,
79560,79569,18,sequence,
79560,79572,22,same_skill+sequence,27.0
79560,79575,22,sequence,
79560,79578,21,sequence,
79560,79581,23,same_skill+sequence,27.0
79560,79584,28,sequence,
79560,79587,24,sequence,
79563,79566,25,sequence,
79563,79569,16,sequence,
79563,79572,22,same_skill+sequence,27.0
79563,79575,23,sequence,
79563,79578,15,sequence,
79563,79581,25,same_skill+sequence,27.0
79563,79584,22,same_skill+sequence,27.0
79563,79587,22,sequence,
79566,79569,17,same_skill+sequence,27.0
79566,79572,24,sequence,
79566,79575,14,same_skill+sequence,27.0
79566,79578,25,same_skill+sequence,27.0
79566,79581,29,sequence,
79566,79584,22,same_skill+sequence,27.0
79566,79587,20,same_skill+sequence,27.0
79569,79572,22,same_skill+sequence,27.0
79569,79575,23,same_skill+sequence,27.0
79569,79578,20,same_skill+sequence,27.0
79569,79581,19,sequence,
79569,79584,19,same_skill+sequence,27.0
79569,79587,25,same_skill+sequence,27.0
79572,79575,23,sequence,
79572,79578,22,sequence,
79572,79581,26,same_skill+sequence,27.0
79572,79584,15,same_skill+sequence,27.0
79572,79587,18,sequence,
79575,79578,21,same_skill+sequence,27.0
79575,79581,27,sequence,
79575,79584,15,sequence,
79575,79587,19,same_skill+sequence,27.0
79578,79581,19,sequence,
79578,79584,29,sequence,
79578,79587,18,same_skill+sequence,27.0
79581,79584,20,same_skill+sequence,27.0
79581,79587,22,sequence,
79584,79587,17,same_skill+sequence,27.0
80670,80686,160,same_skill+sequence,75.0
80670,80730,1,same_skill,75.0
80670,85119,159,sequence,
80670,89619,1,same_skill,75.0
80670,89632,1,same_skill,75.0
80670,89646,1,same_skill,75.0
80686,80730,169,same_skill+sequence,75.0
80686,89632,1,same_skill,75.0
80686,89646,1,same_skill,75.0
80730,89619,1,same_skill,75.0
80730,89632,1,same_skill,75.0
80730,89646,1,same_skill,75.0
81115,81116,217,sequence,
81115,87528,1,same_skill,311.0
81115,87542,1,same_skill,311.0
81115,87923,1,same_skill,311.0
81115,88031,1,same_skill,311.0
81116,8463,87,sequence,
84589,84599,136,same_skill+sequence,309.0
84589,84600,26,sequence,
84589,84601,1,same_skill,309.0
84589,84644,82,sequence,
84589,84962,18,sequence,
84589,85110,1,same_skill,309.0
84589,85111,1,same_skill,309.0
84589,85113,1,same_skill,309.0
84589,85119,1,same_skill,309.0
84589,87423,29,sequence,
84589,88199,46,sequence,
84590,84592,1,same_skill,309.0
84590,84602,13,sequence,
84590,84603,1,same_skill,309.0
84590,84611,1,same_skill,309.0
84590,84613,1,same_skill,309.0
84590,84618,1,same_skill,309.0
84590,84986,1,same_skill,309.0
84590,84987,10,sequence,
84590,84989,1,same_skill,309.0
84590,84994,1,same_skill,309.0
84591,84609,1,same_skill,309.0
84591,84615,1,same_skill,309.0
84591,84987,1,same_skill,309.0
84591,84988,1,same_skill,309.0
84591,84990,1,same_skill,309.0
84591,84991,11,same_skill+sequence,309.0
84591,84993,1,same_skill,309.0
84591,84998,1,same_skill,309.0
84592,84597,1,same_skill,309.0
84592,84598,10,sequence,
84592,84608,13,same_skill+sequence,309.0
84592,84611,1,same_skill,309.0
84592,84613,1,same_skill,309.0
84592,84616,10,sequence,
84592,84618,1,same_skill,309.0
84592,84656,12,sequence,
84592,84994,1,same_skill,309.0
84592,84997,1,same_skill,309.0
84592,85062,11,sequence,
84593,84600,13,sequence,
84593,84607,1,same_skill,309.0
84593,84653,10,sequence,
84593,84980,1,same_skill,309.0
84593,84983,1,same_skill,309.0
84593,84996,1,same_skill,309.0
84593,85112,1,same_skill,309.0
84594,84599,1,same_skill,309.0
84594,84600,1,same_skill,309.0
84594,84601,81,same_skill+sequence,309.0
84594,84604,1,same_skill,309.0
84594,84617,1,same_skill,309.0
84594,84988,13,sequence,
84594,85031,10,sequence,
84594,85111,13,sequence,
84594,85113,1,same_skill,309.0
84594,85117,11,sequence,
84595,84602,1,same_skill,309.0
84595,84603,10,sequence,
84595,84605,21,sequence,
84595,84606,1,same_skill,309.0
84595,84610,1,same_skill,309.0
84595,84614,1,same_skill,309.0
84595,84616,11,sequence,
84595,84979,1,same_skill,309.0
84595,84981,1,same_skill,309.0
84595,84982,1,same_skill,309.0
84595,84992,1,same_skill,309.0
84595,85077,12,sequence,
84595,85112,11,sequence,
84596,84601,11,sequence,
84596,84607,1,same_skill,309.0
84596,84609,1,same_skill,309.0
84596,84980,1,same_skill,309.0
84596,84990,1,same_skill,309.0
84596,84991,1,same_skill,309.0
84596,84993,1,same_skill,309.0
84596,84996,1,same_skill,309.0
84596,85065,11,sequence,
84596,85112,1,same_skill,309.0
84597,84603,14,sequence,
84597,84605,1,same_skill,309.0
84597,84608,1,same_skill,309.0
84597,84612,1,same_skill,309.0
84597,84618,1,same_skill,309.0
84597,84641,11,sequence,
84597,84984,1,same_skill,309.0
84597,84997,1,same_skill,309.0
84597,85118,1,same_skill,309.0
84598,84603,1,same_skill,309.0
84598,84608,10,sequence,
84598,84611,11,same_skill+sequence,309.0
84598,84613,10,sequence,
84598,84616,1,same_skill,309.0
84598,84985,1,same_skill,309.0
84598,84986,1,same_skill,309.0
84598,84989,1,same_skill,309.0
84598,84995,1,same_skill,309.0
84598,85117,12,same_skill+sequence,309.0
84599,84601,1,same_skill,309.0
84599,84632,54,sequence,
84599,84984,13,sequence,
84599,85065,10,sequence,
84599,85110,1,same_skill,309.0
84599,85111,83,same_skill+sequence,309.0
84599,85113,1,same_skill,309.0
84599,85119,1,same_skill,309.0
84600,84604,1,same_skill,309.0
84600,84605,1,same_skill,309.0
84600,84608,10,sequence,
84600,84612,1,same_skill,309.0
84600,84617,1,same_skill,309.0
84600,84632,24,sequence,
84600,84984,1,same_skill,309.0
84600,84989,10,sequence,
84600,85046,10,sequence,
84600,85083,11,sequence,
84600,85118,11,same_skill+sequence,309.0
84601,84604,1,same_skill,309.0
84601,84605,19,sequence,
84601,84617,1,same_skill,309.0
84601,84644,10,sequence,
84601,85074,73,sequence,
84601,85113,11,same_skill+sequence,309.0
84602,84603,12,sequence,
84602,84606,1,same_skill,309.0
84602,84609,10,sequence,
84602,84610,1,same_skill,309.0
84602,84615,11,sequence,
84602,84616,1,same_skill,309.0
84602,84979,1,same_skill,309.0
84602,84981,1,same_skill,309.0
84602,84982,1,same_skill,309.0
84602,84992,10,sequence,
84602,84995,1,same_skill,309.0
84602,85077,11,sequence,
84603,84611,1,same_skill,309.0
84603,84984,13,sequence,
84603,84985,1,same_skill,309.0
84603,84986,1,same_skill,309.0
84603,84989,1,same_skill,309.0
84603,84994,1,same_skill,309.0
84603,85062,10,sequence,
84603,85111,14,sequence,
84603,85117,1,same_skill,309.0
84604,84605,1,same_skill,309.0
84604,84617,1,same_skill,309.0
84604,85080,88,sequence,
84604,85113,87,same_skill+sequence,309.0
84604,85118,1,same_skill,309.0
84605,84612,1,same_skill,309.0
84605,84613,14,sequence,
84605,84617,1,same_skill,309.0
84605,84984,1,same_skill,309.0
84605,84994,10,sequence,
84605,85025,11,sequence,
84605,85040,10,sequence,
84605,85062,10,sequence,
84605,85083,13,sequence,
84605,85118,1,same_skill,309.0
84606,84610,1,same_skill,309.0
84606,84614,1,same_skill,309.0
84606,84616,1,same_skill,309.0
84606,84650,10,sequence,
84606,84979,1,same_skill,309.0
84606,84981,1,same_skill,309.0
84606,84982,1,same_skill,309.0
84606,84995,12,sequence,
84606,85062,10,sequence,
84607,84609,1,same_skill,309.0
84607,84980,1,same_skill,309.0
84607,84983,1,same_skill,309.0
84607,84993,1,same_skill,309.0
84607,84996,1,same_skill,309.0
84607,84997,10,sequence,
84607,85022,10,sequence,
84607,85034,10,sequence,
84607,85056,10,sequence,
84607,85112,1,same_skill,309.0
84608,84612,1,same_skill,309.0
84608,84613,1,same_skill,309.0
84608,84618,1,same_skill,309.0
84608,84984,1,same_skill,309.0
84608,84994,1,same_skill,309.0
84608,84997,1,same_skill,309.0
84608,85068,10,sequence,
84608,85077,10,sequence,
84608,85110,10,sequence,
84609,84980,1,same_skill,309.0
84609,84987,10,sequence,
84609,84990,1,same_skill,309.0
84609,84991,1,same_skill,309.0
84609,84993,1,same_skill,309.0
84609,85112,11,same_skill+sequence,309.0
84610,84614,1,same_skill,309.0
84610,84644,10,sequence,
84610,84979,1,same_skill,309.0
84610,84982,1,same_skill,309.0
84610,84988,1,same_skill,309.0
84610,84992,1,same_skill,309.0
84611,84613,1,same_skill,309.0
84611,84615,11,sequence,
84611,84986,1,same_skill,309.0
84611,84989,1,same_skill,309.0
84611,84994,1,same_skill,309.0
84611,85056,11,sequence,
84612,84984,13,same_skill+sequence,309.0
84612,84996,10,sequence,
84612,84997,1,same_skill,309.0
84612,85062,11,sequence,
84612,85113,11,sequence,
84612,85118,1,same_skill,309.0
84613,84618,1,same_skill,309.0
84613,84989,1,same_skill,309.0
84613,84994,1,same_skill,309.0
84613,84997,1,same_skill,309.0
84613,85077,10,sequence,
84613,85113,10,sequence,
84614,84615,1,same_skill,309.0
84614,84979,1,same_skill,309.0
84614,84988,1,same_skill,309.0
84614,84992,1,same_skill,309.0
84614,84998,1,same_skill,309.0
84615,84987,1,same_skill,309.0
84615,84988,1,same_skill,309.0
84615,84990,1,same_skill,309.0
84615,84991,1,same_skill,309.0
84615,84992,1,same_skill,309.0
84615,84998,1,same_skill,309.0
84615,85119,11,sequence,
84616,84981,1,same_skill,309.0
84616,84982,1,same_skill,309.0
84616,84985,11,same_skill+sequence,309.0
84616,84995,1,same_skill,309.0
84616,85025,10,sequence,
84616,85117,1,same_skill,309.0
84617,84984,14,sequence,
84617,84987,11,sequence,
84617,85111,34,sequence,
84617,85113,1,same_skill,309.0
84617,87422,76,sequence,
84618,84641,10,sequence,
84618,84984,1,same_skill,309.0
84618,84994,1,same_skill,309.0
84618,84997,1,same_skill,309.0
84618,85062,10,sequence,
84618,85077,13,sequence,
84618,85080,12,sequence,
8462,87045,1,same_skill,61.0
8462,87057,53,sequence,
8462,87074,1,same_skill,61.0
8462,87120,1,same_skill,61.0
8462,87123,1,same_skill,61.0
84629,84638,1,same_skill,310.0
84629,84656,1,same_skill,310.0
84629,84994,10,sequence,
84629,85083,1,same_skill,310.0
84629,85110,10,sequence,
84629,85112,10,sequence,
8463,87027,1,same_skill,61.0
8463,87028,1,same_skill,61.0
8463,87042,1,same_skill,61.0
8463,87073,1,same_skill,61.0
8463,87077,1,same_skill,61.0
8463,87082,1,same_skill,61.0
84632,85019,1,same_skill,310.0
84632,85037,10,sequence,
84632,85086,1,same_skill,310.0
84632,85118,10,sequence,
84632,89734,19,sequence,
84635,84641,11,same_skill+sequence,310.0
84635,85031,1,same_skill,310.0
84635,85034,1,same_skill,310.0
84635,85046,11,sequence,
84638,84653,10,sequence,
84638,85037,1,same_skill,310.0
84638,85040,1,same_skill,310.0
84638,85071,1,same_skill,310.0
84638,85083,1,same_skill,310.0
84641,85019,10,sequence,
84641,85031,1,same_skill,310.0
84641,85034,1,same_skill,310.0
84641,85077,10,sequence,
84644,84650,11,sequence,
84644,84982,12,sequence,
84644,84992,11,sequence,
84644,85074,81,sequence,
84647,85022,1,same_skill,310.0
84647,85028,1,same_skill,310.0
84647,85080,10,sequence,
84647,85111,11,sequence,
84650,84991,11,sequence,
84650,85025,1,same_skill,310.0
84650,85034,11,sequence,
84650,85062,1,same_skill,310.0
84650,85077,1,same_skill,310.0
84650,86161,75,sequence,
84653,84984,11,sequence,
84653,85034,10,sequence,
84653,85043,1,same_skill,310.0
84653,85056,1,same_skill,310.0
84653,85062,10,sequence,
84653,85065,1,same_skill,310.0
84656,85022,1,same_skill,310.0
84656,85068,11,same_skill+sequence,310.0
84719,84723,10,sequence,
84719,84972,10,sequence,
84719,84973,11,sequence,
84719,84977,10,sequence,
84719,85893,48,sequence,
84719,85903,1,same_skill,47.0
84719,85909,1,same_skill,47.0
84719,85925,1,same_skill,47.0
84719,85926,1,same_skill,47.0
84719,85927,1,same_skill,47.0
84719,85928,1,same_skill,47.0
84719,87472,39,sequence,
84720,84744,10,sequence,
84720,84959,14,sequence,
84720,84968,1,same_skill,47.0
84720,85798,1,same_skill,47.0
84720,85800,1,same_skill,47.0
84720,85930,1,same_skill,47.0
84720,85944,1,same_skill,47.0
84720,86067,1,same_skill,47.0
84720,86068,1,same_skill,47.0
84721,84723,1,same_skill,47.0
84721,84743,13,sequence,
84721,84746,10,sequence,
84721,84959,10,sequence,
84721,84962,1,same_skill,47.0
84721,84966,1,same_skill,47.0
84721,85796,1,same_skill,47.0
84721,85974,1,same_skill,47.0
84721,86050,1,same_skill,47.0
84721,86070,1,same_skill,47.0
84721,86075,1,same_skill,47.0
84722,84961,11,sequence,
84722,84964,11,sequence,
84722,84970,1,same_skill,47.0
84722,85940,1,same_skill,47.0
84722,85950,1,same_skill,47.0
84722,85954,1,same_skill,47.0
84722,85972,1,same_skill,47.0
84722,86064,1,same_skill,47.0
84722,86079,1,same_skill,47.0
84723,84742,10,sequence,
84723,84962,1,same_skill,47.0
84723,84966,1,same_skill,47.0
84723,84967,1,same_skill,47.0
84723,84977,11,sequence,
84723,85796,1,same_skill,47.0
84723,85929,1,same_skill,47.0
84723,86048,1,same_skill,47.0
84723,86070,1,same_skill,47.0
84724,84728,1,same_skill,47.0
84724,84744,14,sequence,
84724,85954,1,same_skill,47.0
84724,85962,1,same_skill,47.0
84724,85965,1,same_skill,47.0
84724,86045,1,same_skill,47.0
84724,86052,1,same_skill,47.0
84724,86061,1,same_skill,47.0
84724,86066,1,same_skill,47.0
84725,84744,10,sequence,
84725,84972,1,same_skill,47.0
84725,85799,1,same_skill,47.0
84725,85952,1,same_skill,47.0
84725,85956,1,same_skill,47.0
84725,86071,1,same_skill,47.0
84726,84743,1,same_skill,47.0
84726,84751,1,same_skill,47.0
84726,84962,10,sequence,
84726,84977,1,same_skill,47.0
84726,85946,1,same_skill,47.0
84726,85959,1,same_skill,47.0
84726,85974,1,same_skill,47.0
84726,86050,1,same_skill,47.0
84726,86075,1,same_skill,47.0
84727,84741,1,same_skill,47.0
84727,84749,1,same_skill,47.0
84727,84971,1,same_skill,47.0
84727,85943,1,same_skill,47.0
84727,85950,1,same_skill,47.0
84727,85960,1,same_skill,47.0
84727,86080,1,same_skill,47.0
84728,84969,1,same_skill,47.0
84728,85962,1,same_skill,47.0
84728,85965,1,same_skill,47.0
84728,86052,1,same_skill,47.0
84728,86061,1,same_skill,47.0
84741,84971,1,same_skill,47.0
84741,85801,1,same_skill,47.0
84741,85943,1,same_skill,47.0
84741,85955,1,same_skill,47.0
84741,85960,1,same_skill,47.0
84741,86078,1,same_skill,47.0
84741,86080,1,same_skill,47.0
84742,84745,1,same_skill,47.0
84742,85936,1,same_skill,47.0
84742,85938,1,same_skill,47.0
84742,85939,1,same_skill,47.0
84742,85941,1,same_skill,47.0
84742,85947,1,same_skill,47.0
84743,84751,1,same_skill,47.0
84743,84959,10,sequence,
84743,84977,1,same_skill,47.0
84743,85946,1,same_skill,47.0
84743,85959,1,same_skill,47.0
84743,86050,1,same_skill,47.0
84743,86062,1,same_skill,47.0
84743,86075,1,same_skill,47.0
84744,84959,1,same_skill,47.0
84744,84960,1,same_skill,47.0
84744,84976,1,same_skill,47.0
84744,85850,1,same_skill,47.0
84744,85899,1,same_skill,47.0
84744,85900,1,same_skill,47.0
84744,85910,1,same_skill,47.0
84744,86077,1,same_skill,47.0
84745,84959,10,sequence,
84745,85931,1,same_skill,47.0
84745,85938,1,same_skill,47.0
84745,85941,1,same_skill,47.0
84745,85966,1,same_skill,47.0
84745,85967,1,same_skill,47.0
84746,84912,1,same_skill,47.0
84746,84974,178,same_skill+sequence,47.0
84746,85901,1,same_skill,47.0
84746,85908,1,same_skill,47.0
84749,84975,10,sequence,
84749,85943,1,same_skill,47.0
84749,85950,1,same_skill,47.0
84749,85960,1,same_skill,47.0
84749,86079,1,same_skill,47.0
84749,86080,1,same_skill,47.0
84751,85797,1,same_skill,47.0
84751,85946,1,same_skill,47.0
84751,85959,1,same_skill,47.0
84751,86062,1,same_skill,47.0
84751,86063,1,same_skill,47.0
84751,86076,1,same_skill,47.0
84889,84890,28,sequence,
84889,84891,10,sequence,
84889,84892,211,sequence,
84889,84898,11,sequence,
84889,84899,10,sequence,
84889,84900,13,same_skill+sequence,277.0
84889,84903,12,sequence,
84889,84905,26,sequence,
84889,87024,21,sequence,
84889,87025,28,sequence,
84889,87473,131,sequence,
84889,88292,19,sequence,
84889,88498,23,sequence,
84889,89663,12,sequence,
84889,89666,12,sequence,
84889,89705,10,sequence,
84889,89711,10,sequence,
84889,89712,12,sequence,
84889,89715,11,sequence,
84889,89719,15,sequence,
84889,89727,10,sequence,
84889,89728,11,sequence,
84889,89729,10,sequence,
84889,89731,66,same_skill+sequence,277.0
84889,89734,1,same_skill,277.0
84889,89737,12,sequence,
84889,89738,10,sequence,
84889,89739,10,sequence,
84889,89742,10,sequence,
84889,89752,11,sequence,
84889,89754,11,sequence,
84889,89756,10,sequence,
84889,89760,11,sequence,
84889,94843,135,sequence,
84889,97547,21,sequence,
84890,84891,30,sequence,
84890,84892,184,sequence,
84890,84895,16,sequence,
84890,84898,12,sequence,
84890,84901,1,same_skill,277.0
84890,84902,10,sequence,
84890,84903,12,sequence,
84890,89668,11,sequence,
84890,89703,11,sequence,
84890,89704,1,same_skill,277.0
84890,89705,10,sequence,
84890,89708,11,sequence,
84890,89710,11,sequence,
84890,89712,1,same_skill,277.0
84890,89722,10,sequence,
84890,89727,1,same_skill,277.0
84890,89736,17,sequence,
84890,89738,10,sequence,
84890,89740,10,sequence,
84890,89742,1,same_skill,277.0
84890,89747,14,same_skill+sequence,277.0
84890,89748,11,sequence,
84890,89756,1,same_skill,277.0
84891,84892,28,sequence,
84891,84893,10,sequence,
84891,84895,14,sequence,
84891,84896,12,sequence,
84891,84897,1,same_skill,277.0
84891,84898,11,sequence,
84891,84905,1,same_skill,277.0
84891,89663,12,sequence,
84891,89664,12,sequence,
84891,89669,11,sequence,
84891,89701,11,sequence,
84891,89702,1,same_skill,277.0
84891,89708,11,sequence,
84891,89719,10,sequence,
84891,89722,1,same_skill,277.0
84891,89733,13,same_skill+sequence,277.0
84891,89735,11,sequence,
84891,89736,1,same_skill,277.0
84891,89738,13,sequence,
84891,89741,1,same_skill,277.0
84891,89754,13,sequence,
84891,89757,13,same_skill+sequence,277.0
84892,84893,232,sequence,
84892,84900,11,same_skill+sequence,277.0
84892,84901,10,sequence,
84892,84902,11,sequence,
84892,84903,1,same_skill,277.0
84892,84904,176,sequence,
84892,84908,14,sequence,
84892,89704,11,sequence,
84892,89705,1,same_skill,277.0
84892,89717,11,sequence,
84892,89719,15,sequence,
84892,89731,1,same_skill,277.0
84892,89734,1,same_skill,277.0
84892,89738,13,same_skill+sequence,277.0
84892,89742,12,sequence,
84892,89743,10,sequence,
84892,89746,11,same_skill+sequence,277.0
84892,89747,16,sequence,
84892,89753,11,sequence,
84892,89756,11,sequence,
84893,84894,26,sequence,
84893,84901,13,same_skill+sequence,277.0
84893,89662,11,sequence,
84893,89704,213,sequence,
84893,89706,10,sequence,
84893,89712,1,same_skill,277.0
84893,89714,12,sequence,
84893,89720,1,same_skill,277.0
84893,89726,11,sequence,
84893,89728,11,same_skill+sequence,277.0
84893,89729,10,sequence,
84893,89731,11,sequence,
84893,89732,13,same_skill+sequence,277.0
84893,89733,12,sequence,
84893,89742,12,sequence,
84893,89746,14,same_skill+sequence,277.0
84893,89747,15,sequence,
84893,89758,1,same_skill,277.0
84893,89759,12,sequence,
84893,89760,12,sequence,
84894,84895,27,sequence,
84894,84899,13,sequence,
84894,84906,10,sequence,
84894,89663,11,sequence,
84894,89668,1,same_skill,277.0
84894,89670,1,same_skill,277.0
84894,89710,12,sequence,
84894,89711,12,sequence,
84894,89714,11,sequence,
84894,89717,11,same_skill+sequence,277.0
84894,89722,11,sequence,
84894,89739,1,same_skill,277.0
84894,89740,1,same_skill,277.0
84894,89745,1,same_skill,277.0
84894,89749,1,same_skill,277.0
84895,84896,34,same_skill+sequence,277.0
84895,84898,1,same_skill,277.0
84895,84899,11,sequence,
84895,84904,10,sequence,
84895,89664,12,sequence,
84895,89667,1,same_skill,277.0
84895,89670,10,sequence,
84895,89701,1,same_skill,277.0
84895,89707,1,same_skill,277.0
84895,89708,11,sequence,
84895,89711,13,sequence,
84895,89715,12,sequence,
84895,89718,13,sequence,
84895,89719,1,same_skill,277.0
84895,89728,10,sequence,
84895,89735,1,same_skill,277.0
84895,89740,13,sequence,
84895,89749,10,sequence,
84895,89759,10,sequence,
84895,89760,1,same_skill,277.0
84896,84897,25,sequence,
84896,84904,12,sequence,
84896,84908,1,same_skill,277.0
84896,89665,10,sequence,
84896,89701,1,same_skill,277.0
84896,89702,13,sequence,
84896,89707,13,same_skill+sequence,277.0
84896,89710,14,sequence,
84896,89712,11,sequence,
84896,89719,1,same_skill,277.0
84896,89720,10,sequence,
84896,89730,10,sequence,
84896,89731,10,sequence,
84896,89735,1,same_skill,277.0
84896,89737,12,same_skill+sequence,277.0
84896,89749,12,sequence,
84896,89758,10,sequence,
84896,89760,13,same_skill+sequence,277.0
84897,84898,27,same_skill+sequence,277.0
84897,84903,10,sequence,
84897,84905,12,same_skill+sequence,277.0
84897,89665,10,sequence,
84897,89666,11,sequence,
84897,89667,1,same_skill,277.0
84897,89670,10,sequence,
84897,89702,1,same_skill,277.0
84897,89714,12,sequence,
84897,89716,11,sequence,
84897,89719,1,same_skill,277.0
84897,89722,1,same_skill,277.0
84897,89724,10,sequence,
84897,89726,10,sequence,
84897,89729,10,sequence,
84897,89732,14,sequence,
84897,89736,1,same_skill,277.0
84897,89739,12,sequence,
84897,89744,11,sequence,
84897,89759,10,sequence,
84897,89760,11,sequence,
84898,84899,26,sequence,
84898,84908,11,sequence,
84898,89664,11,sequence,
84898,89667,1,same_skill,277.0
84898,89701,10,sequence,
84898,89702,12,same_skill+sequence,277.0
84898,89707,1,same_skill,277.0
84898,89719,1,same_skill,277.0
84898,89720,10,sequence,
84898,89722,1,same_skill,277.0
84898,89724,12,sequence,
84898,89735,11,sequence,
84898,89739,10,sequence,
84898,89740,11,sequence,
84898,89742,11,sequence,
84898,89750,10,sequence,
84898,89760,14,same_skill+sequence,277.0
84899,84900,28,sequence,
84899,84903,11,sequence,
84899,84904,1,same_skill,277.0
84899,84905,11,same_skill+sequence,277.0
84899,86454,13,sequence,
84899,86575,17,sequence,
84899,86786,17,sequence,
84899,89662,11,sequence,
84899,89712,11,sequence,
84899,89715,11,sequence,
84899,89719,10,sequence,
84899,89721,10,sequence,
84899,89723,12,sequence,
84899,89727,1,same_skill,277.0
84899,89729,11,sequence,
84899,89731,14,sequence,
84899,89733,1,same_skill,277.0
84899,89741,1,same_skill,277.0
84899,89747,12,sequence,
84899,89757,1,same_skill,277.0
84899,89759,29,same_skill+sequence,277.0
84900,84901,233,sequence,
84900,84903,1,same_skill,277.0
84900,84906,10,sequence,
84900,89663,12,sequence,
84900,89666,11,sequence,
84900,89669,13,sequence,
84900,89702,33,sequence,
84900,89705,242,same_skill+sequence,277.0
84900,89707,10,sequence,
84900,89709,10,sequence,
84900,89711,12,sequence,
84900,89719,11,sequence,
84900,89728,13,sequence,
84900,89731,37,same_skill+sequence,277.0
84900,89733,13,sequence,
84900,89734,31,same_skill+sequence,277.0
84900,89738,28,same_skill+sequence,277.0
84900,89746,27,sequence,
84900,89758,27,sequence,
84901,84902,28,sequence,
84901,84903,214,sequence,
84901,84906,12,sequence,
84901,89663,12,sequence,
84901,89667,10,sequence,
84901,89669,11,sequence,
84901,89703,12,sequence,
84901,89711,10,sequence,
84901,89712,1,same_skill,277.0
84901,89713,10,sequence,
84901,89718,11,sequence,
84901,89720,1,same_skill,277.0
84901,89725,13,sequence,
84901,89727,10,sequence,
84901,89728,1,same_skill,277.0
84901,89732,12,sequence,
84901,89735,12,sequence,
84901,89736,14,sequence,
84901,89742,1,same_skill,277.0
84901,89743,10,sequence,
84901,89756,1,same_skill,277.0
84902,84903,23,sequence,
84902,84905,12,sequence,
84902,89661,1,same_skill,277.0
84902,89664,1,same_skill,277.0
84902,89665,1,same_skill,277.0
84902,89666,12,sequence,
84902,89669,1,same_skill,277.0
84902,89708,12,sequence,
84902,89710,11,same_skill+sequence,277.0
84902,89716,12,sequence,
84902,89718,11,sequence,
84902,89726,1,same_skill,277.0
84902,89728,12,sequence,
84902,89729,1,same_skill,277.0
84902,89737,11,sequence,
84902,89743,12,sequence,
84902,89752,1,same_skill,277.0
84903,84904,197,sequence,
84903,84906,12,sequence,
84903,89661,10,sequence,
84903,89670,14,sequence,
84903,89705,1,same_skill,277.0
84903,89707,12,sequence,
84903,89712,214,sequence,
84903,89713,16,sequence,
84903,89714,10,sequence,
84903,89720,11,sequence,
84903,89722,12,sequence,
84903,89731,1,same_skill,277.0
84903,89734,183,same_skill+sequence,277.0
84903,89738,1,same_skill,277.0
84903,89739,11,sequence,
84903,89746,1,same_skill,277.0
84903,89747,13,sequence,
84903,89750,11,sequence,
84903,89760,13,sequence,
84904,84905,23,sequence,
84904,84906,11,sequence,
84904,84908,10,sequence,
84904,89668,12,sequence,
84904,89701,10,sequence,
84904,89702,10,sequence,
84904,89704,11,same_skill+sequence,277.0
84904,89705,10,sequence,
84904,89727,1,same_skill,277.0
84904,89741,1,same_skill,277.0
84904,89747,1,same_skill,277.0
84904,89752,12,sequence,
84904,89759,1,same_skill,277.0
84905,84906,27,sequence,
84905,84908,10,sequence,
84905,89702,1,same_skill,277.0
84905,89703,10,sequence,
84905,89708,11,sequence,
84905,89709,13,sequence,
84905,89719,10,sequence,
84905,89720,25,sequence,
84905,89733,1,same_skill,277.0
84905,89736,1,same_skill,277.0
84905,89738,12,sequence,
84905,89741,1,same_skill,277.0
84905,89742,12,sequence,
84905,89752,12,sequence,
84905,89757,1,same_skill,277.0
84906,84907,24,sequence,
84906,89662,13,sequence,
84906,89665,11,sequence,
84906,89666,1,same_skill,277.0
84906,89668,1,same_skill,277.0
84906,89670,1,same_skill,277.0
84906,89702,13,sequence,
84906,89704,10,sequence,
84906,89708,1,same_skill,277.0
84906,89710,10,sequence,
84906,89711,12,sequence,
84906,89714,1,same_skill,277.0
84906,89716,11,sequence,
84906,89717,16,sequence,
84906,89725,10,sequence,
84906,89731,10,sequence,
84906,89733,11,sequence,
84906,89743,1,same_skill,277.0
84906,89745,1,same_skill,277.0
84906,89746,11,sequence,
84906,89749,13,sequence,
84906,89755,11,sequence,
84906,89759,11,sequence,
84907,84908,24,same_skill+sequence,277.0
84907,89663,1,same_skill,277.0
84907,89666,12,same_skill+sequence,277.0
84907,89670,10,sequence,
84907,89701,11,same_skill+sequence,277.0
84907,89708,1,same_skill,277.0
84907,89709,10,sequence,
84907,89710,10,sequence,
84907,89711,1,same_skill,277.0
84907,89724,10,sequence,
84907,89725,10,sequence,
84907,89731,10,sequence,
84907,89732,10,sequence,
84907,89733,14,sequence,
84907,89737,1,same_skill,277.0
84907,89740,11,sequence,
84907,89743,1,same_skill,277.0
84907,89747,11,sequence,
84908,89663,1,same_skill,277.0
84908,89665,10,sequence,
84908,89667,11,sequence,
84908,89668,11,sequence,
84908,89669,11,sequence,
84908,89701,1,same_skill,277.0
84908,89708,10,sequence,
84908,89711,12,same_skill+sequence,277.0
84908,89714,12,sequence,
84908,89716,10,sequence,
84908,89720,12,sequence,
84908,89728,11,sequence,
84908,89731,23,sequence,
84908,89735,1,same_skill,277.0
84908,89737,1,same_skill,277.0
84908,89738,10,sequence,
84908,89744,10,sequence,
84908,89745,10,sequence,
84908,89748,10,sequence,
84908,89749,10,sequence,
84908,89760,1,same_skill,277.0
84912,84974,1,same_skill,47.0
84912,85896,1,same_skill,47.0
84912,85902,1,same_skill,47.0
84912,85904,1,same_skill,47.0
84912,85908,1,same_skill,47.0
84959,84967,10,sequence,
84959,85850,1,same_skill,47.0
84959,85900,1,same_skill,47.0
84959,85903,1,same_skill,47.0
84959,85910,1,same_skill,47.0
84959,85925,1,same_skill,47.0
84959,85928,1,same_skill,47.0
84959,86077,1,same_skill,47.0
84960,84962,25,sequence,
84960,84967,1,same_skill,47.0
84960,84976,1,same_skill,47.0
84960,85899,1,same_skill,47.0
84960,85900,1,same_skill,47.0
84960,85910,1,same_skill,47.0
84960,85929,1,same_skill,47.0
84960,86048,1,same_skill,47.0
84960,97772,13,sequence,
84961,85794,1,same_skill,47.0
84961,85905,1,same_skill,47.0
84961,85932,1,same_skill,47.0
84961,85949,1,same_skill,47.0
84961,85953,1,same_skill,47.0
84961,86054,1,same_skill,47.0
84961,87079,11,sequence,
84961,87297,11,sequence,
84962,84966,12,same_skill+sequence,47.0
84962,85796,1,same_skill,47.0
84962,85929,1,same_skill,47.0
84962,85974,1,same_skill,47.0
84962,86070,1,same_skill,47.0
84962,86075,1,same_skill,47.0
84964,84973,1,same_skill,47.0
84964,85957,1,same_skill,47.0
84965,85797,1,same_skill,47.0
84965,85798,1,same_skill,47.0
84965,85800,1,same_skill,47.0
84965,85930,1,same_skill,47.0
84965,85944,1,same_skill,47.0
84965,86062,1,same_skill,47.0
84965,86063,1,same_skill,47.0
84965,86076,1,same_skill,47.0
84966,84970,11,sequence,
84966,84977,1,same_skill,47.0
84966,85974,1,same_skill,47.0
84966,86050,1,same_skill,47.0
84966,86070,1,same_skill,47.0
84966,86075,1,same_skill,47.0
84967,84970,10,sequence,
84967,84976,1,same_skill,47.0
84967,85796,1,same_skill,47.0
84967,85899,1,same_skill,47.0
84967,85910,1,same_skill,47.0
84967,85929,1,same_skill,47.0
84967,86048,1,same_skill,47.0
84968,84975,1,same_skill,47.0
84968,85800,1,same_skill,47.0
84968,85930,1,same_skill,47.0
84968,85944,1,same_skill,47.0
84968,86067,1,same_skill,47.0
84968,86068,1,same_skill,47.0
84969,84970,12,sequence,
84969,85956,1,same_skill,47.0
84969,85962,1,same_skill,47.0
84969,85965,1,same_skill,47.0
84969,86052,1,same_skill,47.0
84969,86071,1,same_skill,47.0
84970,85940,1,same_skill,47.0
84970,85950,1,same_skill,47.0
84970,85972,1,same_skill,47.0
84970,86064,1,same_skill,47.0
84970,86079,1,same_skill,47.0
84971,85801,1,same_skill,47.0
84971,85943,1,same_skill,47.0
84971,85955,1,same_skill,47.0
84971,85960,1,same_skill,47.0
84971,86078,1,same_skill,47.0
84972,84976,10,sequence,
84972,85799,1,same_skill,47.0
84972,85952,1,same_skill,47.0
84972,85967,1,same_skill,47.0
84972,86073,1,same_skill,47.0
84973,85857,1,same_skill,47.0
84973,86069,1,same_skill,47.0
84974,85896,1,same_skill,47.0
84974,85902,1,same_skill,47.0
84974,85908,1,same_skill,47.0
84975,84976,10,sequence,
84975,85801,1,same_skill,47.0
84975,85955,1,same_skill,47.0
84975,86065,1,same_skill,47.0
84975,86067,1,same_skill,47.0
84975,86068,1,same_skill,47.0
84976,85796,1,same_skill,47.0
84976,85899,1,same_skill,47.0
84976,85910,1,same_skill,47.0
84976,85929,1,same_skill,47.0
84976,86048,1,same_skill,47.0
84977,85946,1,same_skill,47.0
84977,85959,1,same_skill,47.0
84977,85974,1,same_skill,47.0
84977,86050,1,same_skill,47.0
84977,86075,1,same_skill,47.0
84979,84988,1,same_skill,309.0
84979,84992,1,same_skill,309.0
84979,84998,1,same_skill,309.0
84979,85056,13,sequence,
84980,84991,1,same_skill,309.0
84980,84993,1,same_skill,309.0
84980,84996,1,same_skill,309.0
84980,85112,1,same_skill,309.0
84981,84982,1,same_skill,309.0
84981,84985,1,same_skill,309.0
84981,84995,1,same_skill,309.0
84981,85117,1,same_skill,309.0
84982,84995,1,same_skill,309.0
84982,85111,10,sequence,
84982,85117,1,same_skill,309.0
84982,85118,10,sequence,
84983,84996,1,same_skill,309.0
84983,85065,11,sequence,
84983,85112,1,same_skill,309.0
84984,84986,10,sequence,
84984,84995,10,sequence,
84984,84997,1,same_skill,309.0
84984,85118,1,same_skill,309.0
84985,84986,1,same_skill,309.0
84985,84989,1,same_skill,309.0
84985,84995,11,same_skill+sequence,309.0
84985,84997,11,sequence,
84985,85031,10,sequence,
84985,85083,11,sequence,
84985,85117,1,same_skill,309.0
84986,84989,1,same_skill,309.0
84986,84992,12,sequence,
84986,84995,1,same_skill,309.0
84986,85019,11,sequence,
84986,85025,14,sequence,
84986,85034,10,sequence,
84986,85110,11,sequence,
84986,85117,1,same_skill,309.0
84987,84988,1,same_skill,309.0
84987,84990,1,same_skill,309.0
84987,84991,1,same_skill,309.0
84987,84992,1,same_skill,309.0
84987,84993,1,same_skill,309.0
84987,84998,1,same_skill,309.0
84987,85025,10,sequence,
84987,85031,11,sequence,
84988,84990,10,sequence,
84988,84992,1,same_skill,309.0
84988,84997,11,sequence,
84988,84998,1,same_skill,309.0
84988,85071,10,sequence,
84989,84992,10,sequence,
84989,84994,1,same_skill,309.0
84989,84997,10,sequence,
84989,85113,10,sequence,
84989,85118,10,sequence,
84990,84991,1,same_skill,309.0
84990,84993,1,same_skill,309.0
84990,84998,1,same_skill,309.0
84990,85031,11,sequence,
84990,85077,12,sequence,
84990,85083,11,sequence,
84991,84993,1,same_skill,309.0
84991,84995,10,sequence,
84991,84996,10,sequence,
84991,85117,11,sequence,
84992,84995,11,sequence,
84992,84998,1,same_skill,309.0
84992,85077,11,sequence,
84993,85034,10,sequence,
84993,85080,10,sequence,
84993,85083,10,sequence,
84994,85062,12,sequence,
84995,84997,12,sequence,
84995,85068,13,sequence,
84995,85117,1,same_skill,309.0
84996,85068,10,sequence,
84996,85112,1,same_skill,309.0
84996,85119,10,sequence,
84997,85118,14,same_skill+sequence,309.0
84997,85119,12,sequence,
84998,85080,10,sequence,
85019,85086,163,same_skill+sequence,310.0
85022,85028,1,same_skill,310.0
85022,85068,1,same_skill,310.0
85025,85031,1,same_skill,310.0
85025,85034,1,same_skill,310.0
85025,85056,10,sequence,
85025,85062,1,same_skill,310.0
85025,85077,1,same_skill,310.0
85025,85111,10,sequence,
85025,85113,11,sequence,
85031,85034,1,same_skill,310.0
85031,85062,1,same_skill,310.0
85031,85077,13,same_skill+sequence,310.0
85031,85086,10,sequence,
85031,85110,10,sequence,
85034,85077,1,same_skill,310.0
85034,85080,10,sequence,
85034,85119,10,sequence,
85037,85040,1,same_skill,310.0
85037,85046,10,sequence,
85037,85071,1,same_skill,310.0
85037,85083,1,same_skill,310.0
85037,85118,10,sequence,
85040,85071,1,same_skill,310.0
85040,85083,1,same_skill,310.0
85043,85056,1,same_skill,310.0
85043,85062,10,sequence,
85056,85117,10,sequence,
85062,85077,1,same_skill,310.0
85062,85083,10,sequence,
85065,85119,13,sequence,
85071,85083,1,same_skill,310.0
85077,85118,12,sequence,
85080,85111,77,sequence,
85086,85110,167,sequence,
85110,85111,1,same_skill,309.0
85110,85113,1,same_skill,309.0
85110,85119,172,same_skill+sequence,309.0
85111,85113,85,sequence,
85111,85119,1,same_skill,309.0
85112,85117,11,sequence,
85113,85118,10,sequence,
85113,85119,13,sequence,
85118,85119,11,sequence,
85691,85692,1,same_skill,49.0
85691,85702,171,same_skill+sequence,49.0
85691,85716,1,same_skill,49.0
85691,85733,10,sequence,
85691,85744,14,sequence,
85691,88198,41,sequence,
85692,85694,11,sequence,
85692,85697,11,sequence,
85692,85702,1,same_skill,49.0
85692,85707,1,same_skill,49.0
85692,85713,13,sequence,
85692,85714,11,sequence,
85692,85715,10,sequence,
85692,85716,1,same_skill,49.0
85692,85746,1,same_skill,49.0
85692,85749,1,same_skill,49.0
85693,85703,1,same_skill,49.0
85693,85717,1,same_skill,49.0
85693,85730,1,same_skill,49.0
85693,85738,1,same_skill,49.0
85693,85743,1,same_skill,49.0
85693,85748,1,same_skill,49.0
85694,85695,1,same_skill,49.0
85694,85728,1,same_skill,49.0
85694,85729,1,same_skill,49.0
85694,85732,1,same_skill,49.0
85694,85734,10,sequence,
85694,85737,1,same_skill,49.0
85694,85740,1,same_skill,49.0
85694,85741,1,same_skill,49.0
85694,85747,1,same_skill,49.0
85695,85705,10,sequence,
85695,85718,1,same_skill,49.0
85695,85728,1,same_skill,49.0
85695,85732,1,same_skill,49.0
85695,85737,1,same_skill,49.0
85695,85740,1,same_skill,49.0
85695,85741,1,same_skill,49.0
85695,85747,1,same_skill,49.0
85696,85701,1,same_skill,49.0
85696,85706,1,same_skill,49.0
85696,85711,1,same_skill,49.0
85696,85713,10,sequence,
85696,85715,1,same_skill,49.0
85696,85719,1,same_skill,49.0
85696,85733,1,same_skill,49.0
85696,85736,1,same_skill,49.0
85696,85739,10,sequence,
85696,85745,1,same_skill,49.0
85697,85699,1,same_skill,49.0
85697,85712,1,same_skill,49.0
85697,85716,12,sequence,
85697,85717,1,same_skill,49.0
85697,85725,1,same_skill,49.0
85697,85726,1,same_skill,49.0
85697,85730,1,same_skill,49.0
85697,85739,1,same_skill,49.0
85697,85745,10,sequence,
85698,85699,10,sequence,
85698,85706,1,same_skill,49.0
85698,85713,1,same_skill,49.0
85698,85714,1,same_skill,49.0
85698,85718,1,same_skill,49.0
85698,85719,1,same_skill,49.0
85698,85727,1,same_skill,49.0
85698,85733,11,same_skill+sequence,49.0
85698,85734,1,same_skill,49.0
85699,85700,1,same_skill,49.0
85699,85712,1,same_skill,49.0
85699,85717,1,same_skill,49.0
85699,85725,1,same_skill,49.0
85699,85726,1,same_skill,49.0
85699,85730,1,same_skill,49.0
85699,85739,1,same_skill,49.0
85700,85710,1,same_skill,49.0
85700,85720,1,same_skill,49.0
85700,85724,1,same_skill,49.0
85700,85725,1,same_skill,49.0
85700,85726,1,same_skill,49.0
85700,85735,1,same_skill,49.0
85700,85739,1,same_skill,49.0
85701,85706,1,same_skill,49.0
85701,85711,1,same_skill,49.0
85701,85713,1,same_skill,49.0
85701,85714,11,sequence,
85701,85715,1,same_skill,49.0
85701,85719,1,same_skill,49.0
85701,85733,1,same_skill,49.0
85701,85736,1,same_skill,49.0
85702,85716,1,same_skill,49.0
85702,85733,11,sequence,
85702,85736,10,sequence,
85702,85743,10,sequence,
85702,85745,11,sequence,
85702,85746,1,same_skill,49.0
85702,88494,167,sequence,
85703,85730,1,same_skill,49.0
85703,85738,1,same_skill,49.0
85703,85743,1,same_skill,49.0
85703,85748,1,same_skill,49.0
85704,85705,1,same_skill,49.0
85704,85708,1,same_skill,49.0
85704,85720,1,same_skill,49.0
85704,85722,13,same_skill+sequence,49.0
85704,85729,1,same_skill,49.0
85704,85741,1,same_skill,49.0
85704,85744,1,same_skill,49.0
85704,85750,1,same_skill,49.0
85705,85708,1,same_skill,49.0
85705,85710,1,same_skill,49.0
85705,85720,1,same_skill,49.0
85705,85722,1,same_skill,49.0
85705,85735,1,same_skill,49.0
85705,85742,12,sequence,
85705,85743,10,sequence,
85705,85744,1,same_skill,49.0
85705,85750,1,same_skill,49.0
85706,85713,1,same_skill,49.0
85706,85715,1,same_skill,49.0
85706,85719,1,same_skill,49.0
85706,85729,10,sequence,
85706,85733,1,same_skill,49.0
85706,85736,1,same_skill,49.0
85706,85741,10,sequence,
85706,85745,10,sequence,
85707,85716,1,same_skill,49.0
85707,85717,12,sequence,
85707,85732,10,sequence,
85707,85742,1,same_skill,49.0
85707,85745,1,same_skill,49.0
85707,85746,1,same_skill,49.0
85707,85749,1,same_skill,49.0
85707,85751,1,same_skill,49.0
85708,85710,1,same_skill,49.0
85708,85720,1,same_skill,49.0
85708,85722,1,same_skill,49.0
85708,85724,1,same_skill,49.0
85708,85735,1,same_skill,49.0
85708,85750,1,same_skill,49.0
85710,85720,1,same_skill,49.0
85710,85724,1,same_skill,49.0
85710,85726,1,same_skill,49.0
85710,85735,1,same_skill,49.0
85710,85739,1,same_skill,49.0
85711,85715,13,same_skill+sequence,49.0
85711,85736,1,same_skill,49.0
85711,85742,1,same_skill,49.0
85711,85745,1,same_skill,49.0
85711,85749,12,same_skill+sequence,49.0
85711,85750,11,sequence,
85711,85751,1,same_skill,49.0
85712,85717,1,same_skill,49.0
85712,85725,1,same_skill,49.0
85712,85726,1,same_skill,49.0
85712,85730,1,same_skill,49.0
85712,85743,1,same_skill,49.0
85713,85714,1,same_skill,49.0
85713,85719,1,same_skill,49.0
85713,85727,1,same_skill,49.0
85713,85733,1,same_skill,49.0
85713,85734,1,same_skill,49.0
85713,85746,11,sequence,
85714,85718,1,same_skill,49.0
85714,85727,1,same_skill,49.0
85714,85728,1,same_skill,49.0
85714,85734,1,same_skill,49.0
85714,85737,1,same_skill,49.0
85714,85747,1,same_skill,49.0
85715,85726,10,sequence,
85715,85732,11,sequence,
85715,85736,1,same_skill,49.0
85715,85742,1,same_skill,49.0
85715,85745,1,same_skill,49.0
85715,85751,1,same_skill,49.0
85716,85746,1,same_skill,49.0
85716,85749,1,same_skill,49.0
85716,85751,1,same_skill,49.0
85717,85725,1,same_skill,49.0
85717,85730,1,same_skill,49.0
85717,85743,1,same_skill,49.0
85718,85727,1,same_skill,49.0
85718,85728,1,same_skill,49.0
85718,85734,1,same_skill,49.0
85718,85737,1,same_skill,49.0
85718,85747,1,same_skill,49.0
85718,85748,11,sequence,
85719,85733,1,same_skill,49.0
85719,85734,1,same_skill,49.0
85719,85736,1,same_skill,49.0
85719,85737,12,sequence,
85720,85724,1,same_skill,49.0
85720,85734,10,sequence,
85720,85735,1,same_skill,49.0
85720,85750,1,same_skill,49.0
85722,85729,1,same_skill,49.0
85722,85740,1,same_skill,49.0
85722,85741,1,same_skill,49.0
85722,85744,1,same_skill,49.0
85722,85750,1,same_skill,49.0
85724,85725,1,same_skill,49.0
85724,85726,1,same_skill,49.0
85724,85735,1,same_skill,49.0
85724,85739,1,same_skill,49.0
85725,85726,1,same_skill,49.0
85725,85739,1,same_skill,49.0
85726,85739,1,same_skill,49.0
85727,85733,1,same_skill,49.0
85727,85734,1,same_skill,49.0
85727,85737,1,same_skill,49.0
85727,85742,11,sequence,
85727,85747,1,same_skill,49.0
85728,85732,1,same_skill,49.0
85728,85737,1,same_skill,49.0
85728,85740,1,same_skill,49.0
85728,85747,1,same_skill,49.0
85729,85732,1,same_skill,49.0
85729,85740,1,same_skill,49.0
85729,85741,1,same_skill,49.0
85729,85744,1,same_skill,49.0
85729,85750,1,same_skill,49.0
85730,85743,11,same_skill+sequence,49.0
85732,85737,1,same_skill,49.0
85732,85740,1,same_skill,49.0
85732,85741,1,same_skill,49.0
85732,85744,1,same_skill,49.0
85733,85734,1,same_skill,49.0
85733,85745,12,sequence,
85734,85747,1,same_skill,49.0
85735,85739,1,same_skill,49.0
85735,85740,11,sequence,
85735,85750,11,same_skill+sequence,49.0
85736,85742,1,same_skill,49.0
85736,85744,10,sequence,
85736,85745,1,same_skill,49.0
85737,85747,1,same_skill,49.0
85737,85749,11,sequence,
85738,85743,1,same_skill,49.0
85738,85748,1,same_skill,49.0
85740,85741,1,same_skill,49.0
85740,85744,1,same_skill,49.0
85741,85744,1,same_skill,49.0
85742,85745,1,same_skill,49.0
85742,85746,1,same_skill,49.0
85742,85749,1,same_skill,49.0
85742,85751,1,same_skill,49.0
85743,85748,1,same_skill,49.0
85744,85750,1,same_skill,49.0
85745,85749,14,same_skill+sequence,49.0
85745,85751,1,same_skill,49.0
85746,85748,10,sequence,
85746,85749,1,same_skill,49.0
85746,85751,1,same_skill,49.0
85749,85751,1,same_skill,49.0
85793,85794,64,sequence,
85793,85800,11,sequence,
85793,85893,48,sequence,
85793,85895,263,same_skill+sequence,47.0
85793,85901,1,same_skill,47.0
85793,85929,14,sequence,
85794,85795,60,sequence,
85794,85798,10,sequence,
85794,85799,10,sequence,
85794,85801,11,sequence,
85794,85894,1,same_skill,47.0
85794,85897,18,sequence,
85794,85905,1,same_skill,47.0
85794,85932,1,same_skill,47.0
85794,85949,1,same_skill,47.0
85794,85953,1,same_skill,47.0
85794,86049,1,same_skill,47.0
85794,86054,1,same_skill,47.0
85794,89641,12,sequence,
85795,85796,60,sequence,
85795,85797,10,sequence,
85795,85798,11,sequence,
85795,85801,10,sequence,
85795,85897,1,same_skill,47.0
85795,85898,1,same_skill,47.0
85795,85902,1,same_skill,47.0
85795,85904,1,same_skill,47.0
85795,85969,1,same_skill,47.0
85795,85973,1,same_skill,47.0
85795,86072,1,same_skill,47.0
85795,86574,10,sequence,
85795,86782,44,sequence,
85795,86854,49,sequence,
85795,86883,11,sequence,
85795,89757,10,sequence,
85796,85797,61,sequence,
85796,85798,10,sequence,
85796,85800,10,sequence,
85796,85929,1,same_skill,47.0
85796,86048,1,same_skill,47.0
85796,86070,1,same_skill,47.0
85797,85798,65,same_skill+sequence,47.0
85797,85801,21,sequence,
85797,85944,1,same_skill,47.0
85797,85946,1,same_skill,47.0
85797,86062,1,same_skill,47.0
85797,86063,1,same_skill,47.0
85797,86076,1,same_skill,47.0
85798,85799,66,sequence,
85798,85800,13,same_skill+sequence,47.0
85798,85801,12,sequence,
85798,85930,1,same_skill,47.0
85798,85944,1,same_skill,47.0
85798,86063,1,same_skill,47.0
85798,86076,1,same_skill,47.0
85799,85800,59,sequence,
85799,85801,10,sequence,
85799,85952,1,same_skill,47.0
85799,85956,1,same_skill,47.0
85799,86073,1,same_skill,47.0
85800,85801,60,sequence,
85800,85930,1,same_skill,47.0
85800,85944,1,same_skill,47.0
85800,86067,1,same_skill,47.0
85801,85893,27,sequence,
85801,85943,1,same_skill,47.0
85801,85955,1,same_skill,47.0
85801,86065,1,same_skill,47.0
85801,86078,1,same_skill,47.0
85838,85850,109,sequence,
85838,85897,90,sequence,
85838,85906,1,same_skill,47.0
85838,85907,1,same_skill,47.0
85838,85909,1,same_skill,47.0
85838,85911,1,same_skill,47.0
85838,85927,1,same_skill,47.0
85838,86051,1,same_skill,47.0
85850,85900,1,same_skill,47.0
85850,85903,1,same_skill,47.0
85850,85925,1,same_skill,47.0
85850,85926,1,same_skill,47.0
85850,85928,1,same_skill,47.0
85850,86077,1,same_skill,47.0
85850,86161,106,sequence,
85857,85933,1,same_skill,47.0
85857,85958,1,same_skill,47.0
85857,86069,1,same_skill,47.0
85857,87428,67,sequence,
85893,85894,47,sequence,
85893,85932,1,same_skill,47.0
85893,85953,1,same_skill,47.0
85893,85969,1,same_skill,47.0
85893,85973,1,same_skill,47.0
85893,86072,1,same_skill,47.0
85894,85895,52,sequence,
85894,85905,1,same_skill,47.0
85894,85907,1,same_skill,47.0
85894,85949,1,same_skill,47.0
85894,86049,1,same_skill,47.0
85894,86051,1,same_skill,47.0
85894,86054,1,same_skill,47.0
85895,85896,134,sequence,
85895,85901,1,same_skill,47.0
85895,85903,10,sequence,
85895,86077,20,sequence,
85896,85897,53,same_skill+sequence,47.0
85896,85898,92,same_skill+sequence,47.0
85896,85902,1,same_skill,47.0
85896,85904,1,same_skill,47.0
85896,85908,1,same_skill,47.0
85896,85933,10,sequence,
85897,85898,56,same_skill+sequence,47.0
85897,85902,1,same_skill,47.0
85897,85904,1,same_skill,47.0
85897,85908,1,same_skill,47.0
85897,85969,1,same_skill,47.0
85897,85973,90,same_skill+sequence,47.0
85897,89641,16,sequence,
85898,85899,51,sequence,
85898,85901,90,sequence,
85898,85902,1,same_skill,47.0
85898,85904,1,same_skill,47.0
85898,85969,1,same_skill,47.0
85898,85973,1,same_skill,47.0
85898,86072,1,same_skill,47.0
85899,85900,48,same_skill+sequence,47.0
85899,85910,1,same_skill,47.0
85899,86048,1,same_skill,47.0
85899,86077,1,same_skill,47.0
85900,85901,52,sequence,
85900,85910,1,same_skill,47.0
85900,85928,1,same_skill,47.0
85900,86077,1,same_skill,47.0
85901,85902,166,sequence,
85901,85904,86,sequence,
85902,85903,51,sequence,
85902,85904,1,same_skill,47.0
85902,85908,1,same_skill,47.0
85903,85904,48,sequence,
85903,85909,1,same_skill,47.0
85903,85925,1,same_skill,47.0
85903,85926,1,same_skill,47.0
85903,85928,1,same_skill,47.0
85904,85905,52,sequence,
85904,85908,86,same_skill+sequence,47.0
85904,85973,1,same_skill,47.0
85905,85906,57,sequence,
85905,85949,1,same_skill,47.0
85905,85953,1,same_skill,47.0
85905,86049,1,same_skill,47.0
85905,86051,1,same_skill,47.0
85905,86054,1,same_skill,47.0
85906,85907,54,same_skill+sequence,47.0
85906,85911,1,same_skill,47.0
85906,85927,1,same_skill,47.0
85906,86049,1,same_skill,47.0
85906,86051,1,same_skill,47.0
85907,85908,54,sequence,
85907,85911,1,same_skill,47.0
85907,85949,1,same_skill,47.0
85907,86049,1,same_skill,47.0
85907,86051,1,same_skill,47.0
85908,85909,56,sequence,
85908,85932,87,sequence,
85909,85910,50,sequence,
85909,85911,1,same_skill,47.0
85909,85926,1,same_skill,47.0
85909,85927,1,same_skill,47.0
85909,86075,10,sequence,
85910,85911,54,sequence,
85910,86077,1,same_skill,47.0
85911,85925,55,sequence,
85911,85927,1,same_skill,47.0
85925,85926,56,same_skill+sequence,47.0
85925,85928,1,same_skill,47.0
85925,86077,1,same_skill,47.0
85926,85927,54,same_skill+sequence,47.0
85926,85928,1,same_skill,47.0
85927,85928,56,sequence,
85928,85929,56,sequence,
85928,86077,1,same_skill,47.0
85929,86048,1,same_skill,47.0
85929,86070,1,same_skill,47.0
85930,85944,1,same_skill,47.0
85930,86067,1,same_skill,47.0
85930,86076,1,same_skill,47.0
85931,85938,1,same_skill,47.0
85931,85941,1,same_skill,47.0
85931,85966,1,same_skill,47.0
85931,85967,1,same_skill,47.0
85931,86073,1,same_skill,47.0
85932,85949,85,sequence,
85932,85953,1,same_skill,47.0
85932,86054,1,same_skill,47.0
85933,85958,1,same_skill,47.0
85933,85961,1,same_skill,47.0
85933,86069,1,same_skill,47.0
85936,85938,1,same_skill,47.0
85936,85939,1,same_skill,47.0
85936,85941,1,same_skill,47.0
85936,85947,1,same_skill,47.0
85938,85941,1,same_skill,47.0
85938,85947,1,same_skill,47.0
85939,85947,1,same_skill,47.0
85939,85958,1,same_skill,47.0
85939,85961,1,same_skill,47.0
85940,85954,1,same_skill,47.0
85940,85972,1,same_skill,47.0
85940,86045,1,same_skill,47.0
85940,86064,1,same_skill,47.0
85940,86066,1,same_skill,47.0
85940,86079,1,same_skill,47.0
85941,85966,1,same_skill,47.0
85941,85967,1,same_skill,47.0
85943,85960,1,same_skill,47.0
85943,86078,1,same_skill,47.0
85943,86080,1,same_skill,47.0
85944,86076,1,same_skill,47.0
85946,85959,1,same_skill,47.0
85946,86062,1,same_skill,47.0
85946,86063,1,same_skill,47.0
85949,85953,84,sequence,
85949,86049,1,same_skill,47.0
85949,86051,1,same_skill,47.0
85949,86054,1,same_skill,47.0
85950,86079,1,same_skill,47.0
85950,86080,1,same_skill,47.0
85952,85956,1,same_skill,47.0
85952,86071,1,same_skill,47.0
85952,86073,1,same_skill,47.0
85953,85969,88,sequence,
85953,86054,1,same_skill,47.0
85954,85972,1,same_skill,47.0
85954,86045,1,same_skill,47.0
85954,86061,1,same_skill,47.0
85954,86064,1,same_skill,47.0
85954,86066,1,same_skill,47.0
85955,86065,1,same_skill,47.0
85955,86068,1,same_skill,47.0
85955,86078,1,same_skill,47.0
85956,86071,1,same_skill,47.0
85957,85968,1,same_skill,47.0
85958,85961,1,same_skill,47.0
85958,86069,1,same_skill,47.0
85959,86050,1,same_skill,47.0
85959,86062,1,same_skill,47.0
85959,86063,1,same_skill,47.0
85959,97776,22,sequence,
85960,86078,1,same_skill,47.0
85960,86080,1,same_skill,47.0
85961,86069,1,same_skill,47.0
85962,85965,1,same_skill,47.0
85962,86052,1,same_skill,47.0
85962,86061,1,same_skill,47.0
85962,86066,1,same_skill,47.0
85965,86052,1,same_skill,47.0
85965,86071,1,same_skill,47.0
85966,85967,1,same_skill,47.0
85966,86073,1,same_skill,47.0
85967,86073,1,same_skill,47.0
85969,85973,1,same_skill,47.0
85969,86048,30,sequence,
85969,86072,1,same_skill,47.0
85972,86045,1,same_skill,47.0
85972,86064,1,same_skill,47.0
85972,86079,1,same_skill,47.0
85973,86072,1,same_skill,47.0
85974,86050,1,same_skill,47.0
85974,86070,1,same_skill,47.0
85974,86075,1,same_skill,47.0
86045,86052,1,same_skill,47.0
86045,86061,1,same_skill,47.0
86045,86064,1,same_skill,47.0
86045,86066,1,same_skill,47.0
86048,86049,57,sequence,
86048,86070,1,same_skill,47.0
86049,86050,25,sequence,
86049,86051,51,same_skill+sequence,47.0
86050,86061,24,sequence,
86050,86075,1,same_skill,47.0
86051,86054,54,sequence,
86052,86061,1,same_skill,47.0
86052,86066,1,same_skill,47.0
86054,86077,53,sequence,
86061,86063,25,sequence,
86061,86064,1,same_skill,47.0
86061,86066,1,same_skill,47.0
86062,86063,1,same_skill,47.0
86062,86076,1,same_skill,47.0
86063,86070,24,sequence,
86063,86076,1,same_skill,47.0
86064,86066,1,same_skill,47.0
86065,86067,1,same_skill,47.0
86065,86068,1,same_skill,47.0
86065,86071,11,sequence,
86065,86078,1,same_skill,47.0
86067,86068,1,same_skill,47.0
86070,86072,26,sequence,
86072,86075,27,sequence,
86072,86668,85,sequence,
86072,86774,86,sequence,
86075,86076,24,sequence,
86076,86078,26,sequence,
86077,86079,11,sequence,
86078,86079,24,sequence,
86137,86138,11,sequence,
86137,86139,15,sequence,
86137,86140,15,sequence,
86137,86141,11,sequence,
86137,86143,11,sequence,
86137,86144,13,sequence,
86137,86145,12,sequence,
86137,86147,13,sequence,
86137,86148,13,sequence,
86137,86149,18,same_skill+sequence,65.0
86137,86151,14,same_skill+sequence,65.0
86137,86152,1,same_skill,65.0
86137,86153,1,same_skill,65.0
86137,86154,11,sequence,
86137,86155,1,same_skill,65.0
86137,86156,11,sequence,
86137,86157,1,same_skill,65.0
86137,86158,11,sequence,
86137,86159,10,sequence,
86137,86160,19,sequence,
86137,86161,16,sequence,
86137,86162,13,sequence,
86137,86163,15,sequence,
86137,86164,1,same_skill,65.0
86137,86165,11,sequence,
86137,86166,19,same_skill+sequence,65.0
86137,86167,10,sequence,
86137,86168,12,sequence,
86137,86169,16,sequence,
86137,86170,10,sequence,
86137,86173,11,sequence,
86138,86139,13,sequence,
86138,86140,11,sequence,
86138,86141,10,sequence,
86138,86142,15,same_skill+sequence,65.0
86138,86143,13,sequence,
86138,86145,10,sequence,
86138,86146,11,sequence,
86138,86147,15,sequence,
86138,86148,13,sequence,
86138,86149,15,same_skill+sequence,65.0
86138,86151,17,same_skill+sequence,65.0
86138,86155,11,sequence,
86138,86156,14,sequence,
86138,86157,16,same_skill+sequence,65.0
86138,86158,14,sequence,
86138,86160,12,sequence,
86138,86161,15,sequence,
86138,86162,15,sequence,
86138,86163,12,sequence,
86138,86164,12,sequence,
86138,86165,11,same_skill+sequence,65.0
86138,86166,11,same_skill+sequence,65.0
86138,86167,12,sequence,
86138,86168,10,sequence,
86138,86169,21,same_skill+sequence,65.0
86138,86170,1,same_skill,65.0
86138,86172,10,sequence,
86139,86141,12,sequence,
86139,86143,11,sequence,
86139,86144,15,sequence,
86139,86145,17,same_skill+sequence,65.0
86139,86146,16,sequence,
86139,86147,10,sequence,
86139,86148,14,sequence,
86139,86149,15,sequence,
86139,86150,11,same_skill+sequence,65.0
86139,86152,13,same_skill+sequence,65.0
86139,86153,15,same_skill+sequence,65.0
86139,86155,14,sequence,
86139,86157,16,sequence,
86139,86158,16,same_skill+sequence,65.0
86139,86159,16,same_skill+sequence,65.0
86139,86160,15,same_skill+sequence,65.0
86139,86162,10,sequence,
86139,86163,11,sequence,
86139,86164,12,same_skill+sequence,65.0
86139,86165,10,sequence,
86139,86166,14,sequence,
86139,86167,13,sequence,
86139,86168,11,sequence,
86139,86169,15,sequence,
86139,86170,19,sequence,
86139,86171,19,sequence,
86139,86172,13,sequence,
86139,86173,19,sequence,
86140,86141,1,same_skill,65.0
86140,86142,11,sequence,
86140,86143,11,sequence,
86140,86145,17,sequence,
86140,86146,11,sequence,
86140,86147,11,sequence,
86140,86148,15,same_skill+sequence,65.0
86140,86149,12,sequence,
86140,86150,12,same_skill+sequence,65.0
86140,86153,12,sequence,
86140,86155,12,sequence,
86140,86156,11,sequence,
86140,86157,11,sequence,
86140,86158,11,sequence,
86140,86159,11,sequence,
86140,86160,13,sequence,
86140,86162,14,same_skill+sequence,65.0
86140,86163,17,same_skill+sequence,65.0
86140,86164,15,sequence,
86140,86166,14,sequence,
86140,86167,15,sequence,
86140,86168,11,sequence,
86140,86169,12,sequence,
86140,86171,92,same_skill+sequence,65.0
86140,86172,18,same_skill+sequence,65.0
86140,86173,14,same_skill+sequence,65.0
86141,86142,11,sequence,
86141,86146,10,sequence,
86141,86148,14,same_skill+sequence,65.0
86141,86149,17,sequence,
86141,86150,15,sequence,
86141,86151,17,sequence,
86141,86152,11,sequence,
86141,86153,13,sequence,
86141,86154,13,sequence,
86141,86155,19,sequence,
86141,86156,13,sequence,
86141,86157,12,sequence,
86141,86158,14,sequence,
86141,86161,14,same_skill+sequence,65.0
86141,86162,11,same_skill+sequence,65.0
86141,86163,16,same_skill+sequence,65.0
86141,86164,12,sequence,
86141,86165,10,sequence,
86141,86166,10,sequence,
86141,86168,18,sequence,
86141,86169,12,sequence,
86141,86170,18,sequence,
86141,86171,17,same_skill+sequence,65.0
86141,86172,15,same_skill+sequence,65.0
86141,86173,14,same_skill+sequence,65.0
86141,86726,22,sequence,
86141,86880,28,sequence,
86141,87078,38,sequence,
86141,93825,20,sequence,
86142,86144,1,same_skill,65.0
86142,86145,12,sequence,
86142,86147,10,sequence,
86142,86148,12,sequence,
86142,86149,10,sequence,
86142,86150,12,sequence,
86142,86151,19,same_skill+sequence,65.0
86142,86152,12,sequence,
86142,86153,11,sequence,
86142,86154,1,same_skill,65.0
86142,86155,10,sequence,
86142,86157,11,sequence,
86142,86159,13,sequence,
86142,86160,13,sequence,
86142,86161,15,sequence,
86142,86163,16,sequence,
86142,86165,1,same_skill,65.0
86142,86166,13,sequence,
86142,86167,1,same_skill,65.0
86142,86168,13,sequence,
86142,86169,16,same_skill+sequence,65.0
86142,86170,1,same_skill,65.0
86142,86171,17,sequence,
86142,86173,15,sequence,
86143,86144,17,same_skill+sequence,65.0
86143,86146,1,same_skill,65.0
86143,86147,1,same_skill,65.0
86143,86148,16,sequence,
86143,86151,13,sequence,
86143,86152,11,sequence,
86143,86154,15,same_skill+sequence,65.0
86143,86156,11,sequence,
86143,86157,14,sequence,
86143,86158,10,sequence,
86143,86159,12,sequence,
86143,86160,17,sequence,
86143,86163,15,sequence,
86143,86164,14,sequence,
86143,86165,13,sequence,
86143,86166,12,sequence,
86143,86167,1,same_skill,65.0
86143,86168,11,same_skill+sequence,65.0
86143,86169,1,same_skill,65.0
86143,86171,13,sequence,
86143,86173,16,sequence,
86144,86146,11,same_skill+sequence,65.0
86144,86148,15,sequence,
86144,86152,14,sequence,
86144,86153,10,sequence,
86144,86154,1,same_skill,65.0
86144,86155,11,sequence,
86144,86157,11,sequence,
86144,86159,13,sequence,
86144,86160,13,sequence,
86144,86161,15,sequence,
86144,86163,15,sequence,
86144,86166,12,sequence,
86144,86167,20,same_skill+sequence,65.0
86144,86169,1,same_skill,65.0
86144,86170,13,same_skill+sequence,65.0
86144,86171,10,sequence,
86144,86173,13,sequence,
86145,86147,11,sequence,
86145,86148,21,same_skill+sequence,65.0
86145,86150,14,same_skill+sequence,65.0
86145,86151,12,sequence,
86145,86152,17,same_skill+sequence,65.0
86145,86153,13,sequence,
86145,86154,14,sequence,
86145,86155,14,sequence,
86145,86156,12,sequence,
86145,86158,18,same_skill+sequence,65.0
86145,86159,12,same_skill+sequence,65.0
86145,86160,1,same_skill,65.0
86145,86161,12,sequence,
86145,86162,14,sequence,
86145,86163,1,same_skill,65.0
86145,86164,20,sequence,
86145,86165,15,sequence,
86145,86167,17,sequence,
86145,86168,18,sequence,
86145,86169,14,sequence,
86145,86170,13,sequence,
86145,86172,11,sequence,
86145,86173,15,sequence,
86146,86147,12,same_skill+sequence,65.0
86146,86149,14,sequence,
86146,86150,10,sequence,
86146,86151,12,sequence,
86146,86153,12,sequence,
86146,86154,13,same_skill+sequence,65.0
86146,86155,12,sequence,
86146,86156,11,same_skill+sequence,65.0
86146,86159,11,sequence,
86146,86160,12,sequence,
86146,86162,13,sequence,
86146,86163,12,sequence,
86146,86164,10,sequence,
86146,86165,13,sequence,
86146,86167,11,same_skill+sequence,65.0
86146,86168,14,same_skill+sequence,65.0
86146,86171,11,sequence,
86146,86172,13,sequence,
86146,86173,11,sequence,
86147,86148,10,sequence,
86147,86149,16,sequence,
86147,86151,14,sequence,
86147,86153,11,sequence,
86147,86154,15,same_skill+sequence,65.0
86147,86155,11,sequence,
86147,86156,11,same_skill+sequence,65.0
86147,86157,10,sequence,
86147,86159,12,sequence,
86147,86160,16,sequence,
86147,86161,12,sequence,
86147,86162,13,sequence,
86147,86166,10,sequence,
86147,86167,10,sequence,
86147,86168,1,same_skill,65.0
86147,86172,13,sequence,
86147,86173,10,sequence,
86148,86150,21,same_skill+sequence,65.0
86148,86151,12,sequence,
86148,86152,14,sequence,
86148,86153,20,sequence,
86148,86154,16,sequence,
86148,86155,13,sequence,
86148,86157,15,sequence,
86148,86158,11,sequence,
86148,86159,15,same_skill+sequence,65.0
86148,86160,14,same_skill+sequence,65.0
86148,86161,12,sequence,
86148,86162,1,same_skill,65.0
86148,86163,15,same_skill+sequence,65.0
86148,86164,13,sequence,
86148,86165,11,sequence,
86148,86167,14,sequence,
86148,86170,13,sequence,
86148,86171,15,sequence,
86148,86173,13,sequence,
86149,86150,10,sequence,
86149,86151,14,same_skill+sequence,65.0
86149,86152,14,sequence,
86149,86153,1,same_skill,65.0
86149,86155,14,same_skill+sequence,65.0
86149,86156,13,sequence,
86149,86157,17,same_skill+sequence,65.0
86149,86158,12,sequence,
86149,86159,18,sequence,
86149,86160,16,sequence,
86149,86161,12,sequence,
86149,86162,18,sequence,
86149,86163,10,sequence,
86149,86164,1,same_skill,65.0
86149,86166,1,same_skill,65.0
86149,86171,13,sequence,
86149,86172,16,sequence,
86149,86173,11,sequence,
86150,86151,12,sequence,
86150,86152,13,sequence,
86150,86153,13,sequence,
86150,86155,11,sequence,
86150,86156,13,sequence,
86150,86158,14,sequence,
86150,86159,18,same_skill+sequence,65.0
86150,86160,1,same_skill,65.0
86150,86161,16,sequence,
86150,86162,13,same_skill+sequence,65.0
86150,86163,1,same_skill,65.0
86150,86164,10,sequence,
86150,86165,13,sequence,
86150,86166,12,sequence,
86150,86167,10,sequence,
86150,86171,20,sequence,
86150,86173,20,sequence,
86150,87034,21,sequence,
86151,86152,12,sequence,
86151,86153,10,sequence,
86151,86154,10,sequence,
86151,86155,11,sequence,
86151,86157,1,same_skill,65.0
86151,86159,15,sequence,
86151,86160,13,sequence,
86151,86161,14,sequence,
86151,86162,11,sequence,
86151,86163,19,sequence,
86151,86164,10,sequence,
86151,86165,1,same_skill,65.0
86151,86166,14,same_skill+sequence,65.0
86151,86167,15,sequence,
86151,86168,13,sequence,
86151,86169,10,sequence,
86151,86170,14,same_skill+sequence,65.0
86152,86153,17,same_skill+sequence,65.0
86152,86154,12,sequence,
86152,86155,13,same_skill+sequence,65.0
86152,86158,11,same_skill+sequence,65.0
86152,86159,1,same_skill,65.0
86152,86162,19,sequence,
86152,86163,15,sequence,
86152,86164,13,same_skill+sequence,65.0
86152,86165,19,sequence,
86152,86166,12,sequence,
86152,86168,18,sequence,
86152,86169,10,sequence,
86152,86170,13,sequence,
86152,86171,15,sequence,
86152,86172,11,sequence,
86152,86173,11,sequence,
86152,87428,12,sequence,
86152,87436,14,sequence,
86153,86154,16,sequence,
86153,86155,15,same_skill+sequence,65.0
86153,86156,12,sequence,
86153,86157,17,sequence,
86153,86158,19,same_skill+sequence,65.0
86153,86159,14,same_skill+sequence,65.0
86153,86160,16,sequence,
86153,86161,15,sequence,
86153,86162,10,sequence,
86153,86163,11,sequence,
86153,86164,11,same_skill+sequence,65.0
86153,86165,14,sequence,
86153,86166,13,sequence,
86153,86167,14,sequence,
86153,86168,10,sequence,
86153,86170,20,sequence,
86153,86172,10,sequence,
86153,86173,20,sequence,
86154,86156,10,sequence,
86154,86158,12,sequence,
86154,86159,17,sequence,
86154,86160,11,sequence,
86154,86161,11,sequence,
86154,86164,12,sequence,
86154,86165,13,sequence,
86154,86166,10,sequence,
86154,86167,1,same_skill,65.0
86154,86168,14,sequence,
86154,86169,11,same_skill+sequence,65.0
86154,86170,16,sequence,
86154,86171,13,sequence,
86155,86156,10,sequence,
86155,86157,15,same_skill+sequence,65.0
86155,86158,15,same_skill+sequence,65.0
86155,86159,11,sequence,
86155,86160,10,sequence,
86155,86161,13,sequence,
86155,86162,12,sequence,
86155,86164,1,same_skill,65.0
86155,86165,10,sequence,
86155,86166,13,same_skill+sequence,65.0
86155,86167,10,sequence,
86155,86169,13,sequence,
86155,86171,11,sequence,
86155,86172,11,sequence,
86155,86173,12,sequence,
86155,87436,12,sequence,
86156,86157,14,sequence,
86156,86158,10,sequence,
86156,86159,14,sequence,
86156,86160,12,sequence,
86156,86161,12,sequence,
86156,86162,10,sequence,
86156,86163,10,sequence,
86156,86164,10,sequence,
86156,86165,15,sequence,
86156,86166,15,sequence,
86156,86168,1,same_skill,65.0
86156,86173,11,sequence,
86157,86158,13,sequence,
86157,86159,13,sequence,
86157,86160,15,sequence,
86157,86161,15,sequence,
86157,86162,19,sequence,
86157,86163,13,sequence,
86157,86164,10,sequence,
86157,86165,1,same_skill,65.0
86157,86166,22,same_skill+sequence,65.0
86157,86168,10,sequence,
86157,86170,11,same_skill+sequence,65.0
86157,86173,11,sequence,
86158,86159,1,same_skill,65.0
86158,86160,16,same_skill+sequence,65.0
86158,86161,13,sequence,
86158,86162,12,sequence,
86158,86163,17,sequence,
86158,86164,12,same_skill+sequence,65.0
86158,86167,15,sequence,
86158,86168,10,sequence,
86158,86169,18,sequence,
86158,86170,13,sequence,
86158,86171,10,sequence,
86158,86172,19,sequence,
86158,86173,14,sequence,
86159,86160,1,same_skill,65.0
86159,86162,15,sequence,
86159,86163,18,sequence,
86159,86164,12,sequence,
86159,86165,12,sequence,
86159,86166,15,sequence,
86159,86168,12,sequence,
86159,86169,13,sequence,
86159,86170,15,sequence,
86159,86172,17,sequence,
86159,86173,12,sequence,
86160,86161,15,sequence,
86160,86162,17,same_skill+sequence,65.0
86160,86163,13,same_skill+sequence,65.0
86160,86164,12,sequence,
86160,86166,14,sequence,
86160,86167,11,sequence,
86160,86168,12,sequence,
86160,86169,14,sequence,
86160,86171,11,sequence,
86160,86172,15,sequence,
86160,86173,14,sequence,
86161,86162,14,sequence,
86161,86164,10,sequence,
86161,86169,18,sequence,
86161,86170,11,sequence,
86161,86171,12,same_skill+sequence,65.0
86161,86172,129,same_skill+sequence,65.0
86161,86173,87,same_skill+sequence,65.0
86162,86163,14,same_skill+sequence,65.0
86162,86164,10,sequence,
86162,86165,11,sequence,
86162,86166,13,sequence,
86162,86167,12,sequence,
86162,86168,15,sequence,
86162,86169,14,sequence,
86162,86170,15,sequence,
86162,86171,11,same_skill+sequence,65.0
86162,86172,10,sequence,
86162,86173,15,same_skill+sequence,65.0
86162,86591,36,sequence,
86162,87428,38,sequence,
86163,86164,10,sequence,
86163,86165,12,sequence,
86163,86166,11,sequence,
86163,86167,14,sequence,
86163,86169,12,sequence,
86163,86171,21,same_skill+sequence,65.0
86163,86173,19,sequence,
86164,86165,21,sequence,
86164,86166,16,same_skill+sequence,65.0
86164,86169,11,sequence,
86164,86170,15,sequence,
86164,86171,11,sequence,
86164,86172,14,sequence,
86164,86173,11,sequence,
86165,86166,13,same_skill+sequence,65.0
86165,86167,15,same_skill+sequence,65.0
86165,86169,14,same_skill+sequence,65.0
86165,86170,17,same_skill+sequence,65.0
86165,86173,10,sequence,
86166,86169,21,sequence,
86166,86171,12,sequence,
86166,86172,10,sequence,
86166,86173,12,sequence,
86167,86169,16,same_skill+sequence,65.0
86167,86170,16,same_skill+sequence,65.0
86167,86171,12,sequence,
86167,86172,11,sequence,
86167,86173,10,sequence,
86168,86169,11,sequence,
86168,86171,10,sequence,
86168,86173,11,sequence,
86169,86170,11,same_skill+sequence,65.0
86169,86171,14,sequence,
86169,86173,13,sequence,
86170,86171,16,sequence,
86170,86172,17,sequence,
86170,86173,17,sequence,
86171,86172,1,same_skill,65.0
86171,86173,12,same_skill+sequence,65.0
86171,87423,73,sequence,
86172,86173,16,same_skill+sequence,65.0
86172,87423,114,sequence,
86173,87455,68,sequence,
86239,86240,36,same_skill+sequence,80.0
86239,87295,95,sequence,
86240,86457,23,sequence,
86240,86583,11,sequence,
86240,90966,10,sequence,
86240,93046,20,sequence,
86311,86313,56,same_skill+sequence,280.0
86311,86355,1,same_skill,280.0
86311,86454,1,same_skill,280.0
86311,86548,1,same_skill,280.0
86311,86549,1,same_skill,280.0
86311,86575,1,same_skill,280.0
86311,90162,40,sequence,
86312,86328,1,same_skill,280.0
86312,86331,1,same_skill,280.0
86312,86356,1,same_skill,280.0
86312,86519,1,same_skill,280.0
86312,86521,1,same_skill,280.0
86312,86532,1,same_skill,280.0
86312,86579,1,same_skill,280.0
86312,86763,1,same_skill,280.0
86313,86314,12,sequence,
86313,86355,1,same_skill,280.0
86313,86446,54,sequence,
86313,86547,1,same_skill,280.0
86313,86548,1,same_skill,280.0
86313,86549,1,same_skill,280.0
86313,86575,1,same_skill,280.0
86314,86316,12,sequence,
86314,86317,1,same_skill,280.0
86314,86319,1,same_skill,280.0
86314,86323,1,same_skill,280.0
86314,86347,1,same_skill,280.0
86314,86354,1,same_skill,280.0
86314,86357,1,same_skill,280.0
86314,86456,1,same_skill,280.0
86315,86325,1,same_skill,280.0
86315,86511,1,same_skill,280.0
86315,86530,1,same_skill,280.0
86315,86541,1,same_skill,280.0
86315,86543,1,same_skill,280.0
86315,86544,1,same_skill,280.0
86315,86546,1,same_skill,280.0
86316,86349,1,same_skill,280.0
86316,86448,1,same_skill,280.0
86316,86452,1,same_skill,280.0
86316,86455,1,same_skill,280.0
86316,86551,1,same_skill,280.0
86316,86572,1,same_skill,280.0
86316,86643,1,same_skill,280.0
86316,86767,1,same_skill,280.0
86317,86347,1,same_skill,280.0
86317,86350,1,same_skill,280.0
86317,86354,1,same_skill,280.0
86317,86456,1,same_skill,280.0
86317,86525,1,same_skill,280.0
86317,86532,1,same_skill,280.0
86318,86341,1,same_skill,280.0
86318,86343,1,same_skill,280.0
86318,86349,1,same_skill,280.0
86318,86448,1,same_skill,280.0
86318,86455,1,same_skill,280.0
86318,86528,1,same_skill,280.0
86318,86538,1,same_skill,280.0
86318,86578,1,same_skill,280.0
86319,86323,1,same_skill,280.0
86319,86344,1,same_skill,280.0
86319,86347,1,same_skill,280.0
86319,86357,1,same_skill,280.0
86319,86456,1,same_skill,280.0
86319,86539,1,same_skill,280.0
86320,86322,1,same_skill,280.0
86320,86348,1,same_skill,280.0
86320,86531,1,same_skill,280.0
86320,86533,10,sequence,
86320,86543,1,same_skill,280.0
86320,86550,1,same_skill,280.0
86320,86552,1,same_skill,280.0
86320,86554,1,same_skill,280.0
86320,86555,1,same_skill,280.0
86322,86348,1,same_skill,280.0
86322,86513,1,same_skill,280.0
86322,86531,1,same_skill,280.0
86322,86542,1,same_skill,280.0
86322,86549,10,sequence,
86322,86550,1,same_skill,280.0
86322,86555,1,same_skill,280.0
86322,86728,1,same_skill,280.0
86323,86342,1,same_skill,280.0
86323,86344,1,same_skill,280.0
86323,86357,1,same_skill,280.0
86323,86539,1,same_skill,280.0
86324,86326,10,sequence,
86324,86329,1,same_skill,280.0
86324,86342,1,same_skill,280.0
86324,86344,1,same_skill,280.0
86324,86359,11,sequence,
86324,86444,1,same_skill,280.0
86324,86537,1,same_skill,280.0
86324,86726,1,same_skill,280.0
86324,86766,1,same_skill,280.0
86325,86511,1,same_skill,280.0
86325,86530,1,same_skill,280.0
86325,86543,1,same_skill,280.0
86325,86544,1,same_skill,280.0
86325,86552,1,same_skill,280.0
86325,86554,1,same_skill,280.0
86326,86332,1,same_skill,280.0
86326,86342,10,sequence,
86326,86353,1,same_skill,280.0
86326,86446,1,same_skill,280.0
86326,86534,1,same_skill,280.0
86326,86536,1,same_skill,280.0
86326,86574,1,same_skill,280.0
86327,86345,1,same_skill,280.0
86327,86355,1,same_skill,280.0
86327,86454,1,same_skill,280.0
86327,86509,35,sequence,
86327,86515,1,same_skill,280.0
86327,86549,1,same_skill,280.0
86327,86579,33,sequence,
86327,86668,1,same_skill,280.0
86327,88288,11,sequence,
86327,88544,11,sequence,
86328,86331,1,same_skill,280.0
86328,86352,1,same_skill,280.0
86328,86356,1,same_skill,280.0
86328,86442,1,same_skill,280.0
86328,86519,1,same_skill,280.0
86328,86523,1,same_skill,280.0
86328,86763,1,same_skill,280.0
86329,86342,1,same_skill,280.0
86329,86444,1,same_skill,280.0
86329,86533,1,same_skill,280.0
86329,86537,1,same_skill,280.0
86329,86726,1,same_skill,280.0
86329,86766,1,same_skill,280.0
86330,86359,1,same_skill,280.0
86330,86444,1,same_skill,280.0
86330,86446,1,same_skill,280.0
86330,86533,1,same_skill,280.0
86330,86536,1,same_skill,280.0
86330,86537,1,same_skill,280.0
86330,86766,1,same_skill,280.0
86331,86356,1,same_skill,280.0
86331,86442,1,same_skill,280.0
86331,86519,1,same_skill,280.0
86331,86521,1,same_skill,280.0
86331,86523,1,same_skill,280.0
86331,86763,1,same_skill,280.0
86332,86353,1,same_skill,280.0
86332,86446,1,same_skill,280.0
86332,86534,1,same_skill,280.0
86332,86536,1,same_skill,280.0
86341,86343,1,same_skill,280.0
86341,86517,1,same_skill,280.0
86341,86528,1,same_skill,280.0
86341,86578,1,same_skill,280.0
86341,86649,1,same_skill,280.0
86341,86750,1,same_skill,280.0
86342,86344,1,same_skill,280.0
86342,86357,1,same_skill,280.0
86342,86539,1,same_skill,280.0
86342,86726,1,same_skill,280.0
86343,86349,1,same_skill,280.0
86343,86528,1,same_skill,280.0
86343,86538,1,same_skill,280.0
86343,86578,1,same_skill,280.0
86343,86649,1,same_skill,280.0
86344,86357,1,same_skill,280.0
86344,86539,1,same_skill,280.0
86344,86726,1,same_skill,280.0
86345,86355,1,same_skill,280.0
86345,86454,1,same_skill,280.0
86345,86515,1,same_skill,280.0
86345,86668,82,same_skill+sequence,280.0
86345,93046,19,sequence,
86346,86358,1,same_skill,280.0
86346,86361,1,same_skill,280.0
86346,86513,1,same_skill,280.0
86346,86529,1,same_skill,280.0
86346,86540,1,same_skill,280.0
86346,86553,1,same_skill,280.0
86346,86556,1,same_skill,280.0
86346,86557,1,same_skill,280.0
86347,86350,1,same_skill,280.0
86347,86354,1,same_skill,280.0
86347,86456,1,same_skill,280.0
86347,86525,1,same_skill,280.0
86348,86531,1,same_skill,280.0
86348,86542,1,same_skill,280.0
86348,86550,1,same_skill,280.0
86348,86554,1,same_skill,280.0
86348,86555,1,same_skill,280.0
86348,86728,1,same_skill,280.0
86349,86448,1,same_skill,280.0
86349,86455,1,same_skill,280.0
86349,86528,1,same_skill,280.0
86349,86538,1,same_skill,280.0
86349,86767,1,same_skill,280.0
86350,86354,1,same_skill,280.0
86350,86521,1,same_skill,280.0
86350,86525,1,same_skill,280.0
86350,86532,1,same_skill,280.0
86350,86579,1,same_skill,280.0
86350,86763,1,same_skill,280.0
86352,86356,1,same_skill,280.0
86352,86442,1,same_skill,280.0
86352,86523,1,same_skill,280.0
86352,86541,1,same_skill,280.0
86352,86544,1,same_skill,280.0
86352,86546,1,same_skill,280.0
86353,86534,1,same_skill,280.0
86353,86536,1,same_skill,280.0
86353,86574,1,same_skill,280.0
86354,86456,1,same_skill,280.0
86354,86525,1,same_skill,280.0
86354,86532,1,same_skill,280.0
86354,86579,1,same_skill,280.0
86355,86454,1,same_skill,280.0
86355,86509,10,sequence,
86355,86547,18,sequence,
86355,86548,22,sequence,
86355,86549,13,same_skill+sequence,280.0
86355,86668,17,sequence,
86355,86763,23,sequence,
86355,86766,21,sequence,
86355,86787,13,sequence,
86355,87025,11,sequence,
86356,86442,1,same_skill,280.0
86356,86519,1,same_skill,280.0
86356,86523,1,same_skill,280.0
86356,86546,1,same_skill,280.0
86357,86456,1,same_skill,280.0
86357,86539,1,same_skill,280.0
86358,86360,1,same_skill,280.0
86358,86361,1,same_skill,280.0
86358,86529,1,same_skill,280.0
86358,86540,1,same_skill,280.0
86358,86553,1,same_skill,280.0
86358,86556,1,same_skill,280.0
86358,86557,1,same_skill,280.0
86359,86444,1,same_skill,280.0
86359,86446,1,same_skill,280.0
86359,86533,1,same_skill,280.0
86359,86534,1,same_skill,280.0
86359,86536,1,same_skill,280.0
86359,86766,1,same_skill,280.0
86360,86440,1,same_skill,280.0
86360,86452,1,same_skill,280.0
86360,86529,1,same_skill,280.0
86360,86535,1,same_skill,280.0
86360,86556,1,same_skill,280.0
86360,86557,1,same_skill,280.0
86360,86623,1,same_skill,280.0
86361,86513,1,same_skill,280.0
86361,86540,1,same_skill,280.0
86361,86542,1,same_skill,280.0
86361,86553,1,same_skill,280.0
86361,86557,1,same_skill,280.0
86361,86728,1,same_skill,280.0
86440,86452,1,same_skill,280.0
86440,86529,1,same_skill,280.0
86440,86535,1,same_skill,280.0
86440,86551,1,same_skill,280.0
86440,86556,1,same_skill,280.0
86440,86557,1,same_skill,280.0
86440,86623,1,same_skill,280.0
86442,86519,1,same_skill,280.0
86442,86523,1,same_skill,280.0
86442,86541,1,same_skill,280.0
86442,86546,1,same_skill,280.0
86444,86533,1,same_skill,280.0
86444,86537,1,same_skill,280.0
86444,86726,1,same_skill,280.0
86444,86766,1,same_skill,280.0
86446,86450,58,sequence,
86446,86533,1,same_skill,280.0
86446,86534,1,same_skill,280.0
86446,86536,1,same_skill,280.0
86448,86455,1,same_skill,280.0
86448,86528,1,same_skill,280.0
86448,86538,1,same_skill,280.0
86448,86643,1,same_skill,280.0
86448,86767,1,same_skill,280.0
86450,86509,1,same_skill,280.0
86450,86547,1,same_skill,280.0
86450,86548,1,same_skill,280.0
86450,86575,1,same_skill,280.0
86450,86773,50,sequence,
86452,86535,1,same_skill,280.0
86452,86551,1,same_skill,280.0
86452,86572,1,same_skill,280.0
86452,86623,1,same_skill,280.0
86452,86643,1,same_skill,280.0
86454,86549,1,same_skill,280.0
86454,86575,24,sequence,
86454,86668,1,same_skill,280.0
86454,86786,17,sequence,
86454,89759,15,sequence,
86455,86538,1,same_skill,280.0
86455,86572,1,same_skill,280.0
86455,86643,1,same_skill,280.0
86455,86767,1,same_skill,280.0
86456,86525,1,same_skill,280.0
86457,86583,11,sequence,
86457,93046,18,sequence,
86509,86547,1,same_skill,280.0
86509,86574,1,same_skill,280.0
86509,86728,34,sequence,
86511,86530,1,same_skill,280.0
86511,86541,1,same_skill,280.0
86511,86543,1,same_skill,280.0
86511,86544,1,same_skill,280.0
86511,86552,1,same_skill,280.0
86513,86531,1,same_skill,280.0
86513,86540,1,same_skill,280.0
86513,86542,1,same_skill,280.0
86513,86553,1,same_skill,280.0
86513,86728,1,same_skill,280.0
86515,86668,1,same_skill,280.0
86515,88192,168,sequence,
86517,86527,1,same_skill,280.0
86517,86649,1,same_skill,280.0
86517,86738,1,same_skill,280.0
86517,86739,1,same_skill,280.0
86517,86750,1,same_skill,280.0
86517,86770,1,same_skill,280.0
86519,86521,1,same_skill,280.0
86519,86579,1,same_skill,280.0
86519,86763,1,same_skill,280.0
86521,86525,1,same_skill,280.0
86521,86532,1,same_skill,280.0
86521,86579,1,same_skill,280.0
86521,86763,1,same_skill,280.0
86523,86541,1,same_skill,280.0
86523,86546,1,same_skill,280.0
86525,86532,1,same_skill,280.0
86525,86579,1,same_skill,280.0
86527,86581,1,same_skill,280.0
86527,86667,1,same_skill,280.0
86527,86738,1,same_skill,280.0
86527,86739,1,same_skill,280.0
86527,86750,1,same_skill,280.0
86527,86770,1,same_skill,280.0
86528,86538,1,same_skill,280.0
86528,86578,1,same_skill,280.0
86529,86535,1,same_skill,280.0
86529,86556,1,same_skill,280.0
86529,86557,1,same_skill,280.0
86529,86623,1,same_skill,280.0
86530,86543,1,same_skill,280.0
86530,86544,1,same_skill,280.0
86530,86552,1,same_skill,280.0
86530,86554,1,same_skill,280.0
86530,86555,1,same_skill,280.0
86531,86542,1,same_skill,280.0
86531,86550,1,same_skill,280.0
86531,86553,1,same_skill,280.0
86531,86728,1,same_skill,280.0
86532,86579,1,same_skill,280.0
86532,86763,1,same_skill,280.0
86533,86537,1,same_skill,280.0
86533,86766,1,same_skill,280.0
86534,86536,1,same_skill,280.0
86534,86750,36,sequence,
86534,93875,30,sequence,
86535,86551,1,same_skill,280.0
86535,86556,1,same_skill,280.0
86535,86572,1,same_skill,280.0
86535,86623,1,same_skill,280.0
86537,86726,1,same_skill,280.0
86537,86766,1,same_skill,280.0
86538,86578,1,same_skill,280.0
86538,86767,1,same_skill,280.0
86539,86726,1,same_skill,280.0
86540,86542,1,same_skill,280.0
86540,86553,1,same_skill,280.0
86540,86556,1,same_skill,280.0
86540,86557,1,same_skill,280.0
86541,86544,1,same_skill,280.0
86541,86546,1,same_skill,280.0
86542,86553,1,same_skill,280.0
86542,86728,1,same_skill,280.0
86543,86546,10,sequence,
86543,86552,1,same_skill,280.0
86543,86554,1,same_skill,280.0
86543,86555,1,same_skill,280.0
86544,86546,1,same_skill,280.0
86545,86604,1,same_skill,280.0
86545,86622,1,same_skill,280.0
86545,86626,1,same_skill,280.0
86545,86628,1,same_skill,280.0
86545,86665,1,same_skill,280.0
86545,86670,1,same_skill,280.0
86545,86742,1,same_skill,280.0
86545,86747,1,same_skill,280.0
86547,86548,22,same_skill+sequence,280.0
86547,86549,20,sequence,
86547,86575,1,same_skill,280.0
86547,86668,10,sequence,
86547,86763,20,sequence,
86547,86766,10,sequence,
86547,86787,12,sequence,
86547,87025,13,sequence,
86547,87026,17,sequence,
86548,86549,17,same_skill+sequence,280.0
86548,86575,1,same_skill,280.0
86548,86668,12,sequence,
86548,86763,15,sequence,
86548,86766,11,sequence,
86548,86787,15,sequence,
86548,87025,21,sequence,
86548,87026,17,sequence,
86549,86668,17,sequence,
86549,86763,15,sequence,
86549,86766,13,sequence,
86549,86787,19,sequence,
86550,86552,1,same_skill,280.0
86550,86554,1,same_skill,280.0
86550,86555,1,same_skill,280.0
86550,86728,1,same_skill,280.0
86551,86572,1,same_skill,280.0
86551,86623,1,same_skill,280.0
86551,86643,1,same_skill,280.0
86551,86767,1,same_skill,280.0
86552,86554,1,same_skill,280.0
86552,86555,1,same_skill,280.0
86553,86728,1,same_skill,280.0
86554,86555,1,same_skill,280.0
86556,86557,1,same_skill,280.0
86572,86574,10,sequence,
86572,86623,1,same_skill,280.0
86572,86643,1,same_skill,280.0
86572,86767,1,same_skill,280.0
86575,86786,18,sequence,
86575,89759,20,sequence,
86576,86609,1,same_skill,280.0
86576,86628,1,same_skill,280.0
86576,86664,1,same_skill,280.0
86576,86670,1,same_skill,280.0
86576,86746,1,same_skill,280.0
86577,86611,1,same_skill,280.0
86577,86644,1,same_skill,280.0
86577,86646,1,same_skill,280.0
86577,86651,1,same_skill,280.0
86577,86724,1,same_skill,280.0
86577,86730,1,same_skill,280.0
86577,86737,1,same_skill,280.0
86577,86741,1,same_skill,280.0
86578,86649,1,same_skill,280.0
86578,86750,1,same_skill,280.0
86579,86763,1,same_skill,280.0
86579,86770,10,sequence,
86581,86624,1,same_skill,280.0
86581,86666,1,same_skill,280.0
86581,86667,1,same_skill,280.0
86581,86738,1,same_skill,280.0
86581,86739,1,same_skill,280.0
86581,86770,1,same_skill,280.0
86582,87264,1,same_skill,79.0
86583,86704,11,same_skill+sequence,79.0
86583,87264,1,same_skill,79.0
86583,87295,1,same_skill,79.0
86583,87297,1,same_skill,79.0
86583,90966,16,sequence,
86583,93046,13,sequence,
86591,86612,1,same_skill,79.0
86591,86704,45,sequence,
86602,86626,1,same_skill,280.0
86602,86665,1,same_skill,280.0
86602,86724,1,same_skill,280.0
86602,86730,1,same_skill,280.0
86602,86737,1,same_skill,280.0
86602,86741,1,same_skill,280.0
86602,86742,1,same_skill,280.0
86602,86747,1,same_skill,280.0
86604,86622,1,same_skill,280.0
86604,86626,1,same_skill,280.0
86604,86628,1,same_skill,280.0
86604,86664,1,same_skill,280.0
86604,86665,1,same_skill,280.0
86604,86670,1,same_skill,280.0
86604,86739,10,sequence,
86604,86746,1,same_skill,280.0
86609,86664,1,same_skill,280.0
86609,86670,1,same_skill,280.0
86609,86746,1,same_skill,280.0
86611,86644,1,same_skill,280.0
86611,86646,1,same_skill,280.0
86611,86650,1,same_skill,280.0
86611,86651,1,same_skill,280.0
86611,86669,1,same_skill,280.0
86611,86755,1,same_skill,280.0
86611,86764,1,same_skill,280.0
86612,86704,49,same_skill+sequence,79.0
86612,87295,1,same_skill,79.0
86612,87297,1,same_skill,79.0
86622,86626,1,same_skill,280.0
86622,86628,1,same_skill,280.0
86622,86665,1,same_skill,280.0
86622,86670,1,same_skill,280.0
86622,86742,1,same_skill,280.0
86622,86746,1,same_skill,280.0
86623,86643,1,same_skill,280.0
86624,86665,10,sequence,
86624,86666,1,same_skill,280.0
86624,86667,1,same_skill,280.0
86624,86669,1,same_skill,280.0
86624,86739,1,same_skill,280.0
86624,86755,1,same_skill,280.0
86624,86764,1,same_skill,280.0
86626,86628,1,same_skill,280.0
86626,86665,1,same_skill,280.0
86626,86742,1,same_skill,280.0
86626,86747,1,same_skill,280.0
86628,86664,1,same_skill,280.0
86628,86670,1,same_skill,280.0
86628,86746,1,same_skill,280.0
86643,86664,10,sequence,
86643,86767,1,same_skill,280.0
86644,86646,1,same_skill,280.0
86644,86650,1,same_skill,280.0
86644,86651,1,same_skill,280.0
86644,86724,1,same_skill,280.0
86644,86730,1,same_skill,280.0
86644,86737,1,same_skill,280.0
86646,86650,1,same_skill,280.0
86646,86651,1,same_skill,280.0
86646,86724,1,same_skill,280.0
86646,86730,1,same_skill,280.0
86646,86764,1,same_skill,280.0
86649,86738,1,same_skill,280.0
86649,86750,1,same_skill,280.0
86649,86770,1,same_skill,280.0
86650,86651,1,same_skill,280.0
86650,86666,1,same_skill,280.0
86650,86669,1,same_skill,280.0
86650,86755,1,same_skill,280.0
86650,86764,1,same_skill,280.0
86651,86669,1,same_skill,280.0
86651,86730,1,same_skill,280.0
86651,86764,1,same_skill,280.0
86664,86670,1,same_skill,280.0
86664,86746,1,same_skill,280.0
86665,86741,1,same_skill,280.0
86665,86742,1,same_skill,280.0
86665,86747,1,same_skill,280.0
86666,86667,1,same_skill,280.0
86666,86669,1,same_skill,280.0
86666,86755,1,same_skill,280.0
86666,86764,1,same_skill,280.0
86667,86669,1,same_skill,280.0
86667,86739,1,same_skill,280.0
86667,86755,1,same_skill,280.0
86668,86763,19,sequence,
86668,86766,14,sequence,
86668,86787,14,sequence,
86668,87025,13,sequence,
86668,87026,24,sequence,
86669,86755,1,same_skill,280.0
86669,86764,1,same_skill,280.0
86670,86746,1,same_skill,280.0
86704,87295,1,same_skill,79.0
86704,87297,1,same_skill,79.0
86724,86730,1,same_skill,280.0
86724,86737,1,same_skill,280.0
86724,86741,1,same_skill,280.0
86724,86747,1,same_skill,280.0
86726,86880,32,sequence,
86726,87078,25,sequence,
86726,93825,18,sequence,
86728,86750,37,sequence,
86730,86737,1,same_skill,280.0
86730,86741,1,same_skill,280.0
86730,86767,10,sequence,
86737,86741,1,same_skill,280.0
86737,86742,1,same_skill,280.0
86737,86747,1,same_skill,280.0
86738,86739,1,same_skill,280.0
86738,86750,1,same_skill,280.0
86738,86770,1,same_skill,280.0
86739,86770,1,same_skill,280.0
86741,86742,1,same_skill,280.0
86741,86747,1,same_skill,280.0
86742,86747,1,same_skill,280.0
86750,86770,1,same_skill,280.0
86755,86764,1,same_skill,280.0
86763,86766,16,sequence,
86763,86787,13,sequence,
86766,86787,13,sequence,
86766,87025,16,sequence,
86766,87026,15,sequence,
86773,86774,35,same_skill+sequence,67.0
86773,86775,201,same_skill+sequence,67.0
86773,86776,13,sequence,
86773,86777,63,sequence,
86773,86778,16,sequence,
86773,86779,25,sequence,
86773,86780,14,sequence,
86773,86782,10,sequence,
86773,86783,13,sequence,
86773,86784,16,sequence,
86773,86785,12,sequence,
86773,86786,20,sequence,
86773,86787,23,sequence,
86773,86788,19,sequence,
86773,86789,17,sequence,
86773,86790,25,sequence,
86773,86791,25,sequence,
86773,86792,17,same_skill+sequence,67.0
86773,86793,19,sequence,
86773,86794,1,same_skill,67.0
86773,86795,22,sequence,
86773,86796,21,sequence,
86773,86797,11,sequence,
86773,86799,10,sequence,
86773,86801,13,sequence,
86773,86802,12,sequence,
86773,86880,114,sequence,
86773,86881,10,sequence,
86773,86882,15,sequence,
86773,86887,13,sequence,
86773,86890,10,sequence,
86773,86891,14,sequence,
86773,86894,11,sequence,
86773,86895,14,sequence,
86773,86900,12,sequence,
86773,86904,10,sequence,
86773,86908,12,sequence,
86773,86909,15,sequence,
86774,86775,15,same_skill+sequence,67.0
86774,86776,37,sequence,
86774,86777,17,same_skill+sequence,67.0
86774,86778,18,sequence,
86774,86779,14,sequence,
86774,86780,17,sequence,
86774,86781,26,sequence,
86774,86782,23,sequence,
86774,86783,22,sequence,
86774,86784,17,sequence,
86774,86785,21,sequence,
86774,86786,14,same_skill+sequence,67.0
86774,86787,19,same_skill+sequence,67.0
86774,86788,15,sequence,
86774,86789,20,sequence,
86774,86790,14,sequence,
86774,86791,15,sequence,
86774,86792,19,same_skill+sequence,67.0
86774,86793,17,sequence,
86774,86794,17,same_skill+sequence,67.0
86774,86795,21,sequence,
86774,86796,17,same_skill+sequence,67.0
86774,86797,15,sequence,
86774,86800,11,sequence,
86774,86801,15,sequence,
86774,86878,10,sequence,
86774,86879,14,sequence,
86774,86881,10,sequence,
86774,86882,11,sequence,
86774,86883,89,sequence,
86774,86888,12,sequence,
86774,86889,16,sequence,
86774,86890,10,sequence,
86774,86891,11,sequence,
86774,86893,16,sequence,
86774,86895,10,sequence,
86774,86901,10,sequence,
86774,86903,13,sequence,
86774,86904,12,sequence,
86774,86905,12,sequence,
86774,86906,10,sequence,
86774,86908,12,sequence,
86774,86909,13,sequence,
86775,86776,40,sequence,
86775,86777,30,sequence,
86775,86778,39,sequence,
86775,86779,42,sequence,
86775,86780,43,sequence,
86775,86781,49,sequence,
86775,86782,36,sequence,
86775,86783,45,sequence,
86775,86785,35,sequence,
86775,86786,36,same_skill+sequence,67.0
86775,86787,34,same_skill+sequence,67.0
86775,86788,23,sequence,
86775,86789,16,sequence,
86775,86791,24,sequence,
86775,86792,17,same_skill+sequence,67.0
86775,86793,24,sequence,
86775,86794,25,same_skill+sequence,67.0
86775,86795,16,sequence,
86775,86796,21,same_skill+sequence,67.0
86775,86797,21,sequence,
86775,86798,13,sequence,
86775,86799,12,sequence,
86775,86800,14,sequence,
86775,86801,10,sequence,
86775,86878,11,sequence,
86775,86880,17,sequence,
86775,86883,13,sequence,
86775,86884,11,sequence,
86775,86887,11,sequence,
86775,86891,10,sequence,
86775,86894,10,sequence,
86775,86895,12,sequence,
86775,86900,10,sequence,
86775,86903,13,sequence,
86775,86905,11,sequence,
86775,86906,13,sequence,
86775,86907,11,sequence,
86775,86909,16,sequence,
86776,86777,43,sequence,
86776,86778,31,same_skill+sequence,67.0
86776,86779,35,sequence,
86776,86780,51,sequence,
86776,86781,38,same_skill+sequence,67.0
86776,86782,32,sequence,
86776,86783,29,sequence,
86776,86784,23,sequence,
86776,86785,31,sequence,
86776,86786,31,sequence,
86776,86787,29,sequence,
86776,86788,18,sequence,
86776,86789,13,sequence,
86776,86790,11,sequence,
86776,86791,22,sequence,
86776,86792,17,sequence,
86776,86793,24,same_skill+sequence,67.0
86776,86794,22,sequence,
86776,86795,18,same_skill+sequence,67.0
86776,86796,13,sequence,
86776,86797,21,same_skill+sequence,67.0
86776,86798,10,sequence,
86776,86799,13,same_skill+sequence,67.0
86776,86800,1,same_skill,67.0
86776,86878,13,sequence,
86776,86880,1,same_skill,67.0
86776,86882,12,sequence,
86776,86886,11,sequence,
86776,86887,11,sequence,
86776,86891,15,sequence,
86776,86892,11,sequence,
86776,86893,10,sequence,
86776,86894,10,sequence,
86776,86895,11,sequence,
86776,86900,10,sequence,
86776,86901,10,sequence,
86776,86903,11,sequence,
86776,86905,10,sequence,
86776,86906,12,sequence,
86776,86908,12,sequence,
86777,86778,35,sequence,
86777,86779,36,sequence,
86777,86780,46,same_skill+sequence,67.0
86777,86781,33,sequence,
86777,86782,44,same_skill+sequence,67.0
86777,86783,28,same_skill+sequence,67.0
86777,86784,18,sequence,
86777,86785,40,sequence,
86777,86786,38,same_skill+sequence,67.0
86777,86787,31,same_skill+sequence,67.0
86777,86788,86,sequence,
86777,86789,20,sequence,
86777,86790,19,sequence,
86777,86791,10,sequence,
86777,86792,21,sequence,
86777,86793,19,sequence,
86777,86794,14,sequence,
86777,86795,19,sequence,
86777,86796,18,same_skill+sequence,67.0
86777,86797,13,sequence,
86777,86798,11,sequence,
86777,86799,17,sequence,
86777,86802,11,sequence,
86777,86834,16,sequence,
86777,86878,10,sequence,
86777,86879,11,sequence,
86777,86880,11,sequence,
86777,86881,15,sequence,
86777,86885,11,sequence,
86777,86888,10,sequence,
86777,86890,11,sequence,
86777,86893,10,sequence,
86777,86900,11,sequence,
86777,86901,10,sequence,
86777,86903,11,sequence,
86777,86904,16,sequence,
86777,86907,13,sequence,
86777,86908,17,same_skill+sequence,67.0
86778,86779,33,same_skill+sequence,67.0
86778,86780,41,sequence,
86778,86781,35,same_skill+sequence,67.0
86778,86782,37,sequence,
86778,86783,41,sequence,
86778,86784,1,same_skill,67.0
86778,86785,37,sequence,
86778,86786,47,sequence,
86778,86787,33,sequence,
86778,86788,14,same_skill+sequence,67.0
86778,86789,16,sequence,
86778,86790,15,sequence,
86778,86791,25,sequence,
86778,86792,25,sequence,
86778,86793,20,same_skill+sequence,67.0
86778,86795,23,sequence,
86778,86796,23,sequence,
86778,86797,21,sequence,
86778,86798,12,sequence,
86778,86800,1,same_skill,67.0
86778,86878,14,sequence,
86778,86880,11,same_skill+sequence,67.0
86778,86882,12,sequence,
86778,86884,15,sequence,
86778,86885,18,sequence,
86778,86888,10,sequence,
86778,86890,11,sequence,
86778,86892,12,sequence,
86778,86893,11,sequence,
86778,86900,12,sequence,
86778,86903,14,sequence,
86778,86909,12,sequence,
86779,86780,32,sequence,
86779,86781,33,same_skill+sequence,67.0
86779,86782,28,sequence,
86779,86783,27,sequence,
86779,86784,19,same_skill+sequence,67.0
86779,86785,38,sequence,
86779,86786,27,sequence,
86779,86787,33,sequence,
86779,86788,17,same_skill+sequence,67.0
86779,86789,16,sequence,
86779,86790,19,sequence,
86779,86791,19,sequence,
86779,86792,24,sequence,
86779,86793,21,same_skill+sequence,67.0
86779,86794,22,sequence,
86779,86795,13,sequence,
86779,86796,20,sequence,
86779,86797,15,sequence,
86779,86800,11,sequence,
86779,86801,1,same_skill,67.0
86779,86802,11,sequence,
86779,86876,21,sequence,
86779,86880,14,same_skill+sequence,67.0
86779,86891,13,sequence,
86779,86895,12,sequence,
86779,86900,1,same_skill,67.0
86779,86901,13,sequence,
86779,86903,12,sequence,
86779,86908,23,sequence,
86779,86909,13,sequence,
86780,86781,40,sequence,
86780,86782,29,same_skill+sequence,67.0
86780,86783,51,same_skill+sequence,67.0
86780,86784,23,sequence,
86780,86785,41,same_skill+sequence,67.0
86780,86786,33,sequence,
86780,86787,29,same_skill+sequence,67.0
86780,86788,17,sequence,
86780,86789,12,sequence,
86780,86790,12,sequence,
86780,86791,15,sequence,
86780,86792,19,sequence,
86780,86793,14,sequence,
86780,86794,18,sequence,
86780,86795,23,same_skill+sequence,67.0
86780,86796,16,sequence,
86780,86797,18,sequence,
86780,86799,1,same_skill,67.0
86780,86801,10,sequence,
86780,86857,11,sequence,
86780,86876,12,sequence,
86780,86877,11,sequence,
86780,86878,10,sequence,
86780,86879,16,sequence,
86780,86880,13,sequence,
86780,86882,12,sequence,
86780,86883,10,sequence,
86780,86884,11,sequence,
86780,86888,12,sequence,
86780,86889,11,sequence,
86780,86891,10,sequence,
86780,86892,13,sequence,
86780,86893,12,sequence,
86780,86894,10,sequence,
86780,86895,10,sequence,
86780,86900,13,sequence,
86780,86902,25,sequence,
86780,86903,11,sequence,
86780,86904,13,sequence,
86780,86906,12,sequence,
86780,86907,12,sequence,
86780,86908,1,same_skill,67.0
86781,86782,36,sequence,
86781,86783,32,sequence,
86781,86784,16,sequence,
86781,86785,40,sequence,
86781,86786,38,sequence,
86781,86787,35,sequence,
86781,86788,15,same_skill+sequence,67.0
86781,86789,16,sequence,
86781,86790,16,sequence,
86781,86791,21,sequence,
86781,86792,26,sequence,
86781,86793,16,same_skill+sequence,67.0
86781,86794,26,sequence,
86781,86795,18,sequence,
86781,86796,19,sequence,
86781,86797,18,same_skill+sequence,67.0
86781,86798,14,sequence,
86781,86800,11,same_skill+sequence,67.0
86781,86801,15,sequence,
86781,86802,11,sequence,
86781,86862,10,sequence,
86781,86877,10,sequence,
86781,86879,12,sequence,
86781,86880,1,same_skill,67.0
86781,86885,14,sequence,
86781,86891,11,sequence,
86781,86902,14,sequence,
86781,86903,13,sequence,
86781,86906,14,sequence,
86782,86783,45,same_skill+sequence,67.0
86782,86784,17,sequence,
86782,86785,39,same_skill+sequence,67.0
86782,86786,36,same_skill+sequence,67.0
86782,86787,32,same_skill+sequence,67.0
86782,86788,18,sequence,
86782,86789,20,sequence,
86782,86790,22,sequence,
86782,86791,21,sequence,
86782,86792,23,sequence,
86782,86794,71,sequence,
86782,86795,16,sequence,
86782,86796,20,same_skill+sequence,67.0
86782,86797,17,sequence,
86782,86799,10,sequence,
86782,86835,11,sequence,
86782,86877,14,sequence,
86782,86878,13,sequence,
86782,86880,11,sequence,
86782,86881,11,sequence,
86782,86885,10,sequence,
86782,86887,11,sequence,
86782,86890,12,sequence,
86782,86891,11,sequence,
86782,86895,13,sequence,
86782,86900,12,sequence,
86782,86902,13,sequence,
86782,86903,11,sequence,
86782,86905,11,sequence,
86782,86906,10,sequence,
86782,86908,1,same_skill,67.0
86783,86784,19,sequence,
86783,86785,35,same_skill+sequence,67.0
86783,86786,39,sequence,
86783,86787,35,sequence,
86783,86788,20,sequence,
86783,86789,16,sequence,
86783,86790,20,sequence,
86783,86791,19,sequence,
86783,86792,17,sequence,
86783,86793,20,sequence,
86783,86794,16,sequence,
86783,86795,24,same_skill+sequence,67.0
86783,86796,18,sequence,
86783,86797,26,same_skill+sequence,67.0
86783,86798,16,sequence,
86783,86799,13,same_skill+sequence,67.0
86783,86800,11,sequence,
86783,86801,11,sequence,
86783,86876,13,sequence,
86783,86877,13,sequence,
86783,86880,11,sequence,
86783,86882,10,sequence,
86783,86884,11,sequence,
86783,86885,10,sequence,
86783,86886,12,sequence,
86783,86887,11,sequence,
86783,86890,10,sequence,
86783,86894,12,sequence,
86783,86900,12,sequence,
86783,86901,12,sequence,
86783,86905,12,sequence,
86783,86906,11,sequence,
86783,86907,12,sequence,
86783,86908,1,same_skill,67.0
86783,86909,11,sequence,
86784,86785,17,sequence,
86784,86786,16,sequence,
86784,86787,24,sequence,
86784,86788,21,same_skill+sequence,67.0
86784,86789,16,sequence,
86784,86790,12,sequence,
86784,86792,10,sequence,
86784,86793,10,sequence,
86784,86794,23,sequence,
86784,86795,27,sequence,
86784,86796,19,sequence,
86784,86797,25,sequence,
86784,86798,1,same_skill,67.0
86784,86800,11,sequence,
86784,86801,16,same_skill+sequence,67.0
86784,86802,11,sequence,
86784,86876,12,sequence,
86784,86877,10,sequence,
86784,86878,13,sequence,
86784,86879,11,sequence,
86784,86880,12,same_skill+sequence,67.0
86784,86883,1,same_skill,67.0
86784,86884,15,sequence,
86784,86886,11,sequence,
86784,86888,13,sequence,
86784,86890,12,sequence,
86784,86891,15,sequence,
86784,86892,14,sequence,
86784,86893,12,sequence,
86784,86895,14,sequence,
86784,86900,1,same_skill,67.0
86784,86901,10,sequence,
86784,86902,11,sequence,
86784,86906,10,sequence,
86784,86909,11,sequence,
86785,86786,29,sequence,
86785,86787,42,sequence,
86785,86788,17,sequence,
86785,86789,26,sequence,
86785,86790,21,sequence,
86785,86791,22,sequence,
86785,86792,25,sequence,
86785,86793,18,sequence,
86785,86794,19,sequence,
86785,86795,20,same_skill+sequence,67.0
86785,86796,14,sequence,
86785,86797,19,same_skill+sequence,67.0
86785,86798,13,sequence,
86785,86799,13,same_skill+sequence,67.0
86785,86800,16,same_skill+sequence,67.0
86785,86801,18,sequence,
86785,86842,11,sequence,
86785,86876,10,sequence,
86785,86877,10,sequence,
86785,86878,11,sequence,
86785,86881,14,sequence,
86785,86885,11,sequence,
86785,86889,12,sequence,
86785,86893,11,sequence,
86785,86903,11,sequence,
86785,86905,12,sequence,
86785,86908,1,same_skill,67.0
86785,86909,12,sequence,
86786,86787,33,same_skill+sequence,67.0
86786,86788,26,sequence,
86786,86789,14,sequence,
86786,86790,22,sequence,
86786,86791,16,sequence,
86786,86792,24,same_skill+sequence,67.0
86786,86793,25,sequence,
86786,86794,18,sequence,
86786,86795,23,sequence,
86786,86796,21,same_skill+sequence,67.0
86786,86797,13,sequence,
86786,86800,18,sequence,
86786,86860,11,sequence,
86786,86882,10,sequence,
86786,86885,12,sequence,
86786,86886,10,sequence,
86786,86888,11,sequence,
86786,86892,10,sequence,
86786,86900,12,sequence,
86786,86903,10,sequence,
86786,86904,10,sequence,
86786,86907,17,sequence,
86786,86908,13,same_skill+sequence,67.0
86786,86909,10,sequence,
86786,89759,14,sequence,
86787,86788,15,sequence,
86787,86789,18,sequence,
86787,86790,21,sequence,
86787,86791,17,sequence,
86787,86792,20,sequence,
86787,86793,14,sequence,
86787,86794,20,sequence,
86787,86795,20,sequence,
86787,86796,19,same_skill+sequence,67.0
86787,86797,17,sequence,
86787,86798,11,sequence,
86787,86800,10,sequence,
86787,86855,10,sequence,
86787,86877,10,sequence,
86787,86878,10,sequence,
86787,86882,12,sequence,
86787,86886,16,sequence,
86787,86888,12,sequence,
86787,86890,11,sequence,
86787,86894,11,sequence,
86787,86895,10,sequence,
86787,86900,14,sequence,
86787,86901,10,sequence,
86787,86903,11,sequence,
86787,86904,12,sequence,
86787,86905,11,sequence,
86787,86906,11,sequence,
86787,86908,11,same_skill+sequence,67.0
86787,86909,10,sequence,
86787,87025,21,sequence,
86787,87026,17,sequence,
86788,86789,18,sequence,
86788,86790,13,sequence,
86788,86791,22,sequence,
86788,86792,16,sequence,
86788,86793,15,sequence,
86788,86794,23,sequence,
86788,86795,19,sequence,
86788,86796,19,sequence,
86788,86797,22,sequence,
86788,86798,11,sequence,
86788,86799,10,sequence,
86788,86800,11,sequence,
86788,86801,1,same_skill,67.0
86788,86835,10,sequence,
86788,86840,55,sequence,
86788,86848,12,sequence,
86788,86876,14,sequence,
86788,86877,11,sequence,
86788,86878,13,sequence,
86788,86879,10,sequence,
86788,86880,1,same_skill,67.0
86788,86881,11,sequence,
86788,86882,12,sequence,
86788,86883,11,same_skill+sequence,67.0
86788,86885,11,sequence,
86788,86890,12,sequence,
86788,86891,10,sequence,
86788,86894,15,sequence,
86788,86900,15,same_skill+sequence,67.0
86788,86903,13,sequence,
86788,86904,12,sequence,
86788,86905,14,sequence,
86788,86906,11,sequence,
86789,86790,18,same_skill+sequence,67.0
86789,86791,21,same_skill+sequence,67.0
86789,86792,22,sequence,
86789,86793,11,sequence,
86789,86794,20,sequence,
86789,86795,17,sequence,
86789,86796,12,sequence,
86789,86797,15,sequence,
86789,86799,11,sequence,
86789,86801,10,sequence,
86789,86802,11,sequence,
86789,86876,11,sequence,
86789,86878,1,same_skill,67.0
86789,86882,10,sequence,
86789,86883,12,sequence,
86789,86885,11,sequence,
86789,86886,11,sequence,
86789,86887,10,sequence,
86789,86888,11,sequence,
86789,86890,1,same_skill,67.0
86789,86893,11,sequence,
86789,86895,12,sequence,
86789,86900,18,sequence,
86789,86902,1,same_skill,67.0
86789,86904,1,same_skill,67.0
86789,86905,1,same_skill,67.0
86789,86906,13,sequence,
86789,86907,1,same_skill,67.0
86790,86791,15,same_skill+sequence,67.0
86790,86792,17,sequence,
86790,86793,16,sequence,
86790,86794,22,sequence,
86790,86795,21,sequence,
86790,86796,12,sequence,
86790,86797,17,sequence,
86790,86798,10,sequence,
86790,86802,10,sequence,
86790,86836,10,sequence,
86790,86876,18,sequence,
86790,86877,16,sequence,
86790,86879,15,sequence,
86790,86880,10,sequence,
86790,86883,10,sequence,
86790,86889,11,sequence,
86790,86890,12,sequence,
86790,86893,10,sequence,
86790,86894,15,sequence,
86790,86903,12,same_skill+sequence,67.0
86790,86904,1,same_skill,67.0
86790,86905,12,same_skill+sequence,67.0
86790,86906,1,same_skill,67.0
86790,86907,1,same_skill,67.0
86790,86908,15,sequence,
86790,86909,1,same_skill,67.0
86791,86792,19,sequence,
86791,86793,13,sequence,
86791,86794,18,sequence,
86791,86795,19,sequence,
86791,86796,11,sequence,
86791,86797,13,sequence,
86791,86799,10,sequence,
86791,86802,13,sequence,
86791,86840,10,sequence,
86791,86880,11,sequence,
86791,86881,13,sequence,
86791,86882,12,sequence,
86791,86883,10,sequence,
86791,86884,13,sequence,
86791,86889,10,sequence,
86791,86891,12,sequence,
86791,86892,11,sequence,
86791,86893,12,sequence,
86791,86894,10,sequence,
86791,86900,13,sequence,
86791,86901,12,same_skill+sequence,67.0
86791,86902,13,sequence,
86791,86903,13,same_skill+sequence,67.0
86791,86904,1,same_skill,67.0
86791,86905,12,same_skill+sequence,67.0
86791,86906,1,same_skill,67.0
86791,86909,11,same_skill+sequence,67.0
86792,86793,48,sequence,
86792,86794,34,same_skill+sequence,67.0
86792,86795,41,sequence,
86792,86796,148,same_skill+sequence,67.0
86792,86797,37,sequence,
86792,86798,31,sequence,
86792,86799,39,sequence,
86792,86800,33,sequence,
86792,86801,35,sequence,
86792,86802,10,sequence,
86792,86838,10,sequence,
86792,86877,10,sequence,
86792,86878,16,sequence,
86792,86879,11,sequence,
86792,86883,96,sequence,
86792,86885,11,sequence,
86792,86886,11,sequence,
86792,86888,15,sequence,
86792,86892,13,sequence,
86792,86894,11,sequence,
86792,86900,13,sequence,
86792,86901,14,sequence,
86792,86902,18,sequence,
86792,86903,10,sequence,
86792,86904,14,sequence,
86792,86909,17,sequence,
86793,86794,39,sequence,
86793,86795,40,sequence,
86793,86796,39,sequence,
86793,86797,47,same_skill+sequence,67.0
86793,86798,34,sequence,
86793,86799,34,same_skill+sequence,67.0
86793,86800,26,same_skill+sequence,67.0
86793,86801,30,sequence,
86793,86880,1,same_skill,67.0
86793,86881,11,sequence,
86793,86885,12,sequence,
86793,86888,15,sequence,
86793,86892,13,sequence,
86793,86900,12,sequence,
86793,86902,10,sequence,
86793,86904,17,sequence,
86793,86909,14,sequence,
86794,86795,43,sequence,
86794,86796,153,same_skill+sequence,67.0
86794,86797,50,sequence,
86794,86798,35,sequence,
86794,86799,32,sequence,
86794,86800,39,sequence,
86794,86801,39,sequence,
86794,86802,14,sequence,
86794,86877,16,sequence,
86794,86878,12,sequence,
86794,86879,15,sequence,
86794,86880,19,sequence,
86794,86882,12,sequence,
86794,86884,11,sequence,
86794,86886,14,sequence,
86794,86889,12,sequence,
86794,86892,14,sequence,
86794,86893,11,sequence,
86794,86894,12,sequence,
86794,86900,12,sequence,
86794,86902,11,sequence,
86794,86903,11,sequence,
86794,86905,14,sequence,
86794,86906,10,sequence,
86794,86908,13,sequence,
86794,86909,11,sequence,
86794,87057,54,sequence,
86795,86796,29,sequence,
86795,86797,29,same_skill+sequence,67.0
86795,86798,31,sequence,
86795,86799,37,same_skill+sequence,67.0
86795,86800,29,same_skill+sequence,67.0
86795,86801,34,sequence,
86795,86802,11,sequence,
86795,86876,13,sequence,
86795,86879,11,sequence,
86795,86882,10,sequence,
86795,86885,12,sequence,
86795,86886,17,sequence,
86795,86887,16,sequence,
86795,86893,10,sequence,
86795,86895,10,sequence,
86795,86900,11,sequence,
86795,86901,12,sequence,
86795,86905,17,sequence,
86795,86906,14,sequence,
86795,86908,17,same_skill+sequence,67.0
86796,86797,49,sequence,
86796,86798,25,sequence,
86796,86799,30,sequence,
86796,86800,33,sequence,
86796,86801,25,sequence,
86796,86802,11,sequence,
86796,86877,11,sequence,
86796,86878,11,sequence,
86796,86887,18,sequence,
86796,86888,11,sequence,
86796,86890,19,sequence,
86796,86891,11,sequence,
86796,86892,11,sequence,
86796,86893,10,sequence,
86796,86894,11,sequence,
86796,86901,13,sequence,
86796,86903,11,sequence,
86796,86904,17,sequence,
86796,86909,10,sequence,
86797,86798,33,sequence,
86797,86799,31,same_skill+sequence,67.0
86797,86800,24,same_skill+sequence,67.0
86797,86801,43,sequence,
86797,86876,12,sequence,
86797,86877,11,sequence,
86797,86879,10,sequence,
86797,86880,12,sequence,
86797,86881,12,sequence,
86797,86888,10,sequence,
86797,86891,13,sequence,
86797,86893,11,sequence,
86797,86894,10,sequence,
86797,86895,11,sequence,
86797,86900,10,sequence,
86797,86903,17,sequence,
86797,86904,10,sequence,
86797,86905,14,sequence,
86797,86907,14,sequence,
86798,86799,30,sequence,
86798,86800,35,sequence,
86798,86801,37,same_skill+sequence,67.0
86798,86854,10,sequence,
86798,86876,12,sequence,
86798,86877,10,sequence,
86798,86879,11,sequence,
86798,86880,13,sequence,
86798,86881,12,sequence,
86798,86883,14,same_skill+sequence,67.0
86798,86887,16,sequence,
86798,86893,12,sequence,
86798,86894,10,sequence,
86798,86900,1,same_skill,67.0
86798,86901,1,same_skill,67.0
86798,86902,11,sequence,
86798,86903,1,same_skill,67.0
86798,86904,12,sequence,
86798,86905,11,sequence,
86798,86906,11,same_skill+sequence,67.0
86798,86907,10,sequence,
86798,86909,11,same_skill+sequence,67.0
86799,86800,36,same_skill+sequence,67.0
86799,86801,23,sequence,
86799,86802,12,sequence,
86799,86882,13,sequence,
86799,86885,12,sequence,
86799,86887,10,sequence,
86799,86888,11,sequence,
86799,86889,11,sequence,
86799,86890,11,sequence,
86799,86892,10,sequence,
86799,86901,12,sequence,
86799,86902,12,sequence,
86799,86903,17,sequence,
86799,86905,15,sequence,
86799,86908,10,sequence,
86799,86909,12,sequence,
86799,87024,108,sequence,
86800,86801,30,sequence,
86800,86802,10,sequence,
86800,86856,11,sequence,
86800,86876,10,sequence,
86800,86878,10,sequence,
86800,86879,12,sequence,
86800,86880,10,sequence,
86800,86883,10,sequence,
86800,86886,10,sequence,
86800,86887,13,sequence,
86800,86892,10,sequence,
86800,86895,12,sequence,
86800,86900,17,sequence,
86800,86905,11,sequence,
86800,86906,10,sequence,
86800,86909,15,sequence,
86800,87038,108,sequence,
86801,86853,11,sequence,
86801,86861,10,sequence,
86801,86879,14,sequence,
86801,86880,11,sequence,
86801,86883,1,same_skill,67.0
86801,86884,10,sequence,
86801,86886,14,sequence,
86801,86887,10,sequence,
86801,86888,13,sequence,
86801,86890,13,sequence,
86801,86894,13,sequence,
86801,86895,12,sequence,
86801,86900,1,same_skill,67.0
86801,86901,11,same_skill+sequence,67.0
86801,86902,10,sequence,
86801,86903,13,sequence,
86801,86905,13,sequence,
86801,86906,1,same_skill,67.0
86801,86908,13,sequence,
86802,86877,1,same_skill,67.0
86802,86878,11,sequence,
86802,86879,12,same_skill+sequence,67.0
86802,86881,10,sequence,
86802,86882,10,sequence,
86802,86884,12,sequence,
86802,86885,1,same_skill,67.0
86802,86886,17,same_skill+sequence,67.0
86802,86887,1,same_skill,67.0
86802,86888,11,sequence,
86802,86889,12,sequence,
86802,86890,10,sequence,
86802,86891,1,same_skill,67.0
86802,86893,1,same_skill,67.0
86802,86894,1,same_skill,67.0
86802,86900,13,sequence,
86802,86902,12,sequence,
86802,86903,12,sequence,
86802,86905,11,sequence,
86802,86907,13,sequence,
86834,86835,1,same_skill,67.0
86834,86836,1,same_skill,67.0
86834,86837,16,same_skill+sequence,67.0
86834,86838,1,same_skill,67.0
86834,86841,1,same_skill,67.0
86834,86854,1,same_skill,67.0
86834,86855,1,same_skill,67.0
86834,86856,1,same_skill,67.0
86835,86836,1,same_skill,67.0
86835,86837,1,same_skill,67.0
86835,86838,1,same_skill,67.0
86835,86841,1,same_skill,67.0
86835,86854,1,same_skill,67.0
86835,86855,1,same_skill,67.0
86835,86862,1,same_skill,67.0
86836,86840,1,same_skill,67.0
86836,86853,1,same_skill,67.0
86836,86854,1,same_skill,67.0
86836,86855,1,same_skill,67.0
86836,86862,1,same_skill,67.0
86836,86889,1,same_skill,67.0
86836,86901,10,sequence,
86837,86838,1,same_skill,67.0
86837,86841,19,same_skill+sequence,67.0
86837,86855,1,same_skill,67.0
86837,86856,1,same_skill,67.0
86837,86859,1,same_skill,67.0
86837,86863,1,same_skill,67.0
86837,86888,10,sequence,
86838,86841,1,same_skill,67.0
86838,86854,1,same_skill,67.0
86838,86855,1,same_skill,67.0
86838,86856,1,same_skill,67.0
86838,86863,1,same_skill,67.0
86839,86845,1,same_skill,67.0
86839,86846,1,same_skill,67.0
86839,86847,1,same_skill,67.0
86839,86852,1,same_skill,67.0
86839,86856,11,sequence,
86839,86857,1,same_skill,67.0
86840,86853,1,same_skill,67.0
86840,86854,1,same_skill,67.0
86840,86857,10,sequence,
86840,86862,1,same_skill,67.0
86840,86878,50,sequence,
86840,86881,1,same_skill,67.0
86840,86884,1,same_skill,67.0
86840,86889,1,same_skill,67.0
86840,86894,1,same_skill,67.0
86841,86843,1,same_skill,67.0
86841,86856,1,same_skill,67.0
86841,86859,1,same_skill,67.0
86841,86863,1,same_skill,67.0
86841,86890,14,sequence,
86841,86893,10,sequence,
86842,86844,1,same_skill,67.0
86842,86848,1,same_skill,67.0
86842,86849,1,same_skill,67.0
86842,86852,1,same_skill,67.0
86842,86857,1,same_skill,67.0
86842,86858,1,same_skill,67.0
86842,86860,1,same_skill,67.0
86842,86861,1,same_skill,67.0
86843,86844,1,same_skill,67.0
86843,86848,1,same_skill,67.0
86843,86850,1,same_skill,67.0
86843,86851,1,same_skill,67.0
86843,86852,10,sequence,
86843,86856,1,same_skill,67.0
86843,86859,1,same_skill,67.0
86843,86863,1,same_skill,67.0
86844,86848,1,same_skill,67.0
86844,86849,1,same_skill,67.0
86844,86850,1,same_skill,67.0
86844,86851,1,same_skill,67.0
86844,86858,1,same_skill,67.0
86844,86859,10,sequence,
86844,86861,1,same_skill,67.0
86845,86846,1,same_skill,67.0
86845,86847,1,same_skill,67.0
86845,86852,1,same_skill,67.0
86846,86847,1,same_skill,67.0
86846,86852,1,same_skill,67.0
86846,86857,1,same_skill,67.0
86846,86860,1,same_skill,67.0
86847,86849,1,same_skill,67.0
86847,86852,1,same_skill,67.0
86847,86857,1,same_skill,67.0
86847,86860,1,same_skill,67.0
86847,86906,10,sequence,
86848,86850,1,same_skill,67.0
86848,86851,1,same_skill,67.0
86848,86858,1,same_skill,67.0
86848,86859,1,same_skill,67.0
86848,86861,1,same_skill,67.0
86848,86902,10,sequence,
86849,86852,1,same_skill,67.0
86849,86857,1,same_skill,67.0
86849,86858,1,same_skill,67.0
86849,86860,1,same_skill,67.0
86849,86861,1,same_skill,67.0
86850,86851,1,same_skill,67.0
86850,86856,1,same_skill,67.0
86850,86858,1,same_skill,67.0
86850,86859,1,same_skill,67.0
86850,86863,1,same_skill,67.0
86851,86858,1,same_skill,67.0
86851,86859,1,same_skill,67.0
86851,86861,1,same_skill,67.0
86851,86863,1,same_skill,67.0
86852,86857,1,same_skill,67.0
86852,86860,1,same_skill,67.0
86853,86854,1,same_skill,67.0
86853,86855,1,same_skill,67.0
86853,86862,1,same_skill,67.0
86853,86881,1,same_skill,67.0
86853,86884,1,same_skill,67.0
86853,86889,1,same_skill,67.0
86853,87123,12,sequence,
86854,86855,1,same_skill,67.0
86854,86862,1,same_skill,67.0
86854,87123,49,sequence,
86855,86862,1,same_skill,67.0
86856,86859,1,same_skill,67.0
86856,86863,1,same_skill,67.0
86857,86860,1,same_skill,67.0
86857,86861,1,same_skill,67.0
86858,86860,1,same_skill,67.0
86858,86861,1,same_skill,67.0
86859,86863,1,same_skill,67.0
86859,86882,11,sequence,
86860,86861,1,same_skill,67.0
86860,86901,10,sequence,
86862,86884,1,same_skill,67.0
86862,86889,1,same_skill,67.0
86862,86901,10,sequence,
86863,86882,10,sequence,
86876,86877,11,sequence,
86876,86878,15,same_skill+sequence,67.0
86876,86879,1,same_skill,67.0
86876,86880,14,sequence,
86876,86881,11,sequence,
86876,86882,1,same_skill,67.0
86876,86884,12,sequence,
86876,86886,12,sequence,
86876,86888,1,same_skill,67.0
86876,86890,1,same_skill,67.0
86876,86891,11,sequence,
86876,86892,15,same_skill+sequence,67.0
86876,86893,13,sequence,
86876,86895,1,same_skill,67.0
86876,86900,12,sequence,
86876,86902,12,same_skill+sequence,67.0
86876,86904,16,sequence,
86876,86907,14,sequence,
86876,86908,12,sequence,
86877,86879,1,same_skill,67.0
86877,86881,12,sequence,
86877,86884,10,sequence,
86877,86885,15,same_skill+sequence,67.0
86877,86886,1,same_skill,67.0
86877,86888,1,same_skill,67.0
86877,86889,14,sequence,
86877,86890,10,sequence,
86877,86892,20,same_skill+sequence,67.0
86877,86893,12,same_skill+sequence,67.0
86877,86894,11,sequence,
86877,86895,11,same_skill+sequence,67.0
86877,86902,11,sequence,
86877,86903,13,sequence,
86877,86906,12,sequence,
86877,86908,15,sequence,
86877,86909,13,sequence,
86878,86880,10,sequence,
86878,86881,10,sequence,
86878,86882,12,same_skill+sequence,67.0
86878,86884,10,sequence,
86878,86886,15,sequence,
86878,86890,11,same_skill+sequence,67.0
86878,86892,13,same_skill+sequence,67.0
86878,86894,10,sequence,
86878,86900,10,sequence,
86878,86902,1,same_skill,67.0
86878,86905,15,same_skill+sequence,67.0
86878,86907,1,same_skill,67.0
86878,86908,13,sequence,
86878,87024,38,sequence,
86879,86881,11,sequence,
86879,86882,12,sequence,
86879,86884,14,sequence,
86879,86885,1,same_skill,67.0
86879,86886,12,same_skill+sequence,67.0
86879,86888,13,same_skill+sequence,67.0
86879,86889,13,sequence,
86879,86891,11,sequence,
86879,86892,13,same_skill+sequence,67.0
86879,86895,1,same_skill,67.0
86879,86902,10,sequence,
86879,86906,15,sequence,
86879,86908,10,sequence,
86880,86885,12,sequence,
86880,86890,13,sequence,
86880,86891,12,sequence,
86880,86900,13,same_skill+sequence,67.0
86880,86901,10,sequence,
86880,86902,14,sequence,
86880,86903,16,sequence,
86880,86905,10,sequence,
86880,86908,126,sequence,
86880,86909,14,sequence,
86880,87078,21,sequence,
86880,93825,25,sequence,
86881,86884,13,same_skill+sequence,67.0
86881,86886,10,sequence,
86881,86887,1,same_skill,67.0
86881,86889,11,same_skill+sequence,67.0
86881,86891,1,same_skill,67.0
86881,86893,1,same_skill,67.0
86881,86894,1,same_skill,67.0
86881,86900,11,sequence,
86881,86902,11,sequence,
86881,86903,10,sequence,
86881,86904,14,sequence,
86881,86908,16,sequence,
86882,86883,14,sequence,
86882,86885,13,sequence,
86882,86888,1,same_skill,67.0
86882,86889,13,sequence,
86882,86890,11,same_skill+sequence,67.0
86882,86892,1,same_skill,67.0
86882,86893,12,sequence,
86882,86894,10,sequence,
86882,86895,13,same_skill+sequence,67.0
86882,86900,10,sequence,
86882,86901,13,sequence,
86882,86902,1,same_skill,67.0
86882,86906,10,sequence,
86882,86907,11,same_skill+sequence,67.0
86882,86908,13,sequence,
86883,86885,11,sequence,
86883,86887,10,sequence,
86883,86888,13,sequence,
86883,86889,10,sequence,
86883,86893,12,sequence,
86883,86900,1,same_skill,67.0
86883,86901,1,same_skill,67.0
86883,86905,10,sequence,
86883,86906,11,same_skill+sequence,67.0
86883,86907,10,sequence,
86883,86909,1,same_skill,67.0
86883,87079,11,sequence,
86883,88288,11,sequence,
86883,89757,11,sequence,
86884,86887,1,same_skill,67.0
86884,86888,13,sequence,
86884,86889,11,same_skill+sequence,67.0
86884,86890,10,sequence,
86884,86891,12,same_skill+sequence,67.0
86884,86892,14,sequence,
86884,86894,1,same_skill,67.0
86884,86907,11,sequence,
86884,86908,17,sequence,
86885,86886,1,same_skill,67.0
86885,86887,1,same_skill,67.0
86885,86888,11,same_skill+sequence,67.0
86885,86890,13,sequence,
86885,86892,12,sequence,
86885,86893,1,same_skill,67.0
86885,86894,11,sequence,
86885,86895,1,same_skill,67.0
86885,86900,12,sequence,
86885,86901,10,sequence,
86885,86902,10,sequence,
86885,86903,13,sequence,
86885,86908,14,sequence,
86886,86887,14,same_skill+sequence,67.0
86886,86890,10,sequence,
86886,86891,15,same_skill+sequence,67.0
86886,86893,1,same_skill,67.0
86886,86895,11,same_skill+sequence,67.0
86886,86900,11,sequence,
86886,86902,10,sequence,
86886,86907,13,sequence,
86887,86888,14,sequence,
86887,86889,13,sequence,
86887,86891,1,same_skill,67.0
86887,86893,1,same_skill,67.0
86887,86894,12,same_skill+sequence,67.0
86887,86901,14,sequence,
86887,86906,10,sequence,
86887,86908,14,sequence,
86888,86889,10,sequence,
86888,86890,1,same_skill,67.0
86888,86891,16,sequence,
86888,86892,11,same_skill+sequence,67.0
86888,86895,15,same_skill+sequence,67.0
86888,86900,15,sequence,
86888,86902,10,sequence,
86888,86903,12,sequence,
86888,86905,10,sequence,
86888,86907,15,sequence,
86888,86908,13,sequence,
86888,86909,11,sequence,
86889,86890,12,sequence,
86889,86891,1,same_skill,67.0
86889,86894,1,same_skill,67.0
86889,86895,10,sequence,
86889,86900,12,sequence,
86889,86901,10,sequence,
86889,86902,19,sequence,
86889,86907,10,sequence,
86889,86909,10,sequence,
86890,86892,1,same_skill,67.0
86890,86893,14,sequence,
86890,86894,10,sequence,
86890,86895,13,sequence,
86890,86900,14,sequence,
86890,86901,19,sequence,
86890,86902,1,same_skill,67.0
86890,86903,14,sequence,
86890,86905,13,sequence,
86890,86907,1,same_skill,67.0
86890,86909,18,sequence,
86891,86892,11,sequence,
86891,86893,1,same_skill,67.0
86891,86894,11,same_skill+sequence,67.0
86891,86895,12,sequence,
86891,86908,12,sequence,
86891,86909,13,sequence,
86892,86895,14,same_skill+sequence,67.0
86892,86900,10,sequence,
86892,86903,10,sequence,
86892,86904,16,sequence,
86892,86906,13,sequence,
86892,86907,11,sequence,
86892,86908,14,sequence,
86893,86894,1,same_skill,67.0
86893,86895,10,sequence,
86893,86901,10,sequence,
86893,86902,11,sequence,
86893,86903,10,sequence,
86893,86906,14,sequence,
86893,86907,13,sequence,
86893,86909,10,sequence,
86894,86895,10,sequence,
86894,86901,23,sequence,
86894,86905,12,sequence,
86894,86906,10,sequence,
86894,86909,11,sequence,
86895,86900,12,sequence,
86895,86903,11,sequence,
86895,86907,12,sequence,
86900,86901,29,same_skill+sequence,67.0
86900,86902,33,sequence,
86900,86903,23,sequence,
86900,86904,22,sequence,
86900,86905,31,sequence,
86900,86906,33,sequence,
86900,86907,22,sequence,
86900,86908,36,sequence,
86900,86909,30,sequence,
86901,86902,30,sequence,
86901,86903,45,same_skill+sequence,67.0
86901,86904,35,sequence,
86901,86905,26,sequence,
86901,86906,33,same_skill+sequence,67.0
86901,86907,30,sequence,
86901,86908,24,sequence,
86901,86909,29,same_skill+sequence,67.0
86902,86903,23,sequence,
86902,86904,26,same_skill+sequence,67.0
86902,86905,26,same_skill+sequence,67.0
86902,86906,25,sequence,
86902,86907,26,same_skill+sequence,67.0
86902,86908,25,sequence,
86902,86909,22,sequence,
86903,86904,26,same_skill+sequence,67.0
86903,86905,26,same_skill+sequence,67.0
86903,86906,33,same_skill+sequence,67.0
86903,86907,30,sequence,
86903,86908,36,sequence,
86903,86909,28,same_skill+sequence,67.0
86904,86905,36,same_skill+sequence,67.0
86904,86906,29,sequence,
86904,86907,38,same_skill+sequence,67.0
86904,86908,38,sequence,
86904,86909,26,same_skill+sequence,67.0
86905,86906,30,sequence,
86905,86907,26,same_skill+sequence,67.0
86905,86908,31,sequence,
86905,86909,29,sequence,
86906,86907,32,sequence,
86906,86908,29,sequence,
86906,86909,38,same_skill+sequence,67.0
86907,86908,29,sequence,
86907,86909,32,sequence,
86908,86909,32,sequence,
86909,87028,12,sequence,
87024,87025,52,same_skill+sequence,61.0
87024,87026,21,same_skill+sequence,61.0
87024,87027,23,sequence,
87024,87028,17,sequence,
87024,87038,105,sequence,
87024,87041,54,sequence,
87024,87073,19,sequence,
87024,87074,25,sequence,
87024,87077,24,sequence,
87024,87078,24,same_skill+sequence,61.0
87024,87079,15,same_skill+sequence,61.0
87024,87080,18,same_skill+sequence,61.0
87024,87081,19,sequence,
87024,87082,18,sequence,
87024,87473,22,sequence,
87024,88292,19,sequence,
87024,88498,19,sequence,
87024,94843,18,sequence,
87024,97547,26,sequence,
87025,87026,34,sequence,
87025,87027,39,sequence,
87025,87028,15,sequence,
87025,87073,30,sequence,
87025,87074,22,sequence,
87025,87077,19,sequence,
87025,87078,26,same_skill+sequence,61.0
87025,87079,19,same_skill+sequence,61.0
87025,87080,20,same_skill+sequence,61.0
87025,87081,23,sequence,
87025,87082,21,sequence,
87025,87473,21,sequence,
87025,88292,11,sequence,
87025,88293,11,sequence,
87025,88498,24,sequence,
87025,89667,12,sequence,
87025,94843,21,sequence,
87025,94851,12,sequence,
87025,97547,21,sequence,
87026,87027,25,same_skill+sequence,61.0
87026,87028,27,same_skill+sequence,61.0
87026,87042,1,same_skill,61.0
87026,87073,13,same_skill+sequence,61.0
87026,87074,23,sequence,
87026,87077,16,sequence,
87026,87078,23,same_skill+sequence,61.0
87026,87079,32,same_skill+sequence,61.0
87026,87080,18,same_skill+sequence,61.0
87026,87081,21,sequence,
87026,87082,13,sequence,
87027,87028,23,same_skill+sequence,61.0
87027,87042,1,same_skill,61.0
87027,87073,1,same_skill,61.0
87027,87074,19,sequence,
87027,87077,20,sequence,
87027,87078,19,same_skill+sequence,61.0
87027,87079,30,same_skill+sequence,61.0
87027,87080,22,same_skill+sequence,61.0
87027,87081,18,sequence,
87027,87082,18,sequence,
87027,88293,11,sequence,
87027,88499,12,sequence,
87027,89667,11,sequence,
87028,87029,13,sequence,
87028,87042,1,same_skill,61.0
87028,87073,24,same_skill+sequence,61.0
87028,87074,23,sequence,
87028,87077,23,same_skill+sequence,61.0
87028,87078,19,sequence,
87028,87079,23,same_skill+sequence,61.0
87028,87080,24,same_skill+sequence,61.0
87028,87081,21,sequence,
87028,87082,24,sequence,
87029,87032,15,sequence,
87029,87034,1,same_skill,61.0
87029,87045,1,same_skill,61.0
87029,87056,1,same_skill,61.0
87029,87057,1,same_skill,61.0
87029,87093,1,same_skill,61.0
87030,87067,1,same_skill,61.0
87030,87070,1,same_skill,61.0
87030,87089,1,same_skill,61.0
87030,87111,1,same_skill,61.0
87030,87121,1,same_skill,61.0
87030,87126,1,same_skill,61.0
87031,87032,1,same_skill,61.0
87031,87033,1,same_skill,61.0
87031,87039,1,same_skill,61.0
87031,87047,1,same_skill,61.0
87031,87048,1,same_skill,61.0
87031,87061,1,same_skill,61.0
87031,87064,1,same_skill,61.0
87031,87129,1,same_skill,61.0
87032,87034,16,sequence,
87032,87039,1,same_skill,61.0
87032,87059,1,same_skill,61.0
87032,87061,1,same_skill,61.0
87032,87064,1,same_skill,61.0
87032,87086,1,same_skill,61.0
87032,87129,1,same_skill,61.0
87032,87130,1,same_skill,61.0
87033,87040,1,same_skill,61.0
87033,87047,1,same_skill,61.0
87033,87048,1,same_skill,61.0
87033,87061,1,same_skill,61.0
87033,87063,1,same_skill,61.0
87033,87064,1,same_skill,61.0
87033,87085,1,same_skill,61.0
87034,87044,12,sequence,
87034,87056,1,same_skill,61.0
87034,87057,1,same_skill,61.0
87034,87068,1,same_skill,61.0
87034,87093,1,same_skill,61.0
87034,87132,1,same_skill,61.0
87035,87050,1,same_skill,61.0
87035,87055,1,same_skill,61.0
87035,87072,1,same_skill,61.0
87035,87090,1,same_skill,61.0
87035,87107,1,same_skill,61.0
87035,87108,1,same_skill,61.0
87035,87113,1,same_skill,61.0
87035,87115,1,same_skill,61.0
87036,87043,1,same_skill,61.0
87036,87049,1,same_skill,61.0
87036,87065,1,same_skill,61.0
87036,87084,1,same_skill,61.0
87036,87104,1,same_skill,61.0
87036,87106,1,same_skill,61.0
87036,87116,1,same_skill,61.0
87036,87128,1,same_skill,61.0
87037,87043,1,same_skill,61.0
87037,87054,1,same_skill,61.0
87037,87084,1,same_skill,61.0
87037,87087,1,same_skill,61.0
87037,87104,1,same_skill,61.0
87037,87105,1,same_skill,61.0
87037,87118,1,same_skill,61.0
87037,87131,1,same_skill,61.0
87038,87041,1,same_skill,61.0
87038,87077,1,same_skill,61.0
87038,87081,1,same_skill,61.0
87038,87082,1,same_skill,61.0
87039,87048,1,same_skill,61.0
87039,87059,1,same_skill,61.0
87039,87061,1,same_skill,61.0
87039,87064,1,same_skill,61.0
87039,87086,1,same_skill,61.0
87039,87129,1,same_skill,61.0
87040,87047,1,same_skill,61.0
87040,87048,1,same_skill,61.0
87040,87062,1,same_skill,61.0
87040,87063,1,same_skill,61.0
87040,87064,1,same_skill,61.0
87040,87071,1,same_skill,61.0
87040,87085,1,same_skill,61.0
87041,87060,13,sequence,
87041,87074,1,same_skill,61.0
87041,87080,57,sequence,
87041,87081,1,same_skill,61.0
87041,87120,1,same_skill,61.0
87042,87073,1,same_skill,61.0
87042,87077,1,same_skill,61.0
87042,87082,1,same_skill,61.0
87043,87049,1,same_skill,61.0
87043,87054,1,same_skill,61.0
87043,87084,1,same_skill,61.0
87043,87087,1,same_skill,61.0
87043,87104,1,same_skill,61.0
87043,87118,1,same_skill,61.0
87044,87046,1,same_skill,61.0
87044,87047,14,sequence,
87044,87058,1,same_skill,61.0
87044,87068,1,same_skill,61.0
87044,87071,1,same_skill,61.0
87044,87093,1,same_skill,61.0
87044,87110,1,same_skill,61.0
87044,87132,1,same_skill,61.0
87045,87056,1,same_skill,61.0
87045,87057,1,same_skill,61.0
87045,87123,1,same_skill,61.0
87046,87058,1,same_skill,61.0
87046,87062,1,same_skill,61.0
87046,87068,1,same_skill,61.0
87046,87071,1,same_skill,61.0
87046,87085,1,same_skill,61.0
87046,87110,1,same_skill,61.0
87046,87132,1,same_skill,61.0
87047,87048,1,same_skill,61.0
87047,87061,15,sequence,
87047,87062,1,same_skill,61.0
87047,87063,1,same_skill,61.0
87047,87064,1,same_skill,61.0
87047,87085,1,same_skill,61.0
87048,87061,1,same_skill,61.0
87048,87063,1,same_skill,61.0
87048,87064,1,same_skill,61.0
87049,87054,1,same_skill,61.0
87049,87065,1,same_skill,61.0
87049,87082,11,sequence,
87049,87084,1,same_skill,61.0
87049,87104,1,same_skill,61.0
87049,87106,1,same_skill,61.0
87049,87128,1,same_skill,61.0
87050,87051,1,same_skill,61.0
87050,87055,1,same_skill,61.0
87050,87072,1,same_skill,61.0
87050,87090,1,same_skill,61.0
87050,87108,1,same_skill,61.0
87050,87109,1,same_skill,61.0
87050,87113,1,same_skill,61.0
87051,87065,1,same_skill,61.0
87051,87069,1,same_skill,61.0
87051,87072,1,same_skill,61.0
87051,87083,1,same_skill,61.0
87051,87090,1,same_skill,61.0
87051,87109,1,same_skill,61.0
87051,87116,1,same_skill,61.0
87052,87053,1,same_skill,61.0
87052,87070,1,same_skill,61.0
87052,87089,1,same_skill,61.0
87052,87092,1,same_skill,61.0
87052,87119,1,same_skill,61.0
87052,87121,1,same_skill,61.0
87052,87126,1,same_skill,61.0
87052,87127,1,same_skill,61.0
87053,87089,1,same_skill,61.0
87053,87092,1,same_skill,61.0
87053,87114,1,same_skill,61.0
87053,87119,1,same_skill,61.0
87053,87121,1,same_skill,61.0
87053,87126,1,same_skill,61.0
87053,87127,1,same_skill,61.0
87054,87084,1,same_skill,61.0
87054,87087,1,same_skill,61.0
87054,87104,1,same_skill,61.0
87054,87105,1,same_skill,61.0
87054,87118,1,same_skill,61.0
87055,87072,1,same_skill,61.0
87055,87090,1,same_skill,61.0
87055,87108,1,same_skill,61.0
87055,87109,1,same_skill,61.0
87055,87113,1,same_skill,61.0
87055,87115,1,same_skill,61.0
87056,87057,1,same_skill,61.0
87056,87093,1,same_skill,61.0
87056,87132,1,same_skill,61.0
87057,87123,1,same_skill,61.0
87058,87062,1,same_skill,61.0
87058,87063,1,same_skill,61.0
87058,87068,1,same_skill,61.0
87058,87071,1,same_skill,61.0
87058,87085,1,same_skill,61.0
87058,87086,10,sequence,
87058,87110,1,same_skill,61.0
87059,87086,1,same_skill,61.0
87059,87109,10,sequence,
87059,87122,1,same_skill,61.0
87059,87124,1,same_skill,61.0
87059,87125,1,same_skill,61.0
87059,87129,1,same_skill,61.0
87059,87130,1,same_skill,61.0
87060,87066,1,same_skill,61.0
87060,87091,1,same_skill,61.0
87060,87107,1,same_skill,61.0
87060,87112,1,same_skill,61.0
87060,87115,1,same_skill,61.0
87060,87124,1,same_skill,61.0
87060,87125,1,same_skill,61.0
87060,87133,1,same_skill,61.0
87061,87063,17,sequence,
87061,87064,1,same_skill,61.0
87061,87086,1,same_skill,61.0
87061,87129,1,same_skill,61.0
87062,87063,1,same_skill,61.0
87062,87071,1,same_skill,61.0
87062,87085,1,same_skill,61.0
87062,87110,1,same_skill,61.0
87063,87068,17,sequence,
87063,87071,1,same_skill,61.0
87063,87085,1,same_skill,61.0
87065,87069,1,same_skill,61.0
87065,87083,1,same_skill,61.0
87065,87106,1,same_skill,61.0
87065,87116,1,same_skill,61.0
87065,87128,1,same_skill,61.0
87066,87091,1,same_skill,61.0
87066,87107,1,same_skill,61.0
87066,87108,1,same_skill,61.0
87066,87112,1,same_skill,61.0
87066,87113,1,same_skill,61.0
87066,87115,1,same_skill,61.0
87066,87133,1,same_skill,61.0
87067,87070,1,same_skill,61.0
87067,87089,1,same_skill,61.0
87067,87111,1,same_skill,61.0
87068,87078,15,sequence,
87068,87093,1,same_skill,61.0
87068,87110,1,same_skill,61.0
87068,87132,1,same_skill,61.0
87069,87083,1,same_skill,61.0
87069,87090,1,same_skill,61.0
87069,87106,1,same_skill,61.0
87069,87109,1,same_skill,61.0
87069,87116,1,same_skill,61.0
87069,87128,1,same_skill,61.0
87070,87089,1,same_skill,61.0
87070,87111,1,same_skill,61.0
87070,87121,1,same_skill,61.0
87070,87126,1,same_skill,61.0
87071,87085,1,same_skill,61.0
87071,87110,1,same_skill,61.0
87072,87083,1,same_skill,61.0
87072,87090,1,same_skill,61.0
87072,87108,1,same_skill,61.0
87072,87109,1,same_skill,61.0
87073,87074,14,sequence,
87073,87077,24,same_skill+sequence,61.0
87073,87078,25,sequence,
87073,87079,19,same_skill+sequence,61.0
87073,87080,20,sequence,
87073,87081,17,sequence,
87073,87082,24,same_skill+sequence,61.0
87074,87077,19,sequence,
87074,87078,16,sequence,
87074,87079,12,sequence,
87074,87080,20,sequence,
87074,87081,17,same_skill+sequence,61.0
87074,87082,24,sequence,
87074,87120,1,same_skill,61.0
87074,87123,1,same_skill,61.0
87077,87078,20,sequence,
87077,87079,21,sequence,
87077,87080,22,sequence,
87077,87081,22,sequence,
87077,87082,17,same_skill+sequence,61.0
87078,87079,21,same_skill+sequence,61.0
87078,87080,31,same_skill+sequence,61.0
87078,87081,18,sequence,
87078,87082,23,sequence,
87078,87107,10,sequence,
87078,93825,23,sequence,
87079,87080,17,same_skill+sequence,61.0
87079,87081,19,sequence,
87079,87082,16,sequence,
87079,88288,10,sequence,
87080,87081,17,sequence,
87080,87082,36,sequence,
87080,87123,59,sequence,
87081,87082,23,same_skill+sequence,61.0
87082,87083,16,sequence,
87083,87090,1,same_skill,61.0
87083,87106,1,same_skill,61.0
87083,87109,1,same_skill,61.0
87083,87116,1,same_skill,61.0
87083,87122,13,sequence,
87084,87104,1,same_skill,61.0
87084,87106,1,same_skill,61.0
87084,87128,1,same_skill,61.0
87086,87122,1,same_skill,61.0
87086,87125,1,same_skill,61.0
87086,87129,1,same_skill,61.0
87086,87130,1,same_skill,61.0
87087,87088,1,same_skill,61.0
87087,87104,1,same_skill,61.0
87087,87105,1,same_skill,61.0
87087,87118,1,same_skill,61.0
87087,87131,1,same_skill,61.0
87088,87105,1,same_skill,61.0
87088,87114,1,same_skill,61.0
87088,87117,1,same_skill,61.0
87088,87118,1,same_skill,61.0
87088,87119,1,same_skill,61.0
87088,87127,1,same_skill,61.0
87088,87131,1,same_skill,61.0
87089,87111,1,same_skill,61.0
87089,87121,1,same_skill,61.0
87089,87126,1,same_skill,61.0
87090,87109,1,same_skill,61.0
87091,87107,1,same_skill,61.0
87091,87112,1,same_skill,61.0
87091,87113,1,same_skill,61.0
87091,87115,1,same_skill,61.0
87091,87124,1,same_skill,61.0
87091,87133,1,same_skill,61.0
87092,87114,1,same_skill,61.0
87092,87117,1,same_skill,61.0
87092,87119,1,same_skill,61.0
87092,87121,1,same_skill,61.0
87092,87126,1,same_skill,61.0
87092,87127,1,same_skill,61.0
87093,87132,1,same_skill,61.0
87104,87128,1,same_skill,61.0
87105,87114,1,same_skill,61.0
87105,87117,1,same_skill,61.0
87105,87118,1,same_skill,61.0
87105,87131,1,same_skill,61.0
87106,87116,1,same_skill,61.0
87106,87128,1,same_skill,61.0
87107,87108,1,same_skill,61.0
87107,87113,1,same_skill,61.0
87107,87115,1,same_skill,61.0
87107,87133,1,same_skill,61.0
87108,87113,1,same_skill,61.0
87108,87115,1,same_skill,61.0
87109,87116,1,same_skill,61.0
87110,87132,1,same_skill,61.0
87111,87126,1,same_skill,61.0
87112,87122,1,same_skill,61.0
87112,87124,1,same_skill,61.0
87112,87125,1,same_skill,61.0
87112,87130,1,same_skill,61.0
87112,87133,1,same_skill,61.0
87113,87115,1,same_skill,61.0
87114,87117,1,same_skill,61.0
87114,87119,1,same_skill,61.0
87114,87127,1,same_skill,61.0
87114,87131,1,same_skill,61.0
87116,87128,1,same_skill,61.0
87117,87118,1,same_skill,61.0
87117,87119,1,same_skill,61.0
87117,87127,1,same_skill,61.0
87117,87131,1,same_skill,61.0
87118,87131,1,same_skill,61.0
87119,87121,1,same_skill,61.0
87119,87127,1,same_skill,61.0
87120,87123,1,same_skill,61.0
87121,87126,1,same_skill,61.0
87122,87123,14,sequence,
87122,87124,1,same_skill,61.0
87122,87125,1,same_skill,61.0
87122,87129,1,same_skill,61.0
87122,87130,1,same_skill,61.0
87122,87133,1,same_skill,61.0
87124,87125,1,same_skill,61.0
87124,87130,1,same_skill,61.0
87124,87133,1,same_skill,61.0
87125,87130,1,same_skill,61.0
87125,87133,1,same_skill,61.0
87127,87131,1,same_skill,61.0
87129,87130,1,same_skill,61.0
87168,87246,164,same_skill+sequence,81.0
87263,87264,58,sequence,
87263,90562,41,sequence,
87263,90966,46,sequence,
87263,97639,44,sequence,
87264,90967,22,sequence,
87295,87297,1,same_skill,79.0
87297,88544,16,sequence,
87297,93937,10,sequence,
87422,87423,161,same_skill+sequence,83.0
87422,87428,1,same_skill,83.0
87422,97772,73,sequence,
87422,98874,1,same_skill,83.0
87423,87424,14,sequence,
87423,87428,106,same_skill+sequence,83.0
87423,98874,1,same_skill,83.0
87424,87456,1,same_skill,83.0
87424,87460,1,same_skill,83.0
87424,87513,1,same_skill,83.0
87424,87538,1,same_skill,83.0
87424,87561,1,same_skill,83.0
87424,87567,1,same_skill,83.0
87424,87588,1,same_skill,83.0
87424,87594,1,same_skill,83.0
87425,87433,1,same_skill,83.0
87425,87467,1,same_skill,83.0
87425,87512,1,same_skill,83.0
87425,87521,1,same_skill,83.0
87425,87539,1,same_skill,83.0
87425,87591,1,same_skill,83.0
87425,87592,1,same_skill,83.0
87425,87601,1,same_skill,83.0
87426,87429,1,same_skill,83.0
87426,87449,1,same_skill,83.0
87426,87465,1,same_skill,83.0
87426,87471,1,same_skill,83.0
87426,87517,1,same_skill,83.0
87426,87550,1,same_skill,83.0
87426,87565,1,same_skill,83.0
87426,87596,1,same_skill,83.0
87427,87448,1,same_skill,83.0
87427,87466,1,same_skill,83.0
87427,87515,1,same_skill,83.0
87427,87571,1,same_skill,83.0
87427,87583,1,same_skill,83.0
87427,87584,1,same_skill,83.0
87427,87587,1,same_skill,83.0
87427,87599,1,same_skill,83.0
87428,87430,37,sequence,
87428,87562,10,sequence,
87428,87986,12,sequence,
87428,98874,1,same_skill,83.0
87429,87449,1,same_skill,83.0
87429,87458,1,same_skill,83.0
87429,87471,1,same_skill,83.0
87429,87550,1,same_skill,83.0
87429,87565,1,same_skill,83.0
87429,87590,1,same_skill,83.0
87429,87597,1,same_skill,83.0
87430,87436,33,same_skill+sequence,83.0
87430,87443,1,same_skill,83.0
87430,87455,1,same_skill,83.0
87430,87462,1,same_skill,83.0
87430,87520,1,same_skill,83.0
87431,87447,1,same_skill,83.0
87431,87450,1,same_skill,83.0
87431,87452,1,same_skill,83.0
87431,87463,1,same_skill,83.0
87431,87548,1,same_skill,83.0
87431,87562,1,same_skill,83.0
87431,87569,1,same_skill,83.0
87431,87586,1,same_skill,83.0
87432,87460,1,same_skill,83.0
87432,87519,1,same_skill,83.0
87432,87538,1,same_skill,83.0
87432,87561,1,same_skill,83.0
87432,87566,1,same_skill,83.0
87432,87583,1,same_skill,83.0
87432,87587,1,same_skill,83.0
87432,87595,1,same_skill,83.0
87433,87467,1,same_skill,83.0
87433,87548,1,same_skill,83.0
87433,87552,1,same_skill,83.0
87433,87569,1,same_skill,83.0
87433,87591,1,same_skill,83.0
87433,87592,1,same_skill,83.0
87433,87601,1,same_skill,83.0
87434,87439,1,same_skill,83.0
87434,87448,1,same_skill,83.0
87434,87468,1,same_skill,83.0
87434,87557,1,same_skill,83.0
87434,87570,1,same_skill,83.0
87434,87571,1,same_skill,83.0
87434,87584,1,same_skill,83.0
87434,87599,1,same_skill,83.0
87435,87437,1,same_skill,83.0
87435,87534,1,same_skill,83.0
87435,87582,1,same_skill,83.0
87435,87585,1,same_skill,83.0
87435,87590,1,same_skill,83.0
87435,87597,1,same_skill,83.0
87435,87598,1,same_skill,83.0
87436,87441,1,same_skill,83.0
87436,87443,1,same_skill,83.0
87436,87446,31,sequence,
87436,87462,1,same_skill,83.0
87436,87520,1,same_skill,83.0
87437,87458,1,same_skill,83.0
87437,87471,1,same_skill,83.0
87437,87585,1,same_skill,83.0
87437,87590,1,same_skill,83.0
87437,87597,1,same_skill,83.0
87437,87598,1,same_skill,83.0
87438,87439,1,same_skill,83.0
87438,87445,1,same_skill,83.0
87438,87514,11,sequence,
87438,87532,1,same_skill,83.0
87438,87535,1,same_skill,83.0
87438,87563,1,same_skill,83.0
87438,87570,1,same_skill,83.0
87438,87593,1,same_skill,83.0
87438,87600,1,same_skill,83.0
87439,87468,1,same_skill,83.0
87439,87535,1,same_skill,83.0
87439,87557,1,same_skill,83.0
87439,87563,1,same_skill,83.0
87439,87570,1,same_skill,83.0
87439,87600,1,same_skill,83.0
87440,87441,1,same_skill,83.0
87440,87443,1,same_skill,83.0
87440,87456,1,same_skill,83.0
87440,87462,1,same_skill,83.0
87440,87513,1,same_skill,83.0
87440,87520,1,same_skill,83.0
87440,87567,1,same_skill,83.0
87440,87594,1,same_skill,83.0
87441,87443,1,same_skill,83.0
87441,87456,1,same_skill,83.0
87441,87462,1,same_skill,83.0
87441,87513,1,same_skill,83.0
87441,87520,1,same_skill,83.0
87441,87567,1,same_skill,83.0
87443,87456,1,same_skill,83.0
87443,87462,1,same_skill,83.0
87443,87513,1,same_skill,83.0
87443,87520,1,same_skill,83.0
87443,87570,11,sequence,
87444,87451,1,same_skill,83.0
87444,87461,1,same_skill,83.0
87444,87514,1,same_skill,83.0
87444,87536,1,same_skill,83.0
87444,87537,1,same_skill,83.0
87444,87541,1,same_skill,83.0
87444,87544,1,same_skill,83.0
87444,87568,1,same_skill,83.0
87445,87446,1,same_skill,83.0
87445,87518,1,same_skill,83.0
87445,87532,1,same_skill,83.0
87445,87535,1,same_skill,83.0
87445,87540,1,same_skill,83.0
87445,87563,1,same_skill,83.0
87445,87593,1,same_skill,83.0
87446,87516,1,same_skill,83.0
87446,87518,1,same_skill,83.0
87446,87520,34,sequence,
87446,87532,1,same_skill,83.0
87446,87540,1,same_skill,83.0
87446,87563,1,same_skill,83.0
87446,87589,1,same_skill,83.0
87446,87593,1,same_skill,83.0
87447,87450,1,same_skill,83.0
87447,87452,1,same_skill,83.0
87447,87463,1,same_skill,83.0
87447,87465,1,same_skill,83.0
87447,87564,1,same_skill,83.0
87447,87586,1,same_skill,83.0
87447,87596,1,same_skill,83.0
87448,87466,1,same_skill,83.0
87448,87515,1,same_skill,83.0
87448,87571,1,same_skill,83.0
87448,87583,1,same_skill,83.0
87448,87584,1,same_skill,83.0
87448,87599,1,same_skill,83.0
87449,87458,1,same_skill,83.0
87449,87471,1,same_skill,83.0
87449,87517,1,same_skill,83.0
87449,87550,1,same_skill,83.0
87449,87565,1,same_skill,83.0
87449,87596,1,same_skill,83.0
87450,87452,1,same_skill,83.0
87450,87463,1,same_skill,83.0
87450,87465,1,same_skill,83.0
87450,87517,1,same_skill,83.0
87450,87564,1,same_skill,83.0
87450,87596,1,same_skill,83.0
87451,87461,1,same_skill,83.0
87451,87469,1,same_skill,83.0
87451,87470,1,same_skill,83.0
87451,87536,1,same_skill,83.0
87451,87537,1,same_skill,83.0
87451,87544,1,same_skill,83.0
87451,87568,1,same_skill,83.0
87452,87463,1,same_skill,83.0
87452,87562,1,same_skill,83.0
87452,87564,1,same_skill,83.0
87452,87569,1,same_skill,83.0
87452,87586,1,same_skill,83.0
87453,87461,1,same_skill,83.0
87453,87464,1,same_skill,83.0
87453,87469,1,same_skill,83.0
87453,87470,1,same_skill,83.0
87453,87537,1,same_skill,83.0
87455,87533,10,sequence,
87455,97928,58,sequence,
87455,98874,1,same_skill,83.0
87456,87513,1,same_skill,83.0
87456,87533,10,sequence,
87456,87567,1,same_skill,83.0
87456,87588,1,same_skill,83.0
87456,87594,1,same_skill,83.0
87458,87471,1,same_skill,83.0
87458,87565,1,same_skill,83.0
87458,87585,1,same_skill,83.0
87458,87590,1,same_skill,83.0
87458,87597,1,same_skill,83.0
87460,87538,1,same_skill,83.0
87460,87561,1,same_skill,83.0
87460,87566,1,same_skill,83.0
87460,87567,1,same_skill,83.0
87460,87588,1,same_skill,83.0
87460,87594,1,same_skill,83.0
87461,87464,1,same_skill,83.0
87461,87469,1,same_skill,83.0
87461,87470,1,same_skill,83.0
87461,87537,1,same_skill,83.0
87461,87568,1,same_skill,83.0
87462,87513,1,same_skill,83.0
87462,87520,1,same_skill,83.0
87463,87465,1,same_skill,83.0
87463,87562,1,same_skill,83.0
87463,87564,1,same_skill,83.0
87463,87586,1,same_skill,83.0
87464,87469,1,same_skill,83.0
87464,87470,1,same_skill,83.0
87465,87517,1,same_skill,83.0
87465,87550,1,same_skill,83.0
87465,87564,1,same_skill,83.0
87465,87596,1,same_skill,83.0
87466,87515,1,same_skill,83.0
87466,87519,1,same_skill,83.0
87466,87583,1,same_skill,83.0
87466,87587,1,same_skill,83.0
87466,87595,1,same_skill,83.0
87466,87599,1,same_skill,83.0
87467,87512,1,same_skill,83.0
87467,87521,1,same_skill,83.0
87467,87533,1,same_skill,83.0
87467,87539,1,same_skill,83.0
87467,87591,1,same_skill,83.0
87467,87592,1,same_skill,83.0
87468,87535,1,same_skill,83.0
87468,87557,1,same_skill,83.0
87468,87570,1,same_skill,83.0
87468,87571,1,same_skill,83.0
87468,87584,1,same_skill,83.0
87468,87600,1,same_skill,83.0
87469,87470,1,same_skill,83.0
87469,87537,1,same_skill,83.0
87470,87537,1,same_skill,83.0
87470,87568,1,same_skill,83.0
87471,87565,1,same_skill,83.0
87471,87590,1,same_skill,83.0
87471,87597,1,same_skill,83.0
87472,87473,19,sequence,
87472,87479,13,sequence,
87472,87480,16,sequence,
87472,87485,11,sequence,
87472,87486,10,sequence,
87472,87488,12,sequence,
87472,87489,1,same_skill,311.0
87472,87491,1,same_skill,311.0
87472,87494,1,same_skill,311.0
87472,87525,14,sequence,
87472,87556,12,sequence,
87472,87693,49,sequence,
87472,87713,1,same_skill,311.0
87472,87716,1,same_skill,311.0
87472,87721,1,same_skill,311.0
87472,87722,1,same_skill,311.0
87472,87733,1,same_skill,311.0
87472,87920,12,sequence,
87473,87474,15,sequence,
87473,87481,10,sequence,
87473,87483,13,sequence,
87473,87492,1,same_skill,311.0
87473,87495,1,same_skill,311.0
87473,87496,10,sequence,
87473,87545,81,sequence,
87473,88288,1,same_skill,311.0
87473,88292,29,same_skill+sequence,311.0
87473,88498,18,sequence,
87473,89731,58,sequence,
87473,94843,133,sequence,
87473,97547,23,sequence,
87474,87693,12,sequence,
87474,87906,1,same_skill,311.0
87474,87911,1,same_skill,311.0
87474,88293,14,sequence,
87474,88305,1,same_skill,311.0
87474,88315,1,same_skill,311.0
87474,88319,1,same_skill,311.0
87474,88321,1,same_skill,311.0
87474,88329,1,same_skill,311.0
87474,88339,1,same_skill,311.0
87474,89667,15,sequence,
87475,87478,1,same_skill,311.0
87475,87479,10,sequence,
87475,87523,14,sequence,
87475,87530,11,sequence,
87475,87821,1,same_skill,311.0
87475,88309,1,same_skill,311.0
87475,88328,1,same_skill,311.0
87475,88336,1,same_skill,311.0
87475,88346,1,same_skill,311.0
87475,88355,1,same_skill,311.0
87475,88365,1,same_skill,311.0
87476,87478,1,same_skill,311.0
87476,87479,10,sequence,
87476,87497,12,sequence,
87476,87498,10,sequence,
87476,87501,1,same_skill,311.0
87476,87701,1,same_skill,311.0
87476,87817,1,same_skill,311.0
87476,87833,1,same_skill,311.0
87476,87905,1,same_skill,311.0
87476,88347,1,same_skill,311.0
87476,88359,1,same_skill,311.0
87477,87479,1,same_skill,311.0
87477,87480,11,sequence,
87477,87485,14,sequence,
87477,87493,15,sequence,
87477,87495,14,sequence,
87477,87525,10,sequence,
87477,87543,11,sequence,
87477,87573,1,same_skill,311.0
87477,87696,1,same_skill,311.0
87477,87770,1,same_skill,311.0
87477,87814,1,same_skill,311.0
87477,88295,1,same_skill,311.0
87477,88300,1,same_skill,311.0
87477,88337,1,same_skill,311.0
87478,87483,11,sequence,
87478,87487,11,sequence,
87478,87701,1,same_skill,311.0
87478,87833,1,same_skill,311.0
87478,88309,1,same_skill,311.0
87478,88328,1,same_skill,311.0
87478,88346,1,same_skill,311.0
87478,88347,1,same_skill,311.0
87479,87491,11,sequence,
87479,87492,12,sequence,
87479,87525,10,sequence,
87479,87573,1,same_skill,311.0
87479,87696,1,same_skill,311.0
87479,87814,1,same_skill,311.0
87479,88295,1,same_skill,311.0
87479,88300,1,same_skill,311.0
87479,88337,1,same_skill,311.0
87480,87482,17,sequence,
87480,87484,11,sequence,
87480,87485,14,same_skill+sequence,311.0
87480,87486,19,same_skill+sequence,311.0
87480,87487,13,sequence,
87480,87488,15,sequence,
87480,87489,13,sequence,
87480,87490,11,sequence,
87480,87491,12,sequence,
87480,87492,12,same_skill+sequence,311.0
87480,87493,12,same_skill+sequence,311.0
87480,87494,18,sequence,
87480,87495,12,sequence,
87480,87496,17,sequence,
87480,87525,15,sequence,
87480,87693,1,same_skill,311.0
87480,87694,1,same_skill,311.0
87480,87700,1,same_skill,311.0
87480,87904,10,sequence,
87480,87905,15,sequence,
87480,87911,17,sequence,
87480,87912,11,sequence,
87480,87913,14,sequence,
87480,88135,10,sequence,
87480,88180,11,sequence,
87480,88186,12,sequence,
87480,88192,10,sequence,
87480,88290,1,same_skill,311.0
87481,87482,15,sequence,
87481,87483,1,same_skill,311.0
87481,87484,13,sequence,
87481,87485,14,sequence,
87481,87487,16,sequence,
87481,87488,10,sequence,
87481,87489,1,same_skill,311.0
87481,87490,14,same_skill+sequence,311.0
87481,87491,16,same_skill+sequence,311.0
87481,87492,16,sequence,
87481,87493,11,sequence,
87481,87494,13,sequence,
87481,87495,12,sequence,
87481,87496,18,sequence,
87481,87525,1,same_skill,311.0
87481,87573,12,sequence,
87481,87722,1,same_skill,311.0
87481,87733,1,same_skill,311.0
87481,87905,12,sequence,
87481,87906,16,sequence,
87481,87909,15,sequence,
87481,87912,10,sequence,
87481,88179,18,sequence,
87481,88183,13,sequence,
87481,88187,12,sequence,
87481,88192,11,sequence,
87481,88299,1,same_skill,311.0
87481,93046,10,sequence,
87482,87483,16,same_skill+sequence,311.0
87482,87484,12,sequence,
87482,87485,11,same_skill+sequence,311.0
87482,87486,12,same_skill+sequence,311.0
87482,87487,13,sequence,
87482,87488,10,sequence,
87482,87489,20,sequence,
87482,87490,13,same_skill+sequence,311.0
87482,87491,13,sequence,
87482,87492,14,sequence,
87482,87493,19,same_skill+sequence,311.0
87482,87496,10,sequence,
87482,87500,10,sequence,
87482,87525,1,same_skill,311.0
87482,87903,16,sequence,
87482,87904,13,sequence,
87482,87906,10,sequence,
87482,87907,20,sequence,
87482,87908,14,sequence,
87482,87909,16,sequence,
87482,87910,11,sequence,
87482,87914,10,sequence,
87482,88135,12,sequence,
87482,88179,11,sequence,
87482,88182,12,sequence,
87482,88192,1,same_skill,311.0
87482,88299,1,same_skill,311.0
87483,87484,14,sequence,
87483,87485,26,sequence,
87483,87486,18,sequence,
87483,87487,13,sequence,
87483,87488,10,sequence,
87483,87490,14,same_skill+sequence,311.0
87483,87491,11,same_skill+sequence,311.0
87483,87492,20,sequence,
87483,87493,17,sequence,
87483,87495,14,sequence,
87483,87496,18,sequence,
87483,87499,13,sequence,
87483,87502,10,sequence,
87483,87505,10,sequence,
87483,87525,1,same_skill,311.0
87483,87722,1,same_skill,311.0
87483,87905,10,sequence,
87483,87912,10,sequence,
87483,88181,12,sequence,
87483,88184,11,sequence,
87483,88186,10,sequence,
87483,88192,1,same_skill,311.0
87483,88299,1,same_skill,311.0
87484,87485,13,sequence,
87484,87486,12,sequence,
87484,87487,14,sequence,
87484,87488,11,same_skill+sequence,311.0
87484,87490,19,sequence,
87484,87491,16,sequence,
87484,87493,13,sequence,
87484,87494,17,sequence,
87484,87496,16,sequence,
87484,87500,1,same_skill,311.0
87484,87698,1,same_skill,311.0
87484,87903,10,sequence,
87484,87904,1,same_skill,311.0
87484,87907,13,same_skill+sequence,311.0
87484,87914,10,sequence,
87484,88179,10,sequence,
87484,88182,11,sequence,
87484,88289,1,same_skill,311.0
87484,88294,1,same_skill,311.0
87484,97639,1,same_skill,311.0
87485,87486,18,same_skill+sequence,311.0
87485,87489,10,sequence,
87485,87490,11,sequence,
87485,87491,11,sequence,
87485,87492,13,sequence,
87485,87493,14,same_skill+sequence,311.0
87485,87494,12,sequence,
87485,87495,26,sequence,
87485,87525,1,same_skill,311.0
87485,87573,10,sequence,
87485,87700,1,same_skill,311.0
87485,87903,10,sequence,
87485,87905,10,sequence,
87485,87910,11,sequence,
87485,87911,15,sequence,
87485,87912,14,sequence,
87485,87913,10,sequence,
87485,87914,13,sequence,
87485,88135,11,sequence,
87485,88186,14,sequence,
87485,88192,13,same_skill+sequence,311.0
87485,88290,1,same_skill,311.0
87486,87487,10,sequence,
87486,87488,24,sequence,
87486,87489,12,sequence,
87486,87490,14,sequence,
87486,87491,14,sequence,
87486,87492,16,sequence,
87486,87493,1,same_skill,311.0
87486,87494,11,sequence,
87486,87495,26,sequence,
87486,87525,10,sequence,
87486,87693,1,same_skill,311.0
87486,87700,1,same_skill,311.0
87486,87909,10,sequence,
87486,87911,10,sequence,
87486,87913,10,sequence,
87486,88135,13,sequence,
87486,88180,10,sequence,
87486,88184,12,sequence,
87486,88187,11,sequence,
87486,88192,1,same_skill,311.0
87486,88290,1,same_skill,311.0
87487,87488,17,same_skill+sequence,311.0
87487,87489,15,sequence,
87487,87490,15,sequence,
87487,87492,11,sequence,
87487,87493,15,sequence,
87487,87494,13,sequence,
87487,87495,17,sequence,
87487,87496,17,same_skill+sequence,311.0
87487,87698,1,same_skill,311.0
87487,87715,1,same_skill,311.0
87487,87716,1,same_skill,311.0
87487,87904,12,sequence,
87487,87907,1,same_skill,311.0
87487,87909,10,sequence,
87487,87910,10,sequence,
87487,87914,13,sequence,
87487,88135,11,sequence,
87487,88185,10,sequence,
87487,88186,12,sequence,
87487,88192,13,sequence,
87487,88293,1,same_skill,311.0
87487,88294,1,same_skill,311.0
87488,87489,12,sequence,
87488,87490,14,sequence,
87488,87491,13,sequence,
87488,87492,10,sequence,
87488,87493,14,sequence,
87488,87495,19,sequence,
87488,87496,19,same_skill+sequence,311.0
87488,87525,10,sequence,
87488,87698,1,same_skill,311.0
87488,87715,1,same_skill,311.0
87488,87904,10,sequence,
87488,87907,1,same_skill,311.0
87488,87913,11,sequence,
87488,88187,10,sequence,
87488,88192,12,sequence,
87488,88293,1,same_skill,311.0
87488,88294,1,same_skill,311.0
87489,87490,19,sequence,
87489,87491,16,same_skill+sequence,311.0
87489,87492,11,sequence,
87489,87493,11,sequence,
87489,87494,1,same_skill,311.0
87489,87495,14,sequence,
87489,87496,15,sequence,
87489,87713,1,same_skill,311.0
87489,87721,1,same_skill,311.0
87489,87722,1,same_skill,311.0
87489,87733,1,same_skill,311.0
87489,87907,12,sequence,
87489,87908,11,sequence,
87489,88179,11,sequence,
87489,88186,13,sequence,
87489,88187,11,sequence,
87490,87491,11,same_skill+sequence,311.0
87490,87492,12,sequence,
87490,87494,11,sequence,
87490,87501,10,sequence,
87490,87525,1,same_skill,311.0
87490,87722,1,same_skill,311.0
87490,87733,1,same_skill,311.0
87490,87903,14,sequence,
87490,87911,10,sequence,
87490,87913,11,sequence,
87490,87914,12,sequence,
87490,88182,12,sequence,
87490,88183,11,sequence,
87490,88185,10,sequence,
87490,88186,10,sequence,
87490,88299,1,same_skill,311.0
87491,87492,15,sequence,
87491,87493,10,sequence,
87491,87494,1,same_skill,311.0
87491,87495,13,sequence,
87491,87496,21,sequence,
87491,87523,10,sequence,
87491,87722,1,same_skill,311.0
87491,87733,1,same_skill,311.0
87491,87905,11,sequence,
87491,87914,12,sequence,
87491,88135,12,sequence,
87491,88179,11,sequence,
87491,88182,10,sequence,
87491,88192,10,sequence,
87492,87493,24,sequence,
87492,87495,19,same_skill+sequence,311.0
87492,87496,15,sequence,
87492,87506,12,sequence,
87492,87525,12,sequence,
87492,87693,1,same_skill,311.0
87492,87694,1,same_skill,311.0
87492,87904,11,sequence,
87492,87906,10,sequence,
87492,87907,18,sequence,
87492,87909,17,sequence,
87492,87910,11,sequence,
87492,87913,11,sequence,
87492,88179,16,sequence,
87492,88181,11,sequence,
87492,88186,11,sequence,
87492,88192,16,sequence,
87492,88288,11,same_skill+sequence,311.0
87492,88290,1,same_skill,311.0
87492,88292,1,same_skill,311.0
87493,87494,11,sequence,
87493,87495,10,sequence,
87493,87525,1,same_skill,311.0
87493,87527,10,sequence,
87493,87700,1,same_skill,311.0
87493,87903,17,sequence,
87493,87906,15,sequence,
87493,87907,19,sequence,
87493,87909,13,sequence,
87493,87914,10,sequence,
87493,88179,11,sequence,
87493,88181,12,sequence,
87493,88183,10,sequence,
87493,88185,15,sequence,
87493,88187,10,sequence,
87493,88192,15,same_skill+sequence,311.0
87493,88299,1,same_skill,311.0
87494,87495,18,sequence,
87494,87496,16,sequence,
87494,87713,1,same_skill,311.0
87494,87715,1,same_skill,311.0
87494,87716,1,same_skill,311.0
87494,87721,1,same_skill,311.0
87494,87733,1,same_skill,311.0
87494,87904,13,sequence,
87494,87907,10,sequence,
87494,87911,10,sequence,
87494,87912,13,sequence,
87494,88179,13,sequence,
87495,87496,12,sequence,
87495,87525,90,sequence,
87495,87693,1,same_skill,311.0
87495,87694,1,same_skill,311.0
87495,87721,87,sequence,
87495,87904,13,sequence,
87495,87907,15,sequence,
87495,87908,11,sequence,
87495,87912,12,sequence,
87495,88180,12,sequence,
87495,88182,13,sequence,
87495,88187,11,sequence,
87495,88288,1,same_skill,311.0
87495,88292,1,same_skill,311.0
87496,87575,10,sequence,
87496,87698,1,same_skill,311.0
87496,87715,1,same_skill,311.0
87496,87716,1,same_skill,311.0
87496,87721,1,same_skill,311.0
87496,87903,11,sequence,
87496,87910,11,sequence,
87496,88180,10,sequence,
87496,88181,11,sequence,
87496,88293,1,same_skill,311.0
87496,88294,1,same_skill,311.0
87497,87499,1,same_skill,311.0
87497,87506,1,same_skill,311.0
87497,87780,1,same_skill,311.0
87497,88344,1,same_skill,311.0
87497,88352,1,same_skill,311.0
87497,88364,1,same_skill,311.0
87497,88384,1,same_skill,311.0
87497,88395,1,same_skill,311.0
87498,87697,1,same_skill,311.0
87498,87771,1,same_skill,311.0
87498,87914,1,same_skill,311.0
87498,88297,1,same_skill,311.0
87498,88314,1,same_skill,311.0
87498,88323,1,same_skill,311.0
87498,88326,1,same_skill,311.0
87498,88353,1,same_skill,311.0
87499,87500,11,sequence,
87499,87780,1,same_skill,311.0
87499,88310,1,same_skill,311.0
87499,88327,1,same_skill,311.0
87499,88331,1,same_skill,311.0
87499,88342,1,same_skill,311.0
87499,88352,1,same_skill,311.0
87499,88364,1,same_skill,311.0
87500,87549,22,sequence,
87500,87695,1,same_skill,311.0
87500,87770,22,sequence,
87500,87884,27,sequence,
87500,87904,1,same_skill,311.0
87500,87907,1,same_skill,311.0
87500,88031,20,sequence,
87500,88097,22,sequence,
87500,88289,1,same_skill,311.0
87500,88295,1,same_skill,311.0
87500,90975,16,sequence,
87500,97639,1,same_skill,311.0
87501,87611,10,sequence,
87501,87701,1,same_skill,311.0
87501,87817,1,same_skill,311.0
87501,87833,1,same_skill,311.0
87501,87891,1,same_skill,311.0
87501,87905,1,same_skill,311.0
87501,88347,1,same_skill,311.0
87501,88359,1,same_skill,311.0
87502,87903,1,same_skill,311.0
87502,88307,1,same_skill,311.0
87502,88310,1,same_skill,311.0
87502,88316,1,same_skill,311.0
87502,88327,1,same_skill,311.0
87502,88331,1,same_skill,311.0
87502,88342,1,same_skill,311.0
87502,88385,1,same_skill,311.0
87503,87543,1,same_skill,311.0
87503,87602,1,same_skill,311.0
87503,87718,1,same_skill,311.0
87504,87511,1,same_skill,311.0
87504,87553,1,same_skill,311.0
87504,87555,1,same_skill,311.0
87504,87581,1,same_skill,311.0
87504,87603,1,same_skill,311.0
87504,87620,1,same_skill,311.0
87504,87622,1,same_skill,311.0
87504,87623,1,same_skill,311.0
87505,87510,11,same_skill+sequence,311.0
87505,87610,1,same_skill,311.0
87505,87619,1,same_skill,311.0
87505,87629,1,same_skill,311.0
87505,87630,1,same_skill,311.0
87505,87739,1,same_skill,311.0
87505,87812,1,same_skill,311.0
87505,87864,1,same_skill,311.0
87506,87900,1,same_skill,311.0
87506,87909,1,same_skill,311.0
87506,88179,1,same_skill,311.0
87506,88301,1,same_skill,311.0
87506,88344,1,same_skill,311.0
87506,88384,1,same_skill,311.0
87506,88395,1,same_skill,311.0
87507,87576,1,same_skill,311.0
87507,87916,1,same_skill,311.0
87507,88092,1,same_skill,311.0
87507,94585,1,same_skill,311.0
87508,87542,1,same_skill,311.0
87508,87602,1,same_skill,311.0
87508,88031,1,same_skill,311.0
87509,87547,1,same_skill,311.0
87509,87553,10,sequence,
87509,87575,1,same_skill,311.0
87509,87609,1,same_skill,311.0
87509,87616,1,same_skill,311.0
87509,87738,1,same_skill,311.0
87509,87742,1,same_skill,311.0
87509,87913,1,same_skill,311.0
87509,87928,1,same_skill,311.0
87510,87530,1,same_skill,311.0
87510,87610,1,same_skill,311.0
87510,87629,1,same_skill,311.0
87510,87630,1,same_skill,311.0
87510,87739,1,same_skill,311.0
87510,87812,1,same_skill,311.0
87510,87864,1,same_skill,311.0
87511,87553,1,same_skill,311.0
87511,87555,1,same_skill,311.0
87511,87581,1,same_skill,311.0
87511,87620,1,same_skill,311.0
87511,87622,1,same_skill,311.0
87511,87623,1,same_skill,311.0
87512,87516,1,same_skill,83.0
87512,87521,1,same_skill,83.0
87512,87533,1,same_skill,83.0
87512,87539,1,same_skill,83.0
87512,87540,1,same_skill,83.0
87512,87589,1,same_skill,83.0
87513,87567,1,same_skill,83.0
87513,87594,1,same_skill,83.0
87514,87534,1,same_skill,83.0
87514,87536,1,same_skill,83.0
87514,87541,1,same_skill,83.0
87514,87544,1,same_skill,83.0
87514,87554,1,same_skill,83.0
87514,87560,1,same_skill,83.0
87514,87568,1,same_skill,83.0
87515,87571,1,same_skill,83.0
87515,87583,1,same_skill,83.0
87515,87587,1,same_skill,83.0
87515,87595,1,same_skill,83.0
87515,87599,1,same_skill,83.0
87516,87518,1,same_skill,83.0
87516,87532,1,same_skill,83.0
87516,87533,1,same_skill,83.0
87516,87539,1,same_skill,83.0
87516,87540,1,same_skill,83.0
87516,87589,1,same_skill,83.0
87517,87550,1,same_skill,83.0
87517,87564,1,same_skill,83.0
87517,87565,1,same_skill,83.0
87517,87596,1,same_skill,83.0
87518,87532,1,same_skill,83.0
87518,87533,1,same_skill,83.0
87518,87540,1,same_skill,83.0
87518,87589,1,same_skill,83.0
87518,87593,1,same_skill,83.0
87519,87538,1,same_skill,83.0
87519,87561,1,same_skill,83.0
87519,87566,1,same_skill,83.0
87519,87583,1,same_skill,83.0
87519,87587,1,same_skill,83.0
87519,87595,1,same_skill,83.0
87521,87533,1,same_skill,83.0
87521,87539,1,same_skill,83.0
87521,87589,1,same_skill,83.0
87521,87591,1,same_skill,83.0
87521,87592,1,same_skill,83.0
87522,87524,1,same_skill,311.0
87522,87628,1,same_skill,311.0
87522,87699,1,same_skill,311.0
87522,87717,1,same_skill,311.0
87522,87865,1,same_skill,311.0
87522,87929,1,same_skill,311.0
87522,88185,1,same_skill,311.0
87522,88350,1,same_skill,311.0
87523,87612,1,same_skill,311.0
87523,87720,1,same_skill,311.0
87523,87769,1,same_skill,311.0
87523,87808,1,same_skill,311.0
87523,87834,1,same_skill,311.0
87523,87871,1,same_skill,311.0
87523,88135,1,same_skill,311.0
87523,88183,1,same_skill,311.0
87524,87628,1,same_skill,311.0
87524,87699,1,same_skill,311.0
87524,87717,1,same_skill,311.0
87524,87891,1,same_skill,311.0
87524,87929,1,same_skill,311.0
87524,88185,1,same_skill,311.0
87524,88350,1,same_skill,311.0
87525,87693,86,sequence,
87525,88192,1,same_skill,311.0
87525,88299,1,same_skill,311.0
87526,87528,1,same_skill,311.0
87526,87572,1,same_skill,311.0
87526,87618,1,same_skill,311.0
87526,87936,1,same_skill,311.0
87526,94589,1,same_skill,311.0
87527,87604,1,same_skill,311.0
87527,87927,1,same_skill,311.0
87527,88041,1,same_skill,311.0
87527,88091,1,same_skill,311.0
87527,88097,1,same_skill,311.0
87527,88188,1,same_skill,311.0
87528,87542,1,same_skill,311.0
87528,87618,1,same_skill,311.0
87528,87923,1,same_skill,311.0
87529,87531,1,same_skill,311.0
87529,87607,1,same_skill,311.0
87529,87619,1,same_skill,311.0
87529,87626,1,same_skill,311.0
87529,87630,1,same_skill,311.0
87529,87768,1,same_skill,311.0
87529,88370,1,same_skill,311.0
87529,88371,1,same_skill,311.0
87530,87558,1,same_skill,311.0
87530,87610,1,same_skill,311.0
87530,87629,1,same_skill,311.0
87530,87739,1,same_skill,311.0
87530,87822,1,same_skill,311.0
87530,87840,1,same_skill,311.0
87530,87872,1,same_skill,311.0
87531,87607,1,same_skill,311.0
87531,87626,1,same_skill,311.0
87531,87768,1,same_skill,311.0
87531,87867,1,same_skill,311.0
87531,87892,1,same_skill,311.0
87531,88370,1,same_skill,311.0
87531,88371,1,same_skill,311.0
87532,87540,1,same_skill,83.0
87532,87563,1,same_skill,83.0
87532,87593,1,same_skill,83.0
87533,87539,1,same_skill,83.0
87533,87540,1,same_skill,83.0
87533,87589,1,same_skill,83.0
87534,87541,1,same_skill,83.0
87534,87554,1,same_skill,83.0
87534,87560,1,same_skill,83.0
87534,87582,1,same_skill,83.0
87534,87598,1,same_skill,83.0
87535,87563,1,same_skill,83.0
87535,87570,1,same_skill,83.0
87535,87593,1,same_skill,83.0
87535,87600,1,same_skill,83.0
87536,87537,1,same_skill,83.0
87536,87541,1,same_skill,83.0
87536,87544,1,same_skill,83.0
87536,87554,1,same_skill,83.0
87536,87568,1,same_skill,83.0
87537,87568,1,same_skill,83.0
87538,87561,1,same_skill,83.0
87538,87566,1,same_skill,83.0
87538,87588,1,same_skill,83.0
87538,87595,1,same_skill,83.0
87539,87589,1,same_skill,83.0
87539,87591,1,same_skill,83.0
87540,87589,1,same_skill,83.0
87541,87544,1,same_skill,83.0
87541,87554,1,same_skill,83.0
87541,87560,1,same_skill,83.0
87541,87582,1,same_skill,83.0
87542,87923,1,same_skill,311.0
87542,88031,1,same_skill,311.0
87543,87611,1,same_skill,311.0
87543,87631,1,same_skill,311.0
87544,87554,1,same_skill,83.0
87544,87560,1,same_skill,83.0
87544,87568,1,same_skill,83.0
87545,87549,1,same_skill,311.0
87545,87693,70,sequence,
87545,87770,1,same_skill,311.0
87545,87884,1,same_skill,311.0
87545,87906,1,same_skill,311.0
87545,87911,1,same_skill,311.0
87545,88319,1,same_skill,311.0
87545,88321,1,same_skill,311.0
87545,88337,1,same_skill,311.0
87547,87575,1,same_skill,311.0
87547,87609,1,same_skill,311.0
87547,87616,1,same_skill,311.0
87547,87738,1,same_skill,311.0
87547,87742,1,same_skill,311.0
87547,87791,1,same_skill,311.0
87547,87913,1,same_skill,311.0
87548,87552,1,same_skill,83.0
87548,87562,1,same_skill,83.0
87548,87569,1,same_skill,83.0
87548,87586,1,same_skill,83.0
87548,87592,1,same_skill,83.0
87548,87601,1,same_skill,83.0
87549,87573,1,same_skill,311.0
87549,87770,20,same_skill+sequence,311.0
87549,87884,24,same_skill+sequence,311.0
87549,87911,1,same_skill,311.0
87549,88031,24,sequence,
87549,88097,22,sequence,
87549,88319,1,same_skill,311.0
87549,88321,1,same_skill,311.0
87549,88337,1,same_skill,311.0
87549,90975,23,sequence,
87550,87564,1,same_skill,83.0
87550,87565,1,same_skill,83.0
87550,87596,1,same_skill,83.0
87551,87606,1,same_skill,311.0
87551,87621,1,same_skill,311.0
87551,87625,1,same_skill,311.0
87551,87763,1,same_skill,311.0
87551,87803,1,same_skill,311.0
87551,88096,1,same_skill,311.0
87552,87562,1,same_skill,83.0
87552,87569,1,same_skill,83.0
87552,87586,1,same_skill,83.0
87552,87591,1,same_skill,83.0
87552,87592,1,same_skill,83.0
87552,87601,1,same_skill,83.0
87553,87555,1,same_skill,311.0
87553,87579,1,same_skill,311.0
87553,87581,1,same_skill,311.0
87553,87603,1,same_skill,311.0
87553,87623,1,same_skill,311.0
87553,87868,1,same_skill,311.0
87554,87560,1,same_skill,83.0
87554,87582,1,same_skill,83.0
87555,87578,1,same_skill,311.0
87555,87579,1,same_skill,311.0
87555,87603,1,same_skill,311.0
87555,87623,1,same_skill,311.0
87555,87868,1,same_skill,311.0
87556,87702,1,same_skill,311.0
87556,87841,1,same_skill,311.0
87556,87863,1,same_skill,311.0
87556,87889,1,same_skill,311.0
87556,87908,1,same_skill,311.0
87556,87912,1,same_skill,311.0
87556,88187,1,same_skill,311.0
87556,88369,1,same_skill,311.0
87557,87570,1,same_skill,83.0
87557,87571,1,same_skill,83.0
87557,87584,1,same_skill,83.0
87557,87599,1,same_skill,83.0
87557,87600,1,same_skill,83.0
87558,87608,1,same_skill,311.0
87558,87610,1,same_skill,311.0
87558,87629,1,same_skill,311.0
87558,87739,1,same_skill,311.0
87558,87822,1,same_skill,311.0
87558,87840,1,same_skill,311.0
87558,87872,1,same_skill,311.0
87560,87582,1,same_skill,83.0
87560,87598,1,same_skill,83.0
87561,87566,1,same_skill,83.0
87561,87588,1,same_skill,83.0
87561,87594,1,same_skill,83.0
87562,87569,1,same_skill,83.0
87562,87586,1,same_skill,83.0
87562,87601,1,same_skill,83.0
87563,87593,1,same_skill,83.0
87563,87600,1,same_skill,83.0
87564,87596,1,same_skill,83.0
87565,87590,1,same_skill,83.0
87566,87587,1,same_skill,83.0
87566,87588,1,same_skill,83.0
87566,87595,1,same_skill,83.0
87567,87588,1,same_skill,83.0
87567,87594,1,same_skill,83.0
87569,87586,1,same_skill,83.0
87569,87601,1,same_skill,83.0
87570,87584,1,same_skill,83.0
87570,87600,1,same_skill,83.0
87571,87584,1,same_skill,83.0
87571,87596,10,sequence,
87571,87599,1,same_skill,83.0
87572,87618,1,same_skill,311.0
87572,87936,1,same_skill,311.0
87572,94589,1,same_skill,311.0
87573,87770,1,same_skill,311.0
87573,87814,1,same_skill,311.0
87573,87884,1,same_skill,311.0
87573,87900,100,sequence,
87573,88300,1,same_skill,311.0
87573,88337,1,same_skill,311.0
87574,87575,1,same_skill,311.0
87574,87609,1,same_skill,311.0
87574,87617,1,same_skill,311.0
87574,87804,1,same_skill,311.0
87574,87819,1,same_skill,311.0
87574,87928,1,same_skill,311.0
87574,88182,1,same_skill,311.0
87574,88184,1,same_skill,311.0
87575,87609,1,same_skill,311.0
87575,87616,1,same_skill,311.0
87575,87628,12,sequence,
87575,87630,10,sequence,
87575,87738,1,same_skill,311.0
87575,87819,1,same_skill,311.0
87575,87928,1,same_skill,311.0
87576,87613,1,same_skill,311.0
87576,87916,1,same_skill,311.0
87576,88092,1,same_skill,311.0
87576,94585,1,same_skill,311.0
87577,87578,1,same_skill,311.0
87577,87579,1,same_skill,311.0
87577,87603,1,same_skill,311.0
87577,87611,1,same_skill,311.0
87577,87624,1,same_skill,311.0
87577,87868,1,same_skill,311.0
87578,87579,1,same_skill,311.0
87578,87603,1,same_skill,311.0
87578,87611,1,same_skill,311.0
87578,87624,1,same_skill,311.0
87578,87868,1,same_skill,311.0
87579,87603,1,same_skill,311.0
87579,87624,1,same_skill,311.0
87579,87868,1,same_skill,311.0
87580,87581,1,same_skill,311.0
87580,87620,1,same_skill,311.0
87580,87622,1,same_skill,311.0
87580,87919,1,same_skill,311.0
87580,88096,1,same_skill,311.0
87581,87620,1,same_skill,311.0
87581,87622,1,same_skill,311.0
87581,87623,1,same_skill,311.0
87582,87585,1,same_skill,83.0
87582,87598,1,same_skill,83.0
87583,87587,1,same_skill,83.0
87583,87595,1,same_skill,83.0
87584,87599,1,same_skill,83.0
87585,87590,1,same_skill,83.0
87585,87597,1,same_skill,83.0
87585,87598,1,same_skill,83.0
87587,87595,1,same_skill,83.0
87588,87594,1,same_skill,83.0
87590,87597,1,same_skill,83.0
87591,87592,1,same_skill,83.0
87591,87601,1,same_skill,83.0
87592,87601,1,same_skill,83.0
87593,87600,1,same_skill,83.0
87597,87598,1,same_skill,83.0
87602,87607,10,sequence,
87602,87718,1,same_skill,311.0
87603,87623,1,same_skill,311.0
87603,87868,1,same_skill,311.0
87604,87605,1,same_skill,311.0
87604,87927,1,same_skill,311.0
87604,88017,1,same_skill,311.0
87604,88097,1,same_skill,311.0
87604,88114,1,same_skill,311.0
87604,88188,1,same_skill,311.0
87604,94596,1,same_skill,311.0
87605,87915,1,same_skill,311.0
87605,87960,1,same_skill,311.0
87605,88017,1,same_skill,311.0
87605,88114,1,same_skill,311.0
87605,88126,1,same_skill,311.0
87605,94596,1,same_skill,311.0
87606,87608,1,same_skill,311.0
87606,87625,1,same_skill,311.0
87606,87803,1,same_skill,311.0
87606,87822,1,same_skill,311.0
87606,87840,1,same_skill,311.0
87606,87872,1,same_skill,311.0
87607,87619,1,same_skill,311.0
87607,87626,1,same_skill,311.0
87607,87630,1,same_skill,311.0
87607,87768,1,same_skill,311.0
87607,87864,1,same_skill,311.0
87607,88371,1,same_skill,311.0
87608,87625,1,same_skill,311.0
87608,87803,1,same_skill,311.0
87608,87822,1,same_skill,311.0
87608,87840,1,same_skill,311.0
87608,87872,1,same_skill,311.0
87609,87617,1,same_skill,311.0
87609,87738,1,same_skill,311.0
87609,87819,1,same_skill,311.0
87609,87928,1,same_skill,311.0
87610,87629,1,same_skill,311.0
87610,87739,1,same_skill,311.0
87610,87822,1,same_skill,311.0
87610,87872,1,same_skill,311.0
87611,87624,1,same_skill,311.0
87611,87631,1,same_skill,311.0
87612,87720,1,same_skill,311.0
87612,87737,1,same_skill,311.0
87612,87769,1,same_skill,311.0
87612,87808,1,same_skill,311.0
87612,87871,1,same_skill,311.0
87612,88183,1,same_skill,311.0
87613,87920,1,same_skill,311.0
87613,87936,1,same_skill,311.0
87613,94584,1,same_skill,311.0
87613,94585,1,same_skill,311.0
87614,87615,39,sequence,
87614,87737,1,same_skill,311.0
87614,87765,1,same_skill,311.0
87614,87808,1,same_skill,311.0
87614,87839,1,same_skill,311.0
87614,88181,1,same_skill,311.0
87614,88183,1,same_skill,311.0
87614,88380,1,same_skill,311.0
87614,88434,10,sequence,
87615,87734,1,same_skill,311.0
87615,87780,35,sequence,
87615,87818,1,same_skill,311.0
87615,87836,1,same_skill,311.0
87615,87839,1,same_skill,311.0
87615,88100,1,same_skill,311.0
87615,88180,1,same_skill,311.0
87615,88181,1,same_skill,311.0
87615,88380,1,same_skill,311.0
87616,87738,1,same_skill,311.0
87616,87742,1,same_skill,311.0
87616,87791,1,same_skill,311.0
87616,87866,1,same_skill,311.0
87616,87913,1,same_skill,311.0
87617,87804,1,same_skill,311.0
87617,87819,1,same_skill,311.0
87617,87883,1,same_skill,311.0
87617,87928,1,same_skill,311.0
87617,88182,1,same_skill,311.0
87617,88184,1,same_skill,311.0
87618,87923,1,same_skill,311.0
87619,87626,1,same_skill,311.0
87619,87630,1,same_skill,311.0
87619,87812,1,same_skill,311.0
87619,87864,1,same_skill,311.0
87619,88371,1,same_skill,311.0
87620,87622,1,same_skill,311.0
87621,87625,1,same_skill,311.0
87621,87763,1,same_skill,311.0
87621,87919,1,same_skill,311.0
87621,88096,1,same_skill,311.0
87622,87623,1,same_skill,311.0
87623,87868,1,same_skill,311.0
87624,87631,1,same_skill,311.0
87624,87868,1,same_skill,311.0
87625,87763,1,same_skill,311.0
87625,87803,1,same_skill,311.0
87626,87768,1,same_skill,311.0
87626,87892,1,same_skill,311.0
87626,88370,1,same_skill,311.0
87626,88371,1,same_skill,311.0
87627,87735,1,same_skill,311.0
87627,87766,1,same_skill,311.0
87627,87805,1,same_skill,311.0
87627,87807,1,same_skill,311.0
87627,87813,1,same_skill,311.0
87627,87815,1,same_skill,311.0
87627,87870,1,same_skill,311.0
87627,88367,1,same_skill,311.0
87628,87699,1,same_skill,311.0
87628,87865,1,same_skill,311.0
87628,87929,1,same_skill,311.0
87628,88306,1,same_skill,311.0
87628,88335,1,same_skill,311.0
87628,88362,1,same_skill,311.0
87629,87739,1,same_skill,311.0
87629,87812,1,same_skill,311.0
87629,87864,1,same_skill,311.0
87630,87812,1,same_skill,311.0
87630,87864,1,same_skill,311.0
87630,88371,1,same_skill,311.0
87693,87694,23,same_skill+sequence,311.0
87693,87700,88,same_skill+sequence,311.0
87693,87722,13,sequence,
87693,87811,72,sequence,
87693,88288,1,same_skill,311.0
87693,88290,1,same_skill,311.0
87693,88294,39,sequence,
87694,87695,18,sequence,
87694,87696,78,sequence,
87694,87698,12,sequence,
87694,87700,119,same_skill+sequence,311.0
87694,87715,86,sequence,
87694,87722,10,sequence,
87694,87907,16,sequence,
87694,88288,1,same_skill,311.0
87694,88290,1,same_skill,311.0
87694,88292,1,same_skill,311.0
87694,88295,11,sequence,
87695,87696,1,same_skill,311.0
87695,87713,10,sequence,
87695,87863,10,sequence,
87695,87891,10,sequence,
87695,87904,1,same_skill,311.0
87695,88289,1,same_skill,311.0
87695,88295,1,same_skill,311.0
87695,88300,1,same_skill,311.0
87695,97639,1,same_skill,311.0
87696,87771,10,sequence,
87696,87814,1,same_skill,311.0
87696,87863,10,sequence,
87696,88106,80,sequence,
87696,88295,1,same_skill,311.0
87696,88300,1,same_skill,311.0
87696,97639,1,same_skill,311.0
87697,87736,1,same_skill,311.0
87697,87771,1,same_skill,311.0
87697,87914,1,same_skill,311.0
87697,88297,1,same_skill,311.0
87697,88314,1,same_skill,311.0
87697,88323,1,same_skill,311.0
87697,88326,1,same_skill,311.0
87698,87700,85,sequence,
87698,87716,10,sequence,
87698,87721,10,sequence,
87698,87733,85,sequence,
87698,87904,1,same_skill,311.0
87698,87907,1,same_skill,311.0
87698,88289,1,same_skill,311.0
87698,88294,1,same_skill,311.0
87699,87865,1,same_skill,311.0
87699,87929,1,same_skill,311.0
87699,88185,1,same_skill,311.0
87699,88306,1,same_skill,311.0
87699,88350,1,same_skill,311.0
87700,87715,10,sequence,
87700,87719,41,sequence,
87700,87721,10,sequence,
87700,88192,1,same_skill,311.0
87700,88290,1,same_skill,311.0
87701,87764,11,sequence,
87701,87833,1,same_skill,311.0
87701,87886,10,sequence,
87701,87905,1,same_skill,311.0
87701,88309,1,same_skill,311.0
87701,88347,1,same_skill,311.0
87701,88359,1,same_skill,311.0
87702,87806,1,same_skill,311.0
87702,87863,1,same_skill,311.0
87702,87889,1,same_skill,311.0
87702,87908,1,same_skill,311.0
87702,87912,1,same_skill,311.0
87702,88187,1,same_skill,311.0
87702,88369,1,same_skill,311.0
87711,87736,1,same_skill,311.0
87711,87771,1,same_skill,311.0
87711,87837,1,same_skill,311.0
87711,87890,1,same_skill,311.0
87711,88089,1,same_skill,311.0
87711,88332,1,same_skill,311.0
87711,88334,1,same_skill,311.0
87711,88348,1,same_skill,311.0
87713,87715,1,same_skill,311.0
87713,87716,84,same_skill+sequence,311.0
87713,87721,1,same_skill,311.0
87713,87722,13,sequence,
87713,87733,90,same_skill+sequence,311.0
87713,87865,11,sequence,
87713,87891,10,sequence,
87713,88122,10,sequence,
87713,88293,1,same_skill,311.0
87715,87716,14,same_skill+sequence,311.0
87715,87721,1,same_skill,311.0
87715,87722,83,sequence,
87715,87733,10,sequence,
87715,87734,10,sequence,
87715,87808,10,sequence,
87715,87837,12,sequence,
87715,88293,1,same_skill,311.0
87716,87721,1,same_skill,311.0
87716,87722,80,sequence,
87716,88293,1,same_skill,311.0
87717,87722,10,sequence,
87717,87772,10,sequence,
87717,87817,1,same_skill,311.0
87717,87891,1,same_skill,311.0
87717,87905,1,same_skill,311.0
87717,88185,1,same_skill,311.0
87717,88350,1,same_skill,311.0
87717,88359,1,same_skill,311.0
87718,87838,10,sequence,
87719,87780,41,sequence,
87719,88291,1,same_skill,311.0
87719,88312,1,same_skill,311.0
87719,88313,1,same_skill,311.0
87719,88333,1,same_skill,311.0
87719,88338,1,same_skill,311.0
87719,88382,1,same_skill,311.0
87719,88389,1,same_skill,311.0
87719,88394,1,same_skill,311.0
87720,87769,1,same_skill,311.0
87720,87808,1,same_skill,311.0
87720,87834,1,same_skill,311.0
87720,87871,1,same_skill,311.0
87720,87887,1,same_skill,311.0
87720,88135,1,same_skill,311.0
87721,87733,11,sequence,
87721,88100,22,sequence,
87721,88293,1,same_skill,311.0
87722,87733,1,same_skill,311.0
87722,88299,1,same_skill,311.0
87733,87818,12,sequence,
87733,87885,10,sequence,
87734,87805,1,same_skill,311.0
87734,87815,1,same_skill,311.0
87734,87818,1,same_skill,311.0
87734,87836,1,same_skill,311.0
87734,87838,10,sequence,
87734,87864,12,sequence,
87734,88100,1,same_skill,311.0
87734,88180,1,same_skill,311.0
87734,88367,1,same_skill,311.0
87735,87737,10,sequence,
87735,87766,1,same_skill,311.0
87735,87807,1,same_skill,311.0
87735,87813,1,same_skill,311.0
87735,87820,10,sequence,
87735,87870,1,same_skill,311.0
87735,87886,1,same_skill,311.0
87735,88325,1,same_skill,311.0
87735,88392,1,same_skill,311.0
87736,87771,1,same_skill,311.0
87736,87835,12,sequence,
87736,87837,12,same_skill+sequence,311.0
87736,88314,1,same_skill,311.0
87736,88326,1,same_skill,311.0
87736,88334,1,same_skill,311.0
87736,88348,1,same_skill,311.0
87737,87741,10,sequence,
87737,87765,1,same_skill,311.0
87737,87808,1,same_skill,311.0
87737,87839,1,same_skill,311.0
87737,88181,1,same_skill,311.0
87737,88183,1,same_skill,311.0
87738,87763,11,sequence,
87738,87819,1,same_skill,311.0
87738,87821,11,sequence,
87738,87913,1,same_skill,311.0
87738,87928,1,same_skill,311.0
87739,87812,1,same_skill,311.0
87739,87872,1,same_skill,311.0
87740,87764,1,same_skill,311.0
87740,87834,1,same_skill,311.0
87740,87869,1,same_skill,311.0
87740,87887,1,same_skill,311.0
87740,88135,1,same_skill,311.0
87740,88330,1,same_skill,311.0
87740,88345,1,same_skill,311.0
87741,87767,1,same_skill,311.0
87741,87838,1,same_skill,311.0
87741,87867,1,same_skill,311.0
87741,87883,1,same_skill,311.0
87741,87892,1,same_skill,311.0
87741,88182,1,same_skill,311.0
87741,88184,1,same_skill,311.0
87741,88370,1,same_skill,311.0
87742,87791,1,same_skill,311.0
87742,87866,1,same_skill,311.0
87742,87913,1,same_skill,311.0
87742,88330,1,same_skill,311.0
87763,87803,1,same_skill,311.0
87763,87919,1,same_skill,311.0
87763,88096,1,same_skill,311.0
87764,87791,1,same_skill,311.0
87764,87866,1,same_skill,311.0
87764,87869,1,same_skill,311.0
87764,87887,1,same_skill,311.0
87764,88330,1,same_skill,311.0
87764,88345,1,same_skill,311.0
87765,87836,1,same_skill,311.0
87765,87839,1,same_skill,311.0
87765,88181,1,same_skill,311.0
87765,88183,1,same_skill,311.0
87765,88380,1,same_skill,311.0
87766,87772,12,sequence,
87766,87807,1,same_skill,311.0
87766,87813,1,same_skill,311.0
87766,87870,1,same_skill,311.0
87766,88325,1,same_skill,311.0
87766,88367,1,same_skill,311.0
87766,88392,1,same_skill,311.0
87767,87804,1,same_skill,311.0
87767,87809,11,sequence,
87767,87838,1,same_skill,311.0
87767,87867,1,same_skill,311.0
87767,87883,1,same_skill,311.0
87767,87892,1,same_skill,311.0
87767,88182,1,same_skill,311.0
87767,88184,1,same_skill,311.0
87768,87838,1,same_skill,311.0
87768,87867,1,same_skill,311.0
87768,87885,10,sequence,
87768,87892,1,same_skill,311.0
87768,88370,1,same_skill,311.0
87769,87808,1,same_skill,311.0
87769,87871,1,same_skill,311.0
87769,88135,1,same_skill,311.0
87769,88183,1,same_skill,311.0
87770,87814,1,same_skill,311.0
87770,87884,23,same_skill+sequence,311.0
87770,87911,1,same_skill,311.0
87770,88031,15,sequence,
87770,88097,22,sequence,
87770,88337,1,same_skill,311.0
87770,90975,24,sequence,
87771,88314,1,same_skill,311.0
87771,88326,1,same_skill,311.0
87771,88334,1,same_skill,311.0
87771,88348,1,same_skill,311.0
87772,87817,11,sequence,
87772,87887,10,sequence,
87772,88296,1,same_skill,311.0
87772,88303,1,same_skill,311.0
87772,88308,1,same_skill,311.0
87772,88340,1,same_skill,311.0
87772,88360,1,same_skill,311.0
87772,88363,1,same_skill,311.0
87772,88391,1,same_skill,311.0
87772,97547,1,same_skill,311.0
87780,88310,1,same_skill,311.0
87780,88327,1,same_skill,311.0
87780,88344,1,same_skill,311.0
87780,88352,1,same_skill,311.0
87780,88364,1,same_skill,311.0
87780,88395,1,same_skill,311.0
87791,87815,15,sequence,
87791,87839,10,sequence,
87791,87866,1,same_skill,311.0
87791,87913,1,same_skill,311.0
87791,88330,1,same_skill,311.0
87792,87816,1,same_skill,311.0
87792,87841,1,same_skill,311.0
87792,87888,1,same_skill,311.0
87792,88186,1,same_skill,311.0
87792,88311,1,same_skill,311.0
87792,88362,1,same_skill,311.0
87792,88369,1,same_skill,311.0
87792,88388,1,same_skill,311.0
87803,87822,1,same_skill,311.0
87803,87840,1,same_skill,311.0
87804,87819,1,same_skill,311.0
87804,87820,10,sequence,
87804,87865,10,sequence,
87804,87883,1,same_skill,311.0
87804,87890,10,sequence,
87804,87928,1,same_skill,311.0
87804,88182,1,same_skill,311.0
87804,88184,1,same_skill,311.0
87805,87807,1,same_skill,311.0
87805,87815,1,same_skill,311.0
87805,87818,1,same_skill,311.0
87805,87871,11,sequence,
87805,88100,1,same_skill,311.0
87805,88180,1,same_skill,311.0
87805,88367,1,same_skill,311.0
87806,87863,1,same_skill,311.0
87806,87886,1,same_skill,311.0
87806,87889,1,same_skill,311.0
87806,87912,1,same_skill,311.0
87806,88366,1,same_skill,311.0
87806,88386,1,same_skill,311.0
87806,88392,1,same_skill,311.0
87807,87813,1,same_skill,311.0
87807,87815,1,same_skill,311.0
87807,87818,1,same_skill,311.0
87807,88367,1,same_skill,311.0
87808,88183,1,same_skill,311.0
87809,87810,10,sequence,
87809,87820,1,same_skill,311.0
87809,87883,10,sequence,
87809,88296,1,same_skill,311.0
87809,88303,1,same_skill,311.0
87809,88324,1,same_skill,311.0
87809,88341,1,same_skill,311.0
87809,88351,1,same_skill,311.0
87809,88360,1,same_skill,311.0
87809,88368,1,same_skill,311.0
87810,87885,1,same_skill,311.0
87810,87890,1,same_skill,311.0
87810,88089,1,same_skill,311.0
87810,88302,1,same_skill,311.0
87810,88318,1,same_skill,311.0
87810,88332,1,same_skill,311.0
87810,88349,1,same_skill,311.0
87810,88361,1,same_skill,311.0
87811,87909,1,same_skill,311.0
87811,87928,68,sequence,
87811,88291,1,same_skill,311.0
87811,88301,1,same_skill,311.0
87811,88317,1,same_skill,311.0
87811,88320,1,same_skill,311.0
87811,88357,1,same_skill,311.0
87811,88375,1,same_skill,311.0
87811,88390,1,same_skill,311.0
87812,87864,1,same_skill,311.0
87812,88371,1,same_skill,311.0
87813,87815,1,same_skill,311.0
87813,87838,10,sequence,
87813,87870,1,same_skill,311.0
87813,88325,1,same_skill,311.0
87813,88367,1,same_skill,311.0
87814,87833,10,sequence,
87814,87884,1,same_skill,311.0
87814,87900,106,sequence,
87814,88100,105,sequence,
87814,88300,1,same_skill,311.0
87814,88337,1,same_skill,311.0
87815,87818,1,same_skill,311.0
87815,88180,1,same_skill,311.0
87815,88367,1,same_skill,311.0
87816,87888,1,same_skill,311.0
87816,88186,1,same_skill,311.0
87816,88306,1,same_skill,311.0
87816,88311,1,same_skill,311.0
87816,88335,1,same_skill,311.0
87816,88362,1,same_skill,311.0
87816,88388,1,same_skill,311.0
87817,87891,1,same_skill,311.0
87817,87905,1,same_skill,311.0
87817,88185,1,same_skill,311.0
87817,88350,1,same_skill,311.0
87817,88359,1,same_skill,311.0
87818,88100,1,same_skill,311.0
87818,88180,1,same_skill,311.0
87818,88367,1,same_skill,311.0
87819,87928,1,same_skill,311.0
87819,88184,1,same_skill,311.0
87820,87837,10,sequence,
87820,88296,1,same_skill,311.0
87820,88298,1,same_skill,311.0
87820,88304,1,same_skill,311.0
87820,88324,1,same_skill,311.0
87820,88341,1,same_skill,311.0
87820,88351,1,same_skill,311.0
87820,88368,1,same_skill,311.0
87821,87842,1,same_skill,311.0
87821,87870,10,sequence,
87821,87914,1,same_skill,311.0
87821,88336,1,same_skill,311.0
87821,88353,1,same_skill,311.0
87821,88355,1,same_skill,311.0
87821,88365,1,same_skill,311.0
87821,88383,1,same_skill,311.0
87822,87840,1,same_skill,311.0
87822,87872,1,same_skill,311.0
87833,87836,11,sequence,
87833,87842,10,sequence,
87833,88309,1,same_skill,311.0
87833,88328,1,same_skill,311.0
87833,88347,1,same_skill,311.0
87833,88359,1,same_skill,311.0
87834,87869,1,same_skill,311.0
87834,87871,1,same_skill,311.0
87834,87887,1,same_skill,311.0
87834,88135,1,same_skill,311.0
87834,88345,1,same_skill,311.0
87835,87866,10,sequence,
87835,87910,1,same_skill,311.0
87835,88302,1,same_skill,311.0
87835,88318,1,same_skill,311.0
87835,88322,1,same_skill,311.0
87835,88340,1,same_skill,311.0
87835,88349,1,same_skill,311.0
87835,88391,1,same_skill,311.0
87836,87839,1,same_skill,311.0
87836,88100,1,same_skill,311.0
87836,88180,1,same_skill,311.0
87836,88181,1,same_skill,311.0
87836,88380,1,same_skill,311.0
87837,87890,1,same_skill,311.0
87837,88089,1,same_skill,311.0
87837,88332,1,same_skill,311.0
87837,88334,1,same_skill,311.0
87837,88348,1,same_skill,311.0
87837,88361,1,same_skill,311.0
87838,87867,1,same_skill,311.0
87838,87883,1,same_skill,311.0
87838,87892,1,same_skill,311.0
87838,88182,1,same_skill,311.0
87838,88370,1,same_skill,311.0
87839,88100,1,same_skill,311.0
87839,88181,1,same_skill,311.0
87839,88380,1,same_skill,311.0
87840,87872,1,same_skill,311.0
87841,87888,1,same_skill,311.0
87841,87908,1,same_skill,311.0
87841,88186,1,same_skill,311.0
87841,88187,1,same_skill,311.0
87841,88369,1,same_skill,311.0
87841,88388,1,same_skill,311.0
87842,87914,1,same_skill,311.0
87842,88323,1,same_skill,311.0
87842,88336,1,same_skill,311.0
87842,88353,1,same_skill,311.0
87842,88355,1,same_skill,311.0
87842,88365,1,same_skill,311.0
87842,88383,1,same_skill,311.0
87863,87886,1,same_skill,311.0
87863,87889,1,same_skill,311.0
87863,87912,1,same_skill,311.0
87863,88366,1,same_skill,311.0
87863,88386,1,same_skill,311.0
87864,88371,1,same_skill,311.0
87865,87892,11,sequence,
87865,87929,1,same_skill,311.0
87865,88306,1,same_skill,311.0
87865,88311,1,same_skill,311.0
87865,88335,1,same_skill,311.0
87865,88362,1,same_skill,311.0
87866,87913,1,same_skill,311.0
87866,88330,1,same_skill,311.0
87866,88345,1,same_skill,311.0
87867,87883,1,same_skill,311.0
87867,87892,1,same_skill,311.0
87867,88370,1,same_skill,311.0
87869,87871,1,same_skill,311.0
87869,87887,1,same_skill,311.0
87869,88135,1,same_skill,311.0
87869,88330,1,same_skill,311.0
87869,88345,1,same_skill,311.0
87870,87886,1,same_skill,311.0
87870,88325,1,same_skill,311.0
87870,88386,1,same_skill,311.0
87870,88392,1,same_skill,311.0
87871,87887,1,same_skill,311.0
87871,88135,1,same_skill,311.0
87883,88182,1,same_skill,311.0
87883,88184,1,same_skill,311.0
87884,87911,1,same_skill,311.0
87884,88031,28,sequence,
87884,88097,19,sequence,
87884,88321,1,same_skill,311.0
87884,88337,1,same_skill,311.0
87884,90975,24,sequence,
87885,87890,1,same_skill,311.0
87885,87910,1,same_skill,311.0
87885,88089,1,same_skill,311.0
87885,88302,1,same_skill,311.0
87885,88318,1,same_skill,311.0
87885,88349,1,same_skill,311.0
87885,88361,1,same_skill,311.0
87886,87890,11,sequence,
87886,88325,1,same_skill,311.0
87886,88366,1,same_skill,311.0
87886,88386,1,same_skill,311.0
87886,88392,1,same_skill,311.0
87887,88135,1,same_skill,311.0
87887,88345,1,same_skill,311.0
87888,87908,1,same_skill,311.0
87888,88186,1,same_skill,311.0
87888,88311,1,same_skill,311.0
87888,88369,1,same_skill,311.0
87888,88388,1,same_skill,311.0
87889,87908,1,same_skill,311.0
87889,87912,1,same_skill,311.0
87889,88187,1,same_skill,311.0
87889,88366,1,same_skill,311.0
87890,88089,1,same_skill,311.0
87890,88302,1,same_skill,311.0
87890,88332,1,same_skill,311.0
87890,88361,1,same_skill,311.0
87891,87905,1,same_skill,311.0
87891,88185,1,same_skill,311.0
87891,88350,1,same_skill,311.0
87891,88359,1,same_skill,311.0
87892,88370,1,same_skill,311.0
87900,87909,1,same_skill,311.0
87900,87915,10,sequence,
87900,87928,13,sequence,
87900,88116,10,sequence,
87900,88179,1,same_skill,311.0
87900,88301,1,same_skill,311.0
87900,88320,1,same_skill,311.0
87900,88344,1,same_skill,311.0
87900,88375,1,same_skill,311.0
87900,88384,1,same_skill,311.0
87903,87905,11,sequence,
87903,87906,17,sequence,
87903,87907,11,sequence,
87903,87908,11,sequence,
87903,87909,18,sequence,
87903,87913,11,sequence,
87903,88181,13,sequence,
87903,88182,13,sequence,
87903,88184,10,sequence,
87903,88298,1,same_skill,311.0
87903,88304,1,same_skill,311.0
87903,88307,1,same_skill,311.0
87903,88316,1,same_skill,311.0
87903,88342,1,same_skill,311.0
87903,88354,1,same_skill,311.0
87903,88385,1,same_skill,311.0
87903,93046,12,sequence,
87904,87905,17,sequence,
87904,87906,14,sequence,
87904,87907,13,same_skill+sequence,311.0
87904,87909,13,sequence,
87904,87910,16,sequence,
87904,87911,10,sequence,
87904,87913,15,sequence,
87904,87915,10,sequence,
87904,88118,10,sequence,
87904,88179,12,sequence,
87904,88181,10,sequence,
87904,88182,11,sequence,
87904,88183,15,sequence,
87904,88185,10,sequence,
87904,88289,1,same_skill,311.0
87904,97639,1,same_skill,311.0
87905,87907,10,sequence,
87905,87908,10,sequence,
87905,87909,15,sequence,
87905,87910,12,sequence,
87905,87911,12,sequence,
87905,87912,15,sequence,
87905,87914,13,sequence,
87905,88135,11,sequence,
87905,88179,15,sequence,
87905,88184,11,sequence,
87905,88350,1,same_skill,311.0
87905,88359,1,same_skill,311.0
87906,87907,13,sequence,
87906,87909,15,sequence,
87906,87911,14,same_skill+sequence,311.0
87906,87912,14,sequence,
87906,87913,12,sequence,
87906,87914,14,sequence,
87906,88179,20,sequence,
87906,88187,11,sequence,
87906,88192,26,sequence,
87906,88305,1,same_skill,311.0
87906,88315,1,same_skill,311.0
87906,88319,1,same_skill,311.0
87906,88321,1,same_skill,311.0
87906,88339,1,same_skill,311.0
87907,87909,12,sequence,
87907,87910,12,sequence,
87907,87911,11,sequence,
87907,87912,11,sequence,
87907,87914,18,sequence,
87907,88179,10,sequence,
87907,88185,10,sequence,
87907,88187,14,sequence,
87907,88192,39,sequence,
87907,88289,1,same_skill,311.0
87907,88294,1,same_skill,311.0
87908,87909,14,sequence,
87908,87910,10,sequence,
87908,87913,11,sequence,
87908,88135,12,sequence,
87908,88184,15,sequence,
87908,88185,11,sequence,
87908,88186,13,sequence,
87908,88187,1,same_skill,311.0
87908,88369,1,same_skill,311.0
87908,88388,1,same_skill,311.0
87909,87912,13,sequence,
87909,87914,16,sequence,
87909,88135,11,sequence,
87909,88179,13,same_skill+sequence,311.0
87909,88182,13,sequence,
87909,88187,13,sequence,
87909,88192,16,sequence,
87909,88301,1,same_skill,311.0
87909,88317,1,same_skill,311.0
87909,88320,1,same_skill,311.0
87909,88375,1,same_skill,311.0
87909,90968,10,sequence,
87910,87911,12,sequence,
87910,87913,10,sequence,
87910,87914,12,sequence,
87910,88183,11,sequence,
87910,88186,12,sequence,
87910,88302,1,same_skill,311.0
87910,88318,1,same_skill,311.0
87910,88322,1,same_skill,311.0
87910,88340,1,same_skill,311.0
87910,88349,1,same_skill,311.0
87911,87913,11,sequence,
87911,87914,13,sequence,
87911,87919,13,sequence,
87911,88089,11,sequence,
87911,88135,10,sequence,
87911,88180,12,sequence,
87911,88182,12,sequence,
87911,88184,12,sequence,
87911,88185,11,sequence,
87911,88319,1,same_skill,311.0
87911,88321,1,same_skill,311.0
87912,87913,11,sequence,
87912,87914,15,sequence,
87912,88179,12,sequence,
87912,88183,12,sequence,
87912,88187,1,same_skill,311.0
87912,88366,1,same_skill,311.0
87912,88386,1,same_skill,311.0
87913,88181,14,sequence,
87913,88184,10,sequence,
87913,88192,12,sequence,
87914,88185,11,sequence,
87914,88186,14,sequence,
87914,88297,1,same_skill,311.0
87914,88323,1,same_skill,311.0
87914,88353,1,same_skill,311.0
87914,88383,1,same_skill,311.0
87915,87916,10,sequence,
87915,87960,1,same_skill,311.0
87915,88017,1,same_skill,311.0
87915,88093,1,same_skill,311.0
87915,88126,1,same_skill,311.0
87915,94591,1,same_skill,311.0
87915,94597,1,same_skill,311.0
87916,88041,1,same_skill,311.0
87916,88091,1,same_skill,311.0
87916,88092,1,same_skill,311.0
87919,87920,15,sequence,
87919,87925,14,sequence,
87919,87929,10,sequence,
87919,88091,13,sequence,
87919,88096,1,same_skill,311.0
87920,87927,79,sequence,
87920,87936,1,same_skill,311.0
87920,88106,79,sequence,
87920,94584,1,same_skill,311.0
87920,94589,1,same_skill,311.0
87923,88017,10,sequence,
87925,87929,10,sequence,
87925,88094,1,same_skill,311.0
87925,88102,1,same_skill,311.0
87925,88115,1,same_skill,311.0
87925,88116,1,same_skill,311.0
87925,88118,1,same_skill,311.0
87925,88122,1,same_skill,311.0
87925,94598,1,same_skill,311.0
87925,94603,1,same_skill,311.0
87927,88041,1,same_skill,311.0
87927,88091,77,same_skill+sequence,311.0
87927,88097,1,same_skill,311.0
87927,88188,1,same_skill,311.0
87927,94596,1,same_skill,311.0
87928,87929,71,sequence,
87929,88089,70,sequence,
87929,88185,1,same_skill,311.0
87929,88306,1,same_skill,311.0
87929,88335,1,same_skill,311.0
87936,87960,10,sequence,
87936,88041,13,sequence,
87936,94584,1,same_skill,311.0
87936,94589,1,same_skill,311.0
87960,88017,1,same_skill,311.0
87960,88093,1,same_skill,311.0
87960,88114,1,same_skill,311.0
87960,88126,1,same_skill,311.0
87960,94596,1,same_skill,311.0
87986,88407,12,sequence,
87986,88470,11,sequence,
88017,88114,1,same_skill,311.0
88017,88188,1,same_skill,311.0
88017,94596,1,same_skill,311.0
88031,88097,21,sequence,
88031,90975,23,sequence,
88041,88091,1,same_skill,311.0
88041,88097,1,same_skill,311.0
88041,88188,1,same_skill,311.0
88089,88091,13,sequence,
88089,88100,71,sequence,
88089,88288,10,sequence,
88089,88332,1,same_skill,311.0
88089,88334,1,same_skill,311.0
88089,88361,1,same_skill,311.0
88091,88096,27,sequence,
88091,88097,1,same_skill,311.0
88091,988,72,sequence,
88092,88114,10,sequence,
88092,94585,1,same_skill,311.0
88093,88106,1,same_skill,311.0
88093,88122,1,same_skill,311.0
88093,88126,1,same_skill,311.0
88093,94591,1,same_skill,311.0
88093,94597,1,same_skill,311.0
88094,88102,1,same_skill,311.0
88094,88106,1,same_skill,311.0
88094,88115,1,same_skill,311.0
88094,88116,1,same_skill,311.0
88094,88118,1,same_skill,311.0
88094,88122,1,same_skill,311.0
88094,94598,1,same_skill,311.0
88096,88114,10,sequence,
88096,88115,10,sequence,
88096,88116,10,sequence,
88096,88192,24,sequence,
88097,88114,1,same_skill,311.0
88097,88188,1,same_skill,311.0
88097,90975,28,sequence,
88097,94596,1,same_skill,311.0
88100,88180,1,same_skill,311.0
88100,88380,1,same_skill,311.0
88102,88115,1,same_skill,311.0
88102,88118,1,same_skill,311.0
88102,94586,1,same_skill,311.0
88102,94598,1,same_skill,311.0
88102,94600,1,same_skill,311.0
88102,94603,1,same_skill,311.0
88106,88115,1,same_skill,311.0
88106,88116,1,same_skill,311.0
88106,88122,1,same_skill,311.0
88106,88126,1,same_skill,311.0
88106,94591,1,same_skill,311.0
88106,94597,1,same_skill,311.0
88114,88115,11,sequence,
88114,88188,1,same_skill,311.0
88114,94596,1,same_skill,311.0
88115,88116,1,same_skill,311.0
88115,88118,1,same_skill,311.0
88115,88122,1,same_skill,311.0
88115,94597,1,same_skill,311.0
88116,88118,1,same_skill,311.0
88116,88122,1,same_skill,311.0
88116,94591,1,same_skill,311.0
88116,94597,1,same_skill,311.0
88118,88122,10,sequence,
88118,94586,1,same_skill,311.0
88118,94598,1,same_skill,311.0
88118,94603,1,same_skill,311.0
88122,94591,1,same_skill,311.0
88122,94597,1,same_skill,311.0
88126,94591,1,same_skill,311.0
88126,94597,1,same_skill,311.0
88135,88180,10,sequence,
88135,88181,10,sequence,
88135,88185,13,sequence,
88135,88187,12,sequence,
88179,88180,15,sequence,
88179,88181,11,sequence,
88179,88182,10,sequence,
88179,88183,15,sequence,
88179,88185,10,sequence,
88179,88186,11,sequence,
88179,88187,15,sequence,
88179,88301,1,same_skill,311.0
88179,88344,1,same_skill,311.0
88179,88375,1,same_skill,311.0
88179,88384,1,same_skill,311.0
88179,88395,1,same_skill,311.0
88180,88181,12,sequence,
88180,88182,12,sequence,
88180,88184,13,sequence,
88180,88185,15,sequence,
88180,88186,10,sequence,
88180,88187,10,sequence,
88180,88380,1,same_skill,311.0
88181,88182,10,sequence,
88181,88183,10,sequence,
88181,88184,13,sequence,
88181,88187,18,sequence,
88181,88192,10,sequence,
88181,88380,1,same_skill,311.0
88182,88183,13,sequence,
88182,88184,19,same_skill+sequence,311.0
88182,88185,10,sequence,
88182,88192,11,sequence,
88183,88185,13,sequence,
88183,88186,20,sequence,
88183,88192,11,sequence,
88184,88186,12,sequence,
88185,88186,14,sequence,
88185,88187,21,sequence,
88185,88350,1,same_skill,311.0
88186,88192,10,sequence,
88186,88311,1,same_skill,311.0
88186,88335,1,same_skill,311.0
88186,88362,1,same_skill,311.0
88186,88388,1,same_skill,311.0
88187,88192,11,sequence,
88187,88369,1,same_skill,311.0
88187,88388,1,same_skill,311.0
88188,94596,1,same_skill,311.0
88192,88201,163,sequence,
88192,88299,1,same_skill,311.0
88198,88199,71,sequence,
88198,88200,26,sequence,
88198,88201,21,same_skill+sequence,86.0
88198,88202,27,sequence,
88198,88204,30,same_skill+sequence,86.0
88198,88205,66,same_skill+sequence,86.0
88198,88207,28,sequence,
88198,88208,23,sequence,
88198,88210,27,sequence,
88198,88211,14,sequence,
88198,88213,24,sequence,
88198,88214,20,sequence,
88198,88215,24,sequence,
88198,88216,35,sequence,
88198,88218,32,same_skill+sequence,86.0
88198,88219,18,sequence,
88198,88221,26,sequence,
88198,88222,28,sequence,
88198,88223,26,same_skill+sequence,86.0
88198,88232,28,sequence,
88198,88239,20,sequence,
88198,88241,23,sequence,
88198,88248,15,sequence,
88198,88274,30,sequence,
88198,88399,18,sequence,
88199,88200,19,sequence,
88199,88201,19,sequence,
88199,88202,19,same_skill+sequence,86.0
88199,88204,23,sequence,
88199,88205,13,sequence,
88199,88207,18,sequence,
88199,88208,25,same_skill+sequence,86.0
88199,88210,16,sequence,
88199,88211,25,sequence,
88199,88213,18,sequence,
88199,88214,23,same_skill+sequence,86.0
88199,88215,20,same_skill+sequence,86.0
88199,88216,26,sequence,
88199,88218,25,sequence,
88199,88219,27,same_skill+sequence,86.0
88199,88221,25,sequence,
88199,88222,23,same_skill+sequence,86.0
88199,88223,19,sequence,
88199,88232,21,same_skill+sequence,86.0
88199,88239,13,sequence,
88199,88241,16,same_skill+sequence,86.0
88199,88248,20,sequence,
88199,88274,26,sequence,
88199,88399,22,sequence,
88200,88201,17,sequence,
88200,88202,20,sequence,
88200,88204,18,sequence,
88200,88205,24,sequence,
88200,88207,25,same_skill+sequence,86.0
88200,88208,19,sequence,
88200,88210,19,sequence,
88200,88211,28,sequence,
88200,88213,29,sequence,
88200,88214,21,sequence,
88200,88215,25,same_skill+sequence,86.0
88200,88216,20,sequence,
88200,88218,18,sequence,
88200,88219,26,sequence,
88200,88221,22,sequence,
88200,88222,26,sequence,
88200,88223,16,sequence,
88200,88232,19,sequence,
88200,88239,23,same_skill+sequence,86.0
88200,88241,23,sequence,
88200,88248,27,same_skill+sequence,86.0
88200,88274,20,same_skill+sequence,86.0
88200,88399,20,sequence,
88200,98538,1,same_skill,86.0
88201,88202,23,sequence,
88201,88204,26,same_skill+sequence,86.0
88201,88205,16,sequence,
88201,88207,17,sequence,
88201,88208,17,sequence,
88201,88210,20,sequence,
88201,88211,30,sequence,
88201,88213,20,sequence,
88201,88214,18,sequence,
88201,88215,11,sequence,
88201,88216,24,sequence,
88201,88218,23,same_skill+sequence,86.0
88201,88219,21,sequence,
88201,88221,19,sequence,
88201,88222,32,sequence,
88201,88223,194,same_skill+sequence,86.0
88201,88232,17,sequence,
88201,88239,21,sequence,
88201,88241,22,sequence,
88201,88248,21,sequence,
88201,88274,31,sequence,
88201,88399,19,sequence,
88202,88204,25,sequence,
88202,88205,17,sequence,
88202,88207,18,sequence,
88202,88208,26,sequence,
88202,88210,34,same_skill+sequence,86.0
88202,88211,24,sequence,
88202,88213,24,same_skill+sequence,86.0
88202,88214,31,sequence,
88202,88215,18,sequence,
88202,88216,22,same_skill+sequence,86.0
88202,88218,17,sequence,
88202,88219,30,sequence,
88202,88221,22,sequence,
88202,88222,21,same_skill+sequence,86.0
88202,88223,23,sequence,
88202,88232,27,same_skill+sequence,86.0
88202,88239,17,sequence,
88202,88241,25,same_skill+sequence,86.0
88202,88248,23,sequence,
88202,88274,24,sequence,
88202,88399,25,same_skill+sequence,86.0
88204,88205,32,same_skill+sequence,86.0
88204,88207,22,sequence,
88204,88208,26,sequence,
88204,88210,27,sequence,
88204,88211,35,same_skill+sequence,86.0
88204,88213,28,sequence,
88204,88214,19,sequence,
88204,88215,27,sequence,
88204,88216,17,sequence,
88204,88218,21,same_skill+sequence,86.0
88204,88219,15,sequence,
88204,88221,31,sequence,
88204,88222,35,sequence,
88204,88223,22,same_skill+sequence,86.0
88204,88232,30,sequence,
88204,88239,22,sequence,
88204,88241,29,sequence,
88204,88248,21,sequence,
88204,88274,25,sequence,
88204,88399,25,sequence,
88205,88207,20,sequence,
88205,88208,17,sequence,
88205,88210,20,sequence,
88205,88211,26,same_skill+sequence,86.0
88205,88213,16,sequence,
88205,88214,22,sequence,
88205,88215,28,sequence,
88205,88216,28,same_skill+sequence,86.0
88205,88218,26,same_skill+sequence,86.0
88205,88219,23,sequence,
88205,88221,25,same_skill+sequence,86.0
88205,88222,22,sequence,
88205,88223,24,sequence,
88205,88232,26,sequence,
88205,88239,24,sequence,
88205,88241,28,sequence,
88205,88248,15,sequence,
88205,88274,15,sequence,
88205,88399,19,same_skill+sequence,86.0
88207,88208,18,sequence,
88207,88210,19,sequence,
88207,88211,20,sequence,
88207,88213,21,sequence,
88207,88214,19,same_skill+sequence,86.0
88207,88215,17,same_skill+sequence,86.0
88207,88216,16,sequence,
88207,88218,18,sequence,
88207,88219,22,sequence,
88207,88221,14,sequence,
88207,88222,20,sequence,
88207,88223,17,sequence,
88207,88232,24,sequence,
88207,88239,25,same_skill+sequence,86.0
88207,88241,23,sequence,
88207,88248,15,same_skill+sequence,86.0
88207,88274,27,same_skill+sequence,86.0
88207,88399,23,sequence,
88208,88210,15,sequence,
88208,88211,31,sequence,
88208,88213,28,sequence,
88208,88214,24,same_skill+sequence,86.0
88208,88215,28,same_skill+sequence,86.0
88208,88216,29,sequence,
88208,88218,21,sequence,
88208,88219,17,same_skill+sequence,86.0
88208,88221,23,sequence,
88208,88222,13,same_skill+sequence,86.0
88208,88223,24,sequence,
88208,88232,29,same_skill+sequence,86.0
88208,88239,16,sequence,
88208,88241,25,same_skill+sequence,86.0
88208,88248,30,sequence,
88208,88274,24,same_skill+sequence,86.0
88208,88399,20,sequence,
88210,88211,23,sequence,
88210,88213,25,same_skill+sequence,86.0
88210,88214,21,sequence,
88210,88215,28,sequence,
88210,88216,29,same_skill+sequence,86.0
88210,88218,26,sequence,
88210,88219,23,sequence,
88210,88221,22,same_skill+sequence,86.0
88210,88222,30,same_skill+sequence,86.0
88210,88223,20,sequence,
88210,88232,20,same_skill+sequence,86.0
88210,88239,22,sequence,
88210,88241,29,same_skill+sequence,86.0
88210,88248,24,sequence,
88210,88274,19,sequence,
88210,88399,23,same_skill+sequence,86.0
88211,88213,25,same_skill+sequence,86.0
88211,88214,31,sequence,
88211,88215,16,sequence,
88211,88216,25,same_skill+sequence,86.0
88211,88218,24,same_skill+sequence,86.0
88211,88219,27,sequence,
88211,88221,22,same_skill+sequence,86.0
88211,88222,25,sequence,
88211,88223,27,sequence,
88211,88232,21,sequence,
88211,88239,23,sequence,
88211,88241,27,sequence,
88211,88248,27,sequence,
88211,88274,22,sequence,
88211,88399,29,same_skill+sequence,86.0
88213,88214,18,sequence,
88213,88215,20,sequence,
88213,88216,28,same_skill+sequence,86.0
88213,88218,25,sequence,
88213,88219,33,sequence,
88213,88221,35,same_skill+sequence,86.0
88213,88222,14,sequence,
88213,88223,32,sequence,
88213,88232,21,same_skill+sequence,86.0
88213,88239,25,sequence,
88213,88241,24,same_skill+sequence,86.0
88213,88248,19,sequence,
88213,88274,20,sequence,
88213,88399,25,same_skill+sequence,86.0
88214,88215,28,same_skill+sequence,86.0
88214,88216,15,sequence,
88214,88218,21,sequence,
88214,88219,12,same_skill+sequence,86.0
88214,88221,22,sequence,
88214,88222,19,same_skill+sequence,86.0
88214,88223,21,sequence,
88214,88232,25,sequence,
88214,88239,23,same_skill+sequence,86.0
88214,88241,24,sequence,
88214,88248,16,sequence,
88214,88274,25,same_skill+sequence,86.0
88214,88399,25,sequence,
88215,88216,22,sequence,
88215,88218,17,sequence,
88215,88219,29,same_skill+sequence,86.0
88215,88221,23,sequence,
88215,88222,22,sequence,
88215,88223,30,sequence,
88215,88232,21,sequence,
88215,88239,24,same_skill+sequence,86.0
88215,88241,15,sequence,
88215,88248,20,sequence,
88215,88274,22,same_skill+sequence,86.0
88215,88399,19,sequence,
88216,88218,19,same_skill+sequence,86.0
88216,88219,27,sequence,
88216,88221,26,same_skill+sequence,86.0
88216,88222,24,sequence,
88216,88223,11,sequence,
88216,88232,31,sequence,
88216,88239,14,sequence,
88216,88241,24,sequence,
88216,88248,21,sequence,
88216,88274,15,sequence,
88216,88399,21,same_skill+sequence,86.0
88218,88219,24,sequence,
88218,88221,38,same_skill+sequence,86.0
88218,88222,26,sequence,
88218,88223,23,sequence,
88218,88232,29,sequence,
88218,88239,25,sequence,
88218,88241,22,sequence,
88218,88248,20,sequence,
88218,88274,26,sequence,
88218,88399,35,sequence,
88219,88221,18,sequence,
88219,88222,19,same_skill+sequence,86.0
88219,88223,26,sequence,
88219,88232,24,sequence,
88219,88239,23,same_skill+sequence,86.0
88219,88241,26,same_skill+sequence,86.0
88219,88248,19,sequence,
88219,88274,20,same_skill+sequence,86.0
88219,88399,26,sequence,
88221,88222,19,sequence,
88221,88223,21,sequence,
88221,88232,26,sequence,
88221,88239,23,sequence,
88221,88241,25,sequence,
88221,88248,21,sequence,
88221,88274,14,sequence,
88221,88399,29,same_skill+sequence,86.0
88222,88223,26,sequence,
88222,88232,22,same_skill+sequence,86.0
88222,88239,25,sequence,
88222,88241,24,same_skill+sequence,86.0
88222,88248,14,sequence,
88222,88274,16,sequence,
88222,88399,32,sequence,
88223,88232,22,sequence,
88223,88239,28,sequence,
88223,88241,32,sequence,
88223,88248,15,sequence,
88223,88274,28,sequence,
88223,88399,21,sequence,
88232,88239,23,sequence,
88232,88241,31,same_skill+sequence,86.0
88232,88248,20,sequence,
88232,88274,17,sequence,
88232,88399,24,same_skill+sequence,86.0
88239,88241,16,sequence,
88239,88248,18,same_skill+sequence,86.0
88239,88274,25,same_skill+sequence,86.0
88239,88399,20,sequence,
88241,88248,26,sequence,
88241,88274,18,sequence,
88241,88399,33,sequence,
88248,88274,25,same_skill+sequence,86.0
88248,88399,15,sequence,
88248,98538,1,same_skill,86.0
88274,88399,21,sequence,
88288,88289,70,sequence,
88288,88290,58,same_skill+sequence,311.0
88288,88292,41,same_skill+sequence,311.0
88288,88294,37,sequence,
88288,88295,38,sequence,
88288,88299,40,sequence,
88288,88301,10,sequence,
88288,88337,12,sequence,
88288,88339,11,sequence,
88288,93937,13,sequence,
88289,88290,54,sequence,
88289,88294,1,same_skill,311.0
88289,88314,12,sequence,
88289,97639,1,same_skill,311.0
88290,88292,44,sequence,
88290,88294,28,sequence,
88290,88295,46,sequence,
88290,88298,11,sequence,
88290,88299,29,sequence,
88290,88302,10,sequence,
88290,88316,10,sequence,
88290,88327,10,sequence,
88290,88337,11,sequence,
88290,88368,50,sequence,
88290,88384,10,sequence,
88291,88292,50,sequence,
88291,88313,1,same_skill,311.0
88291,88317,1,same_skill,311.0
88291,88333,1,same_skill,311.0
88291,88357,1,same_skill,311.0
88291,88389,1,same_skill,311.0
88291,88390,1,same_skill,311.0
88291,94584,45,sequence,
88292,88293,48,sequence,
88292,88294,36,sequence,
88292,88295,32,sequence,
88292,88299,36,sequence,
88292,88304,11,sequence,
88292,88370,12,sequence,
88292,88498,39,sequence,
88292,94843,24,sequence,
88292,97547,16,sequence,
88293,88294,1,same_skill,311.0
88293,88339,45,sequence,
88293,94851,11,sequence,
88294,88295,33,sequence,
88294,88299,49,sequence,
88294,88336,11,sequence,
88295,88299,35,sequence,
88295,88300,1,same_skill,311.0
88295,97639,1,same_skill,311.0
88296,88303,1,same_skill,311.0
88296,88341,1,same_skill,311.0
88296,88348,10,sequence,
88296,88351,1,same_skill,311.0
88296,88360,11,same_skill+sequence,311.0
88296,88364,10,sequence,
88296,97547,1,same_skill,311.0
88297,88314,1,same_skill,311.0
88297,88323,1,same_skill,311.0
88297,88326,1,same_skill,311.0
88297,88353,1,same_skill,311.0
88297,88383,1,same_skill,311.0
88298,88301,10,sequence,
88298,88304,1,same_skill,311.0
88298,88307,1,same_skill,311.0
88298,88312,10,sequence,
88298,88324,1,same_skill,311.0
88298,88351,1,same_skill,311.0
88298,88354,1,same_skill,311.0
88298,88368,1,same_skill,311.0
88299,88300,42,sequence,
88299,94585,32,sequence,
88300,88301,14,sequence,
88300,88319,40,sequence,
88300,88368,10,sequence,
88301,88320,1,same_skill,311.0
88301,88375,1,same_skill,311.0
88301,88384,1,same_skill,311.0
88302,88308,10,sequence,
88302,88318,1,same_skill,311.0
88302,88349,1,same_skill,311.0
88302,88361,1,same_skill,311.0
88303,88308,1,same_skill,311.0
88303,88341,1,same_skill,311.0
88303,88360,1,same_skill,311.0
88303,88363,1,same_skill,311.0
88303,97547,1,same_skill,311.0
88304,88307,1,same_skill,311.0
88304,88324,1,same_skill,311.0
88304,88326,11,sequence,
88304,88354,1,same_skill,311.0
88304,88368,1,same_skill,311.0
88304,88385,1,same_skill,311.0
88305,88315,1,same_skill,311.0
88305,88319,1,same_skill,311.0
88305,88329,1,same_skill,311.0
88305,88339,1,same_skill,311.0
88305,88382,1,same_skill,311.0
88305,88394,1,same_skill,311.0
88306,88311,1,same_skill,311.0
88306,88335,1,same_skill,311.0
88306,88362,1,same_skill,311.0
88307,88316,1,same_skill,311.0
88307,88324,1,same_skill,311.0
88307,88354,1,same_skill,311.0
88307,88385,1,same_skill,311.0
88308,88309,10,sequence,
88308,88322,1,same_skill,311.0
88308,88340,1,same_skill,311.0
88308,88363,1,same_skill,311.0
88308,88391,1,same_skill,311.0
88308,97547,1,same_skill,311.0
88309,88328,1,same_skill,311.0
88309,88336,1,same_skill,311.0
88309,88346,1,same_skill,311.0
88309,88347,1,same_skill,311.0
88309,88391,15,sequence,
88310,88316,10,sequence,
88310,88327,1,same_skill,311.0
88310,88331,1,same_skill,311.0
88310,88342,1,same_skill,311.0
88310,88352,1,same_skill,311.0
88310,88364,1,same_skill,311.0
88311,88335,1,same_skill,311.0
88311,88362,1,same_skill,311.0
88312,88313,1,same_skill,311.0
88312,88329,1,same_skill,311.0
88312,88333,1,same_skill,311.0
88312,88338,1,same_skill,311.0
88312,88350,11,sequence,
88312,88360,10,sequence,
88312,88382,1,same_skill,311.0
88312,88386,12,sequence,
88312,88389,11,same_skill+sequence,311.0
88312,88392,10,sequence,
88312,88394,1,same_skill,311.0
88313,88333,1,same_skill,311.0
88313,88338,1,same_skill,311.0
88313,88357,1,same_skill,311.0
88313,88389,1,same_skill,311.0
88313,88394,1,same_skill,311.0
88314,88321,12,sequence,
88314,88323,1,same_skill,311.0
88314,88326,1,same_skill,311.0
88314,88342,10,sequence,
88314,88348,1,same_skill,311.0
88315,88319,1,same_skill,311.0
88315,88321,1,same_skill,311.0
88315,88329,1,same_skill,311.0
88315,88339,1,same_skill,311.0
88315,88361,11,sequence,
88315,88382,1,same_skill,311.0
88316,88327,1,same_skill,311.0
88316,88331,12,same_skill+sequence,311.0
88316,88342,1,same_skill,311.0
88316,88354,1,same_skill,311.0
88316,88385,1,same_skill,311.0
88317,88320,1,same_skill,311.0
88317,88357,1,same_skill,311.0
88317,88375,12,same_skill+sequence,311.0
88317,88389,1,same_skill,311.0
88317,88390,1,same_skill,311.0
88318,88322,1,same_skill,311.0
88318,88349,1,same_skill,311.0
88318,88385,10,sequence,
88319,88321,1,same_skill,311.0
88319,88395,38,sequence,
88320,88341,10,sequence,
88320,88357,1,same_skill,311.0
88320,88375,1,same_skill,311.0
88320,88390,1,same_skill,311.0
88321,88347,10,sequence,
88322,88329,10,sequence,
88322,88340,1,same_skill,311.0
88322,88349,1,same_skill,311.0
88322,88391,1,same_skill,311.0
88323,88353,1,same_skill,311.0
88323,88383,1,same_skill,311.0
88324,88325,10,sequence,
88324,88351,1,same_skill,311.0
88324,88354,1,same_skill,311.0
88324,88368,1,same_skill,311.0
88324,88375,12,sequence,
88325,88366,1,same_skill,311.0
88325,88386,1,same_skill,311.0
88325,88392,1,same_skill,311.0
88326,88333,10,sequence,
88326,88334,1,same_skill,311.0
88326,88348,1,same_skill,311.0
88327,88331,1,same_skill,311.0
88327,88342,1,same_skill,311.0
88327,88352,1,same_skill,311.0
88328,88336,1,same_skill,311.0
88328,88346,1,same_skill,311.0
88328,88347,1,same_skill,311.0
88328,88355,1,same_skill,311.0
88329,88338,1,same_skill,311.0
88329,88339,1,same_skill,311.0
88329,88382,1,same_skill,311.0
88329,88394,1,same_skill,311.0
88330,88345,1,same_skill,311.0
88331,88342,1,same_skill,311.0
88331,88352,1,same_skill,311.0
88331,88385,1,same_skill,311.0
88332,88334,1,same_skill,311.0
88332,88348,1,same_skill,311.0
88332,88361,1,same_skill,311.0
88333,88338,1,same_skill,311.0
88333,88353,11,sequence,
88333,88357,1,same_skill,311.0
88333,88389,1,same_skill,311.0
88333,88390,1,same_skill,311.0
88334,88348,1,same_skill,311.0
88334,88369,10,sequence,
88335,88362,1,same_skill,311.0
88335,88385,10,sequence,
88336,88346,1,same_skill,311.0
88336,88355,1,same_skill,311.0
88336,88365,1,same_skill,311.0
88337,88338,11,sequence,
88338,88339,1,same_skill,311.0
88338,88357,10,sequence,
88338,88382,1,same_skill,311.0
88338,88390,14,sequence,
88338,88394,1,same_skill,311.0
88339,88382,1,same_skill,311.0
88339,88394,1,same_skill,311.0
88339,94585,44,sequence,
88340,88361,10,sequence,
88340,88363,1,same_skill,311.0
88340,88391,1,same_skill,311.0
88341,88351,1,same_skill,311.0
88341,88360,1,same_skill,311.0
88341,88368,1,same_skill,311.0
88341,88385,10,sequence,
88341,97547,1,same_skill,311.0
88342,88385,1,same_skill,311.0
88344,88364,1,same_skill,311.0
88344,88384,1,same_skill,311.0
88344,88395,12,same_skill+sequence,311.0
88346,88347,1,same_skill,311.0
88346,88355,1,same_skill,311.0
88346,88365,1,same_skill,311.0
88349,88354,11,sequence,
88349,88361,1,same_skill,311.0
88350,88375,10,sequence,
88351,88360,1,same_skill,311.0
88351,88368,1,same_skill,311.0
88351,88390,10,sequence,
88352,88364,1,same_skill,311.0
88352,88395,1,same_skill,311.0
88353,88365,1,same_skill,311.0
88353,88383,1,same_skill,311.0
88353,88389,11,sequence,
88354,88368,1,same_skill,311.0
88354,88385,1,same_skill,311.0
88355,88357,11,sequence,
88355,88365,1,same_skill,311.0
88355,88383,1,same_skill,311.0
88357,88389,1,same_skill,311.0
88357,88390,1,same_skill,311.0
88360,88363,1,same_skill,311.0
88360,97547,1,same_skill,311.0
88363,88391,1,same_skill,311.0
88363,97547,1,same_skill,311.0
88364,88371,10,sequence,
88364,88384,1,same_skill,311.0
88364,88395,1,same_skill,311.0
88365,88383,1,same_skill,311.0
88366,88386,1,same_skill,311.0
88366,88392,1,same_skill,311.0
88368,94584,49,sequence,
88369,88388,1,same_skill,311.0
88369,88390,10,sequence,
88375,88390,1,same_skill,311.0
88382,88394,1,same_skill,311.0
88384,88395,1,same_skill,311.0
88386,88392,1,same_skill,311.0
88389,88390,1,same_skill,311.0
88390,88394,11,sequence,
88391,97547,1,same_skill,311.0
88395,94589,36,sequence,
88406,88407,36,same_skill+sequence,54.0
88406,88410,11,sequence,
88406,88416,23,same_skill+sequence,54.0
88406,88418,10,sequence,
88406,88421,11,sequence,
88406,88428,12,sequence,
88406,88433,15,sequence,
88406,88435,15,same_skill+sequence,54.0
88406,88468,11,sequence,
88406,88469,34,sequence,
88406,88470,29,same_skill+sequence,54.0
88406,88471,22,sequence,
88406,88473,30,same_skill+sequence,54.0
88406,88476,14,sequence,
88406,88477,11,sequence,
88406,88479,11,sequence,
88406,88480,13,sequence,
88406,88483,13,sequence,
88406,88484,14,same_skill+sequence,54.0
88406,88488,11,sequence,
88406,88494,1,same_skill,54.0
88406,89641,13,sequence,
88407,88408,21,sequence,
88407,88410,1,same_skill,54.0
88407,88414,14,sequence,
88407,88416,29,same_skill+sequence,54.0
88407,88422,12,sequence,
88407,88427,10,sequence,
88407,88430,11,sequence,
88407,88470,23,same_skill+sequence,54.0
88407,88471,23,sequence,
88407,88473,20,same_skill+sequence,54.0
88407,88478,13,sequence,
88407,88482,10,sequence,
88407,88484,17,same_skill+sequence,54.0
88407,88489,10,sequence,
88407,88491,1,same_skill,54.0
88408,88409,21,sequence,
88408,88410,13,same_skill+sequence,54.0
88408,88411,10,sequence,
88408,88412,1,same_skill,54.0
88408,88427,1,same_skill,54.0
88408,88431,11,sequence,
88408,88468,11,sequence,
88408,88470,13,sequence,
88408,88471,1,same_skill,54.0
88408,88472,12,sequence,
88408,88478,11,sequence,
88408,88481,11,sequence,
88408,88482,12,sequence,
88408,88487,13,same_skill+sequence,54.0
88408,88491,1,same_skill,54.0
88409,88410,26,sequence,
88409,88412,11,sequence,
88409,88417,1,same_skill,54.0
88409,88425,1,same_skill,54.0
88409,88428,10,sequence,
88409,88434,11,sequence,
88409,88435,11,sequence,
88409,88474,1,same_skill,54.0
88409,88476,1,same_skill,54.0
88409,88477,1,same_skill,54.0
88409,88482,1,same_skill,54.0
88409,88484,12,sequence,
88409,88486,1,same_skill,54.0
88409,88490,13,sequence,
88409,88493,1,same_skill,54.0
88410,88411,11,sequence,
88410,88416,1,same_skill,54.0
88410,88427,11,same_skill+sequence,54.0
88410,88435,10,sequence,
88410,88466,24,sequence,
88410,88470,1,same_skill,54.0
88410,88473,12,same_skill+sequence,54.0
88410,88478,11,sequence,
88410,88479,10,sequence,
88410,88483,15,sequence,
88410,88485,10,sequence,
88410,88487,10,sequence,
88410,88491,33,same_skill+sequence,54.0
88411,88415,11,same_skill+sequence,54.0
88411,88419,10,sequence,
88411,88420,1,same_skill,54.0
88411,88421,1,same_skill,54.0
88411,88424,10,sequence,
88411,88431,1,same_skill,54.0
88411,88435,10,sequence,
88411,88469,1,same_skill,54.0
88411,88470,10,sequence,
88411,88471,11,sequence,
88411,88472,1,same_skill,54.0
88411,88479,10,sequence,
88411,88482,11,sequence,
88411,88495,1,same_skill,54.0
88412,88422,12,same_skill+sequence,54.0
88412,88426,1,same_skill,54.0
88412,88427,14,same_skill+sequence,54.0
88412,88433,16,sequence,
88412,88434,1,same_skill,54.0
88412,88471,1,same_skill,54.0
88412,88472,12,sequence,
88412,88480,13,sequence,
88412,88481,12,sequence,
88412,88484,14,sequence,
88412,88487,1,same_skill,54.0
88412,88493,11,sequence,
88412,88494,12,sequence,
88414,88415,1,same_skill,54.0
88414,88421,1,same_skill,54.0
88414,88422,10,sequence,
88414,88428,1,same_skill,54.0
88414,88431,11,sequence,
88414,88433,1,same_skill,54.0
88414,88467,1,same_skill,54.0
88414,88473,10,sequence,
88414,88474,10,sequence,
88414,88478,1,same_skill,54.0
88414,88479,1,same_skill,54.0
88414,88481,11,sequence,
88414,88484,12,sequence,
88414,88485,11,sequence,
88414,88490,1,same_skill,54.0
88415,88416,11,sequence,
88415,88420,1,same_skill,54.0
88415,88421,1,same_skill,54.0
88415,88431,12,sequence,
88415,88433,1,same_skill,54.0
88415,88435,11,sequence,
88415,88467,1,same_skill,54.0
88415,88468,15,sequence,
88415,88469,11,same_skill+sequence,54.0
88415,88478,11,sequence,
88415,88484,14,sequence,
88415,88487,10,sequence,
88415,88490,1,same_skill,54.0
88416,88418,12,sequence,
88416,88421,10,sequence,
88416,88422,12,sequence,
88416,88423,10,sequence,
88416,88428,10,sequence,
88416,88466,10,sequence,
88416,88470,31,same_skill+sequence,54.0
88416,88471,21,sequence,
88416,88473,28,same_skill+sequence,54.0
88416,88484,1,same_skill,54.0
88416,88491,11,sequence,
88416,88492,11,sequence,
88416,88494,1,same_skill,54.0
88417,88423,1,same_skill,54.0
88417,88424,12,sequence,
88417,88425,12,same_skill+sequence,54.0
88417,88428,12,sequence,
88417,88431,12,sequence,
88417,88477,1,same_skill,54.0
88417,88481,11,same_skill+sequence,54.0
88417,88482,1,same_skill,54.0
88417,88483,1,same_skill,54.0
88417,88484,11,sequence,
88417,88492,1,same_skill,54.0
88417,88493,12,sequence,
88417,88495,11,sequence,
88418,88422,10,sequence,
88418,88424,1,same_skill,54.0
88418,88425,10,sequence,
88418,88427,10,sequence,
88418,88429,1,same_skill,54.0
88418,88430,1,same_skill,54.0
88418,88433,10,sequence,
88418,88434,13,sequence,
88418,88468,10,sequence,
88418,88469,13,sequence,
88418,88478,12,sequence,
88418,88480,1,same_skill,54.0
88418,88485,13,same_skill+sequence,54.0
88418,88487,13,sequence,
88418,88488,1,same_skill,54.0
88418,88489,1,same_skill,54.0
88418,88490,11,sequence,
88418,88492,1,same_skill,54.0
88419,88424,1,same_skill,54.0
88419,88430,1,same_skill,54.0
88419,88431,1,same_skill,54.0
88419,88433,11,sequence,
88419,88466,10,sequence,
88419,88467,10,sequence,
88419,88468,1,same_skill,54.0
88419,88473,10,sequence,
88419,88475,1,same_skill,54.0
88419,88484,12,sequence,
88419,88492,15,sequence,
88419,88493,11,sequence,
88419,88495,1,same_skill,54.0
88420,88421,1,same_skill,54.0
88420,88424,11,sequence,
88420,88426,10,sequence,
88420,88429,10,sequence,
88420,88431,1,same_skill,54.0
88420,88433,1,same_skill,54.0
88420,88467,13,sequence,
88420,88469,1,same_skill,54.0
88420,88472,1,same_skill,54.0
88420,88475,11,sequence,
88420,88476,10,sequence,
88420,88480,10,sequence,
88420,88487,11,sequence,
88420,88490,11,sequence,
88420,88494,10,sequence,
88420,88495,1,same_skill,54.0
88421,88422,12,sequence,
88421,88429,11,sequence,
88421,88433,11,same_skill+sequence,54.0
88421,88434,10,sequence,
88421,88469,1,same_skill,54.0
88421,88470,10,sequence,
88421,88472,1,same_skill,54.0
88421,88478,11,sequence,
88421,88479,12,sequence,
88421,88487,11,sequence,
88421,88488,12,sequence,
88421,88489,10,sequence,
88421,88490,1,same_skill,54.0
88421,88492,11,sequence,
88421,88494,10,sequence,
88422,88425,11,sequence,
88422,88426,1,same_skill,54.0
88422,88430,11,sequence,
88422,88433,10,sequence,
88422,88434,1,same_skill,54.0
88422,88466,1,same_skill,54.0
88422,88467,10,sequence,
88422,88468,11,sequence,
88422,88471,1,same_skill,54.0
88422,88473,12,sequence,
88422,88478,12,same_skill+sequence,54.0
88422,88484,10,sequence,
88422,88486,13,sequence,
88422,88487,1,same_skill,54.0
88422,88488,10,sequence,
88422,88491,13,sequence,
88422,88493,10,sequence,
88422,88495,10,sequence,
88423,88429,1,same_skill,54.0
88423,88434,10,sequence,
88423,88471,10,sequence,
88423,88475,13,sequence,
88423,88476,10,sequence,
88423,88480,1,same_skill,54.0
88423,88481,1,same_skill,54.0
88423,88482,1,same_skill,54.0
88423,88483,11,same_skill+sequence,54.0
88423,88489,1,same_skill,54.0
88423,88491,10,sequence,
88423,88492,1,same_skill,54.0
88424,88425,11,sequence,
88424,88426,11,sequence,
88424,88427,11,sequence,
88424,88430,1,same_skill,54.0
88424,88435,13,sequence,
88424,88466,11,sequence,
88424,88468,11,same_skill+sequence,54.0
88424,88475,1,same_skill,54.0
88424,88484,16,sequence,
88424,88485,1,same_skill,54.0
88424,88487,11,sequence,
88424,88488,16,same_skill+sequence,54.0
88424,88490,10,sequence,
88424,88492,11,sequence,
88425,88467,10,sequence,
88425,88476,1,same_skill,54.0
88425,88477,1,same_skill,54.0
88425,88481,1,same_skill,54.0
88425,88482,1,same_skill,54.0
88425,88483,11,same_skill+sequence,54.0
88425,88486,10,sequence,
88425,88493,1,same_skill,54.0
88426,88428,1,same_skill,54.0
88426,88434,1,same_skill,54.0
88426,88466,1,same_skill,54.0
88426,88471,12,sequence,
88426,88472,12,sequence,
88426,88474,10,sequence,
88426,88475,14,sequence,
88426,88478,1,same_skill,54.0
88426,88479,1,same_skill,54.0
88426,88480,11,sequence,
88426,88486,11,sequence,
88426,88487,14,same_skill+sequence,54.0
88426,88490,11,sequence,
88427,88431,10,sequence,
88427,88470,1,same_skill,54.0
88427,88471,1,same_skill,54.0
88427,88478,11,sequence,
88427,88484,13,sequence,
88427,88488,11,sequence,
88427,88491,1,same_skill,54.0
88428,88433,1,same_skill,54.0
88428,88434,12,sequence,
88428,88466,1,same_skill,54.0
88428,88467,1,same_skill,54.0
88428,88478,17,same_skill+sequence,54.0
88428,88479,1,same_skill,54.0
88428,88487,10,sequence,
88428,88488,14,sequence,
88428,88490,1,same_skill,54.0
88429,88431,13,sequence,
88429,88435,16,sequence,
88429,88471,12,sequence,
88429,88480,1,same_skill,54.0
88429,88481,1,same_skill,54.0
88429,88483,1,same_skill,54.0
88429,88484,16,sequence,
88429,88486,12,sequence,
88429,88487,11,sequence,
88429,88488,1,same_skill,54.0
88429,88489,1,same_skill,54.0
88429,88492,1,same_skill,54.0
88430,88435,13,sequence,
88430,88467,12,sequence,
88430,88475,1,same_skill,54.0
88430,88479,13,sequence,
88430,88483,14,sequence,
88430,88485,1,same_skill,54.0
88430,88488,1,same_skill,54.0
88430,88489,1,same_skill,54.0
88430,88492,11,sequence,
88431,88468,11,same_skill+sequence,54.0
88431,88469,1,same_skill,54.0
88431,88472,1,same_skill,54.0
88431,88475,14,sequence,
88431,88477,11,sequence,
88431,88484,15,sequence,
88431,88485,10,sequence,
88431,88495,1,same_skill,54.0
88432,88474,1,same_skill,54.0
88432,88476,1,same_skill,54.0
88432,88481,10,sequence,
88432,88484,13,sequence,
88432,88486,1,same_skill,54.0
88432,88493,1,same_skill,54.0
88433,88467,1,same_skill,54.0
88433,88469,1,same_skill,54.0
88433,88473,12,sequence,
88433,88475,12,sequence,
88433,88476,11,sequence,
88433,88482,10,sequence,
88433,88490,1,same_skill,54.0
88433,88495,16,sequence,
88434,88435,10,sequence,
88434,88466,1,same_skill,54.0
88434,88471,1,same_skill,54.0
88434,88473,10,sequence,
88434,88478,1,same_skill,54.0
88434,88479,1,same_skill,54.0
88434,88484,10,sequence,
88434,88485,10,sequence,
88434,88487,1,same_skill,54.0
88434,88491,36,sequence,
88434,89641,12,sequence,
88435,88472,10,sequence,
88435,88473,1,same_skill,54.0
88435,88477,13,sequence,
88435,88478,11,sequence,
88435,88479,11,sequence,
88435,88483,13,sequence,
88435,88484,14,same_skill+sequence,54.0
88435,88488,10,sequence,
88435,88494,179,same_skill+sequence,54.0
88466,88467,19,same_skill+sequence,54.0
88466,88477,12,sequence,
88466,88478,11,same_skill+sequence,54.0
88466,88479,1,same_skill,54.0
88466,88480,10,sequence,
88466,88481,11,sequence,
88466,88482,13,sequence,
88466,88487,1,same_skill,54.0
88466,88488,10,sequence,
88466,88492,10,sequence,
88466,88493,10,sequence,
88466,88495,11,sequence,
88467,88468,19,sequence,
88467,88473,12,sequence,
88467,88478,1,same_skill,54.0
88467,88479,11,same_skill+sequence,54.0
88467,88481,10,sequence,
88467,88484,10,sequence,
88467,88490,1,same_skill,54.0
88468,88469,20,sequence,
88468,88472,1,same_skill,54.0
88468,88475,1,same_skill,54.0
88468,88476,10,sequence,
88468,88484,10,sequence,
88468,88485,13,sequence,
88468,88489,10,sequence,
88468,88495,12,same_skill+sequence,54.0
88469,88470,22,sequence,
88469,88472,1,same_skill,54.0
88469,88480,10,sequence,
88469,88490,33,same_skill+sequence,54.0
88469,88492,10,sequence,
88470,88471,24,sequence,
88470,88472,11,sequence,
88470,88473,30,same_skill+sequence,54.0
88470,88482,11,sequence,
88470,88491,1,same_skill,54.0
88471,88473,22,sequence,
88471,88483,11,sequence,
88471,88487,1,same_skill,54.0
88471,88491,1,same_skill,54.0
88471,90162,10,sequence,
88472,88476,12,sequence,
88472,88478,10,sequence,
88472,88482,10,sequence,
88472,88484,13,sequence,
88472,88489,10,sequence,
88472,88495,1,same_skill,54.0
88473,88477,10,sequence,
88473,88480,10,sequence,
88473,88484,17,same_skill+sequence,54.0
88473,88489,10,sequence,
88473,88494,12,same_skill+sequence,54.0
88473,90162,10,sequence,
88474,88476,1,same_skill,54.0
88474,88486,1,same_skill,54.0
88474,88493,1,same_skill,54.0
88474,88495,10,sequence,
88475,88479,13,sequence,
88475,88484,13,sequence,
88475,88485,1,same_skill,54.0
88475,88488,1,same_skill,54.0
88475,88491,11,sequence,
88475,88495,10,sequence,
88476,88477,1,same_skill,54.0
88476,88484,10,sequence,
88476,88486,1,same_skill,54.0
88476,88493,1,same_skill,54.0
88477,88481,1,same_skill,54.0
88477,88482,1,same_skill,54.0
88477,88484,12,sequence,
88477,88486,1,same_skill,54.0
88477,88487,10,sequence,
88477,88493,1,same_skill,54.0
88477,88495,11,sequence,
88478,88479,1,same_skill,54.0
88478,88480,15,sequence,
88478,88489,12,sequence,
88479,88487,10,sequence,
88479,88490,1,same_skill,54.0
88480,88483,1,same_skill,54.0
88480,88484,12,sequence,
88480,88485,1,same_skill,54.0
88480,88486,10,sequence,
88480,88488,1,same_skill,54.0
88480,88489,1,same_skill,54.0
88480,88492,1,same_skill,54.0
88480,88493,11,sequence,
88480,88494,11,sequence,
88480,88495,10,sequence,
88481,88482,11,same_skill+sequence,54.0
88481,88483,1,same_skill,54.0
88481,88484,10,sequence,
88481,88487,12,sequence,
88481,88492,1,same_skill,54.0
88482,88483,11,same_skill+sequence,54.0
88482,88484,10,sequence,
88482,88486,10,sequence,
88482,88491,10,sequence,
88482,88493,1,same_skill,54.0
88483,88485,12,sequence,
88483,88487,11,sequence,
88483,88492,1,same_skill,54.0
88484,88486,12,sequence,
88484,88487,11,sequence,
88484,88490,13,sequence,
88484,88492,12,sequence,
88484,88494,1,same_skill,54.0
88485,88488,1,same_skill,54.0
88485,88489,11,same_skill+sequence,54.0
88485,88490,12,sequence,
88486,88493,1,same_skill,54.0
88487,88492,10,sequence,
88488,88489,1,same_skill,54.0
88489,88492,1,same_skill,54.0
88489,88494,11,sequence,
88490,88491,36,sequence,
88490,88492,12,sequence,
88494,88495,11,sequence,
88498,94843,19,sequence,
88498,97547,19,sequence,
88499,88544,1,same_skill,276.0
88499,94851,13,sequence,
88544,94855,12,sequence,
8857,98874,25,sequence,
894,89641,1,same_skill,75.0
89619,89632,201,same_skill+sequence,75.0
89619,89641,204,same_skill+sequence,75.0
89619,89646,1,same_skill,75.0
89632,89646,1,same_skill,75.0
89641,89646,206,sequence,
89661,89666,11,sequence,
89661,89668,11,sequence,
89661,89669,1,same_skill,277.0
89661,89706,1,same_skill,277.0
89661,89709,1,same_skill,277.0
89661,89720,11,sequence,
89661,89723,1,same_skill,277.0
89661,89726,1,same_skill,277.0
89661,89729,1,same_skill,277.0
89661,89738,10,sequence,
89661,89740,18,sequence,
89661,89742,12,sequence,
89661,89748,11,sequence,
89661,89760,11,sequence,
89662,89663,10,sequence,
89662,89669,10,sequence,
89662,89705,10,sequence,
89662,89711,10,sequence,
89662,89713,1,same_skill,277.0
89662,89715,10,sequence,
89662,89718,1,same_skill,277.0
89662,89724,1,same_skill,277.0
89662,89728,10,sequence,
89662,89730,1,same_skill,277.0
89662,89733,10,sequence,
89662,89739,10,sequence,
89662,89744,1,same_skill,277.0
89662,89748,1,same_skill,277.0
89662,89750,11,sequence,
89662,89752,10,sequence,
89662,89753,1,same_skill,277.0
89662,89754,1,same_skill,277.0
89662,89757,11,sequence,
89663,89664,10,sequence,
89663,89666,1,same_skill,277.0
89663,89670,13,sequence,
89663,89708,1,same_skill,277.0
89663,89711,1,same_skill,277.0
89663,89714,1,same_skill,277.0
89663,89719,12,sequence,
89663,89720,11,sequence,
89663,89733,10,sequence,
89663,89734,10,sequence,
89663,89735,11,sequence,
89663,89737,1,same_skill,277.0
89663,89743,1,same_skill,277.0
89663,89749,13,sequence,
89663,89750,10,sequence,
89663,89757,12,sequence,
89663,89758,16,sequence,
89664,89665,12,same_skill+sequence,277.0
89664,89670,12,sequence,
89664,89707,12,sequence,
89664,89709,13,sequence,
89664,89710,1,same_skill,277.0
89664,89716,1,same_skill,277.0
89664,89726,13,sequence,
89664,89729,1,same_skill,277.0
89664,89737,12,sequence,
89664,89739,13,sequence,
89664,89742,12,sequence,
89664,89744,11,sequence,
89664,89745,13,sequence,
89664,89748,11,sequence,
89664,89750,1,same_skill,277.0
89664,89752,12,same_skill+sequence,277.0
89665,89669,1,same_skill,277.0
89665,89670,14,sequence,
89665,89702,10,sequence,
89665,89706,10,sequence,
89665,89709,10,sequence,
89665,89710,1,same_skill,277.0
89665,89716,1,same_skill,277.0
89665,89718,11,sequence,
89665,89722,10,sequence,
89665,89729,1,same_skill,277.0
89665,89732,10,sequence,
89665,89747,11,sequence,
89665,89749,13,sequence,
89665,89750,1,same_skill,277.0
89665,89752,1,same_skill,277.0
89666,89667,13,sequence,
89666,89708,13,same_skill+sequence,277.0
89666,89710,11,sequence,
89666,89714,1,same_skill,277.0
89666,89719,10,sequence,
89666,89726,11,sequence,
89666,89729,10,sequence,
89666,89737,12,sequence,
89666,89739,10,sequence,
89666,89743,12,same_skill+sequence,277.0
89666,89745,1,same_skill,277.0
89666,89748,11,sequence,
89666,89753,10,sequence,
89667,89702,1,same_skill,277.0
89667,89707,1,same_skill,277.0
89667,89710,11,sequence,
89667,89713,10,sequence,
89667,89715,10,sequence,
89667,89719,1,same_skill,277.0
89667,89722,1,same_skill,277.0
89667,89725,10,sequence,
89667,89730,10,sequence,
89667,89733,12,sequence,
89667,89736,1,same_skill,277.0
89667,89743,11,sequence,
89668,89670,1,same_skill,277.0
89668,89708,13,sequence,
89668,89709,11,sequence,
89668,89712,13,sequence,
89668,89714,1,same_skill,277.0
89668,89717,1,same_skill,277.0
89668,89720,12,sequence,
89668,89729,10,sequence,
89668,89735,11,sequence,
89668,89736,10,sequence,
89668,89739,1,same_skill,277.0
89668,89745,1,same_skill,277.0
89668,89746,11,sequence,
89668,89749,11,sequence,
89668,89757,12,sequence,
89668,89758,10,sequence,
89669,89670,10,sequence,
89669,89704,13,sequence,
89669,89705,12,sequence,
89669,89706,1,same_skill,277.0
89669,89710,10,sequence,
89669,89718,10,sequence,
89669,89723,1,same_skill,277.0
89669,89726,1,same_skill,277.0
89669,89729,12,same_skill+sequence,277.0
89669,89732,12,sequence,
89669,89733,10,sequence,
89669,89736,11,sequence,
89669,89737,14,sequence,
89669,89740,12,sequence,
89669,89750,11,sequence,
89669,89752,1,same_skill,277.0
89669,89759,11,sequence,
89670,89714,10,sequence,
89670,89717,11,same_skill+sequence,277.0
89670,89736,11,sequence,
89670,89739,1,same_skill,277.0
89670,89741,12,sequence,
89670,89745,1,same_skill,277.0
89670,89747,12,sequence,
89670,89749,1,same_skill,277.0
89670,89759,11,sequence,
89670,89760,11,sequence,
89701,89708,15,sequence,
89701,89711,1,same_skill,277.0
89701,89720,11,sequence,
89701,89721,10,sequence,
89701,89722,11,sequence,
89701,89728,12,sequence,
89701,89729,11,sequence,
89701,89735,1,same_skill,277.0
89701,89737,1,same_skill,277.0
89701,89738,13,sequence,
89701,89739,11,sequence,
89701,89742,12,sequence,
89701,89747,10,sequence,
89701,89750,11,sequence,
89701,89756,11,sequence,
89701,89760,1,same_skill,277.0
89702,89703,12,sequence,
89702,89705,12,sequence,
89702,89707,14,sequence,
89702,89711,11,sequence,
89702,89722,11,same_skill+sequence,277.0
89702,89725,11,sequence,
89702,89731,10,sequence,
89702,89736,1,same_skill,277.0
89702,89757,1,same_skill,277.0
89702,89888,24,sequence,
89703,89706,10,sequence,
89703,89709,10,sequence,
89703,89710,10,sequence,
89703,89711,11,sequence,
89703,89713,1,same_skill,277.0
89703,89715,1,same_skill,277.0
89703,89716,10,sequence,
89703,89718,1,same_skill,277.0
89703,89725,11,same_skill+sequence,277.0
89703,89739,10,sequence,
89703,89744,1,same_skill,277.0
89703,89745,10,sequence,
89703,89749,13,sequence,
89703,89754,12,same_skill+sequence,277.0
89703,89755,1,same_skill,277.0
89704,89705,217,sequence,
89704,89727,1,same_skill,277.0
89704,89733,15,sequence,
89704,89736,10,sequence,
89704,89747,1,same_skill,277.0
89704,89756,1,same_skill,277.0
89704,89759,1,same_skill,277.0
89704,89760,11,sequence,
89705,89711,12,sequence,
89705,89715,11,sequence,
89705,89722,10,sequence,
89705,89723,14,sequence,
89705,89731,31,sequence,
89705,89732,13,same_skill+sequence,277.0
89705,89734,33,sequence,
89705,89736,12,sequence,
89705,89738,27,same_skill+sequence,277.0
89705,89746,39,same_skill+sequence,277.0
89705,89756,12,sequence,
89705,89758,36,same_skill+sequence,277.0
89705,89759,10,sequence,
89706,89708,10,sequence,
89706,89709,1,same_skill,277.0
89706,89711,11,sequence,
89706,89712,11,sequence,
89706,89723,1,same_skill,277.0
89706,89726,1,same_skill,277.0
89706,89729,11,same_skill+sequence,277.0
89706,89735,13,sequence,
89706,89743,13,sequence,
89706,89749,10,sequence,
89706,89755,1,same_skill,277.0
89707,89708,11,sequence,
89707,89716,10,sequence,
89707,89718,10,sequence,
89707,89719,1,same_skill,277.0
89707,89721,11,sequence,
89707,89722,1,same_skill,277.0
89707,89725,14,sequence,
89707,89735,1,same_skill,277.0
89707,89739,12,sequence,
89707,89741,10,sequence,
89707,89742,11,sequence,
89707,89748,13,sequence,
89707,89758,10,sequence,
89707,89759,12,sequence,
89707,89760,1,same_skill,277.0
89708,89711,1,same_skill,277.0
89708,89712,13,sequence,
89708,89714,1,same_skill,277.0
89708,89718,10,sequence,
89708,89728,10,sequence,
89708,89737,1,same_skill,277.0
89708,89742,13,sequence,
89708,89743,1,same_skill,277.0
89708,89750,10,sequence,
89708,89758,12,sequence,
89708,89759,12,sequence,
89708,89760,12,sequence,
89709,89715,1,same_skill,277.0
89709,89720,11,sequence,
89709,89723,1,same_skill,277.0
89709,89725,12,same_skill+sequence,277.0
89709,89726,1,same_skill,277.0
89709,89728,11,sequence,
89709,89737,14,sequence,
89709,89740,10,sequence,
89709,89742,10,sequence,
89709,89744,10,sequence,
89709,89746,10,sequence,
89709,89755,1,same_skill,277.0
89709,89757,11,sequence,
89709,89758,11,sequence,
89710,89711,10,sequence,
89710,89716,1,same_skill,277.0
89710,89725,10,sequence,
89710,89728,10,sequence,
89710,89737,10,sequence,
89710,89739,12,sequence,
89710,89740,1,same_skill,277.0
89710,89750,1,same_skill,277.0
89710,89752,13,same_skill+sequence,277.0
89711,89714,11,sequence,
89711,89715,10,sequence,
89711,89716,15,sequence,
89711,89720,13,sequence,
89711,89723,10,sequence,
89711,89735,1,same_skill,277.0
89711,89737,1,same_skill,277.0
89711,89743,1,same_skill,277.0
89711,89760,10,sequence,
89712,89714,10,sequence,
89712,89720,214,same_skill+sequence,277.0
89712,89723,11,sequence,
89712,89728,1,same_skill,277.0
89712,89732,1,same_skill,277.0
89712,89733,11,sequence,
89712,89734,10,sequence,
89712,89738,11,sequence,
89712,89742,1,same_skill,277.0
89712,89745,11,sequence,
89712,89746,11,sequence,
89712,89756,1,same_skill,277.0
89712,89757,11,sequence,
89712,89760,10,sequence,
89713,89714,10,sequence,
89713,89715,1,same_skill,277.0
89713,89718,1,same_skill,277.0
89713,89725,1,same_skill,277.0
89713,89743,10,sequence,
89713,89744,13,same_skill+sequence,277.0
89713,89747,10,sequence,
89713,89754,1,same_skill,277.0
89713,89755,1,same_skill,277.0
89713,89757,14,sequence,
89713,89760,10,sequence,
89714,89716,11,sequence,
89714,89719,11,sequence,
89714,89733,11,sequence,
89714,89734,12,sequence,
89714,89743,1,same_skill,277.0
89714,89745,1,same_skill,277.0
89714,89746,10,sequence,
89715,89718,1,same_skill,277.0
89715,89719,10,sequence,
89715,89721,10,sequence,
89715,89725,1,same_skill,277.0
89715,89727,10,sequence,
89715,89732,10,sequence,
89715,89733,10,sequence,
89715,89735,10,sequence,
89715,89744,1,same_skill,277.0
89715,89748,12,sequence,
89715,89749,15,sequence,
89715,89755,1,same_skill,277.0
89715,89757,11,sequence,
89716,89718,12,sequence,
89716,89722,10,sequence,
89716,89726,10,sequence,
89716,89733,11,sequence,
89716,89739,10,sequence,
89716,89740,1,same_skill,277.0
89716,89741,10,sequence,
89716,89743,10,sequence,
89716,89748,10,sequence,
89716,89749,11,same_skill+sequence,277.0
89716,89750,1,same_skill,277.0
89716,89752,1,same_skill,277.0
89716,89756,12,sequence,
89717,89725,14,sequence,
89717,89739,1,same_skill,277.0
89717,89740,1,same_skill,277.0
89717,89745,1,same_skill,277.0
89717,89749,1,same_skill,277.0
89717,89759,11,sequence,
89718,89725,1,same_skill,277.0
89718,89729,11,sequence,
89718,89730,1,same_skill,277.0
89718,89732,12,sequence,
89718,89737,10,sequence,
89718,89744,1,same_skill,277.0
89718,89746,10,sequence,
89718,89754,13,same_skill+sequence,277.0
89719,89722,1,same_skill,277.0
89719,89725,10,sequence,
89719,89726,10,sequence,
89719,89743,12,sequence,
89719,89745,10,sequence,
89719,89746,10,sequence,
89719,89760,1,same_skill,277.0
89720,89721,12,sequence,
89720,89722,10,sequence,
89720,89727,217,sequence,
89720,89728,1,same_skill,277.0
89720,89732,1,same_skill,277.0
89720,89734,11,sequence,
89720,89738,10,sequence,
89720,89742,27,same_skill+sequence,277.0
89720,89746,10,sequence,
89720,89752,11,sequence,
89720,89758,13,same_skill+sequence,277.0
89720,89760,14,sequence,
89721,89735,10,sequence,
89721,89748,1,same_skill,277.0
89721,89753,1,same_skill,277.0
89721,89754,10,sequence,
89721,89758,13,sequence,
89722,89736,1,same_skill,277.0
89722,89745,11,sequence,
89722,89750,11,sequence,
89722,89758,13,sequence,
89723,89725,1,same_skill,277.0
89723,89726,13,same_skill+sequence,277.0
89723,89729,12,sequence,
89723,89730,10,sequence,
89723,89737,11,sequence,
89723,89755,1,same_skill,277.0
89723,89757,13,sequence,
89723,89760,10,sequence,
89724,89726,12,sequence,
89724,89730,1,same_skill,277.0
89724,89743,10,sequence,
89724,89744,1,same_skill,277.0
89724,89745,10,sequence,
89724,89748,1,same_skill,277.0
89724,89753,1,same_skill,277.0
89724,89754,11,same_skill+sequence,277.0
89725,89753,10,sequence,
89725,89755,14,same_skill+sequence,277.0
89726,89729,1,same_skill,277.0
89726,89734,12,sequence,
89726,89736,11,sequence,
89726,89741,10,sequence,
89726,89746,12,sequence,
89726,89752,1,same_skill,277.0
89727,89728,213,sequence,
89727,89732,15,sequence,
89727,89734,10,sequence,
89727,89738,10,sequence,
89727,89746,11,sequence,
89727,89747,1,same_skill,277.0
89727,89759,1,same_skill,277.0
89727,89884,10,sequence,
89728,89730,11,sequence,
89728,89731,213,sequence,
89728,89732,1,same_skill,277.0
89728,89742,1,same_skill,277.0
89728,89752,10,sequence,
89728,89756,1,same_skill,277.0
89728,89758,16,same_skill+sequence,277.0
89729,89752,12,same_skill+sequence,277.0
89729,89760,15,sequence,
89730,89739,10,sequence,
89730,89744,14,same_skill+sequence,277.0
89730,89748,1,same_skill,277.0
89730,89753,1,same_skill,277.0
89730,89754,11,same_skill+sequence,277.0
89730,89755,10,sequence,
89730,89757,10,sequence,
89730,89758,10,sequence,
89730,89760,15,sequence,
89731,89732,227,sequence,
89731,89734,29,same_skill+sequence,277.0
89731,89737,12,sequence,
89731,89738,38,same_skill+sequence,277.0
89731,89742,10,sequence,
89731,89746,39,sequence,
89731,89756,12,sequence,
89731,89757,11,sequence,
89731,89758,34,sequence,
89732,89733,25,sequence,
89732,89734,207,sequence,
89732,89736,11,sequence,
89732,89738,11,sequence,
89732,89739,13,sequence,
89732,89745,17,sequence,
89732,89746,14,same_skill+sequence,277.0
89732,89758,1,same_skill,277.0
89732,89760,11,sequence,
89732,89884,11,sequence,
89733,89734,25,sequence,
89733,89736,1,same_skill,277.0
89733,89741,1,same_skill,277.0
89733,89742,12,sequence,
89733,89744,14,sequence,
89733,89746,15,sequence,
89733,89754,11,sequence,
89733,89757,12,same_skill+sequence,277.0
89733,89759,11,same_skill+sequence,277.0
89734,89735,24,sequence,
89734,89737,11,sequence,
89734,89738,237,sequence,
89734,89741,11,sequence,
89734,89742,10,sequence,
89734,89746,36,sequence,
89734,89750,15,sequence,
89734,89758,35,sequence,
89735,89736,28,sequence,
89735,89737,1,same_skill,277.0
89735,89740,11,sequence,
89735,89747,10,sequence,
89735,89749,11,sequence,
89735,89754,11,sequence,
89735,89756,11,sequence,
89735,89760,1,same_skill,277.0
89736,89737,22,sequence,
89736,89739,10,sequence,
89736,89754,10,sequence,
89736,89757,1,same_skill,277.0
89737,89738,29,sequence,
89737,89746,10,sequence,
89737,89748,14,sequence,
89737,89749,10,sequence,
89737,89750,10,sequence,
89737,89755,10,sequence,
89738,89739,20,sequence,
89738,89741,10,sequence,
89738,89742,217,sequence,
89738,89744,12,sequence,
89738,89746,27,same_skill+sequence,277.0
89738,89747,10,sequence,
89738,89753,10,sequence,
89738,89757,10,sequence,
89738,89758,28,same_skill+sequence,277.0
89739,89740,27,same_skill+sequence,277.0
89739,89742,10,sequence,
89739,89743,10,sequence,
89739,89745,10,sequence,
89739,89749,1,same_skill,277.0
89739,89750,1,same_skill,277.0
89740,89741,26,sequence,
89740,89742,10,sequence,
89740,89745,10,sequence,
89740,89749,12,same_skill+sequence,277.0
89740,89750,1,same_skill,277.0
89740,89759,11,sequence,
89741,89746,14,sequence,
89741,89757,1,same_skill,277.0
89741,89759,1,same_skill,277.0
89742,89746,213,sequence,
89742,89747,1,same_skill,277.0
89742,89756,1,same_skill,277.0
89743,89745,11,sequence,
89744,89748,11,sequence,
89744,89752,10,sequence,
89744,89754,15,same_skill+sequence,277.0
89745,89746,10,sequence,
89745,89752,10,sequence,
89745,89756,10,sequence,
89746,89747,211,sequence,
89746,89748,12,sequence,
89746,89749,15,sequence,
89746,89750,10,sequence,
89746,89758,29,same_skill+sequence,277.0
89747,89753,11,sequence,
89747,89756,212,same_skill+sequence,277.0
89747,89760,10,sequence,
89748,89750,12,sequence,
89748,89753,1,same_skill,277.0
89749,89750,1,same_skill,277.0
89749,89752,10,sequence,
89749,89756,10,sequence,
89750,89752,10,sequence,
89750,89757,10,sequence,
89752,89757,11,sequence,
89753,89754,1,same_skill,277.0
89753,89755,10,sequence,
89754,89755,21,sequence,
89754,89757,10,sequence,
89754,89759,10,sequence,
89755,89756,12,sequence,
89755,89758,10,sequence,
89755,89760,16,sequence,
89756,89757,11,sequence,
89757,89758,13,sequence,
89757,89759,1,same_skill,277.0
89821,89859,1,same_skill,277.0
89821,89922,1,same_skill,277.0
89821,89935,1,same_skill,277.0
89821,89946,1,same_skill,277.0
89821,89951,1,same_skill,277.0
89821,89953,1,same_skill,277.0
89821,89964,1,same_skill,277.0
89822,89887,1,same_skill,277.0
89822,89895,1,same_skill,277.0
89822,89910,1,same_skill,277.0
89822,89914,1,same_skill,277.0
89822,89918,1,same_skill,277.0
89822,89919,1,same_skill,277.0
89822,89949,1,same_skill,277.0
89823,89825,1,same_skill,277.0
89823,89852,10,sequence,
89823,89926,1,same_skill,277.0
89823,89933,1,same_skill,277.0
89824,89883,24,sequence,
89824,89886,1,same_skill,277.0
89824,89912,27,sequence,
89824,89938,1,same_skill,277.0
89824,89945,1,same_skill,277.0
89824,89952,1,same_skill,277.0
89824,89965,1,same_skill,277.0
89824,89966,1,same_skill,277.0
89825,89921,1,same_skill,277.0
89825,89926,1,same_skill,277.0
89825,89933,1,same_skill,277.0
89826,89851,1,same_skill,277.0
89826,89889,1,same_skill,277.0
89826,89906,1,same_skill,277.0
89826,89929,1,same_skill,277.0
89826,89940,1,same_skill,277.0
89826,89944,1,same_skill,277.0
89826,89947,1,same_skill,277.0
89827,89829,1,same_skill,277.0
89827,89868,1,same_skill,277.0
89827,89883,1,same_skill,277.0
89827,89886,10,sequence,
89827,89939,1,same_skill,277.0
89827,89960,1,same_skill,277.0
89827,89967,1,same_skill,277.0
89828,89921,1,same_skill,277.0
89828,89928,1,same_skill,277.0
89829,89883,1,same_skill,277.0
89829,89893,1,same_skill,277.0
89829,89900,1,same_skill,277.0
89829,89939,1,same_skill,277.0
89829,89960,1,same_skill,277.0
89829,89967,1,same_skill,277.0
89830,89858,1,same_skill,277.0
89830,89859,1,same_skill,277.0
89830,89935,1,same_skill,277.0
89830,89951,1,same_skill,277.0
89830,89964,1,same_skill,277.0
89830,89965,1,same_skill,277.0
89851,89882,1,same_skill,277.0
89851,89889,1,same_skill,277.0
89851,89906,1,same_skill,277.0
89851,89940,1,same_skill,277.0
89851,89941,1,same_skill,277.0
89851,89944,1,same_skill,277.0
89851,89947,1,same_skill,277.0
89852,89855,1,same_skill,277.0
89852,89857,1,same_skill,277.0
89852,89896,1,same_skill,277.0
89852,89916,1,same_skill,277.0
89852,89936,1,same_skill,277.0
89853,89860,1,same_skill,277.0
89853,89867,1,same_skill,277.0
89853,89869,1,same_skill,277.0
89853,89903,1,same_skill,277.0
89853,89913,1,same_skill,277.0
89853,89970,1,same_skill,277.0
89854,89885,1,same_skill,277.0
89854,89907,1,same_skill,277.0
89854,89924,1,same_skill,277.0
89854,89930,1,same_skill,277.0
89854,89954,1,same_skill,277.0
89854,89963,1,same_skill,277.0
89855,89857,1,same_skill,277.0
89855,89896,1,same_skill,277.0
89855,89916,1,same_skill,277.0
89855,89936,1,same_skill,277.0
89856,89962,1,same_skill,277.0
89856,89968,1,same_skill,277.0
89857,89896,1,same_skill,277.0
89857,89916,1,same_skill,277.0
89857,89934,1,same_skill,277.0
89858,89859,1,same_skill,277.0
89858,89935,1,same_skill,277.0
89858,89952,1,same_skill,277.0
89858,89964,1,same_skill,277.0
89858,89965,1,same_skill,277.0
89859,89907,10,sequence,
89859,89935,1,same_skill,277.0
89859,89951,1,same_skill,277.0
89859,89964,1,same_skill,277.0
89860,89867,1,same_skill,277.0
89860,89869,1,same_skill,277.0
89860,89903,1,same_skill,277.0
89860,89905,1,same_skill,277.0
89860,89913,1,same_skill,277.0
89860,89970,1,same_skill,277.0
89861,89863,1,same_skill,277.0
89861,89869,1,same_skill,277.0
89861,89902,1,same_skill,277.0
89861,89925,1,same_skill,277.0
89861,89951,11,sequence,
89861,89970,1,same_skill,277.0
89862,89896,1,same_skill,277.0
89862,89936,1,same_skill,277.0
89862,89937,1,same_skill,277.0
89863,89902,1,same_skill,277.0
89863,89925,1,same_skill,277.0
89863,89959,1,same_skill,277.0
89863,89970,1,same_skill,277.0
89864,89885,1,same_skill,277.0
89864,89887,1,same_skill,277.0
89864,89895,1,same_skill,277.0
89864,89918,1,same_skill,277.0
89864,89919,1,same_skill,277.0
89864,89924,1,same_skill,277.0
89864,89930,1,same_skill,277.0
89865,89868,1,same_skill,277.0
89865,89883,1,same_skill,277.0
89865,89909,1,same_skill,277.0
89865,89956,1,same_skill,277.0
89865,89967,1,same_skill,277.0
89866,89891,1,same_skill,277.0
89866,89912,1,same_skill,277.0
89866,89915,1,same_skill,277.0
89866,89927,1,same_skill,277.0
89866,89929,1,same_skill,277.0
89866,89944,1,same_skill,277.0
89866,89947,1,same_skill,277.0
89867,89869,1,same_skill,277.0
89867,89903,1,same_skill,277.0
89867,89905,1,same_skill,277.0
89867,89913,1,same_skill,277.0
89867,89942,1,same_skill,277.0
89867,89970,1,same_skill,277.0
89868,89883,1,same_skill,277.0
89868,89909,1,same_skill,277.0
89868,89939,1,same_skill,277.0
89868,89956,1,same_skill,277.0
89868,89967,1,same_skill,277.0
89869,89913,1,same_skill,277.0
89869,89922,10,sequence,
89869,89970,1,same_skill,277.0
89870,89893,1,same_skill,277.0
89870,89900,1,same_skill,277.0
89870,89911,1,same_skill,277.0
89870,89932,1,same_skill,277.0
89870,89957,1,same_skill,277.0
89870,89960,1,same_skill,277.0
89881,89923,1,same_skill,277.0
89881,89962,1,same_skill,277.0
89881,89969,1,same_skill,277.0
89882,89889,1,same_skill,277.0
89882,89906,1,same_skill,277.0
89882,89940,1,same_skill,277.0
89882,89941,1,same_skill,277.0
89882,89950,1,same_skill,277.0
89882,89955,1,same_skill,277.0
89882,89958,1,same_skill,277.0
89883,89888,24,sequence,
89883,89939,1,same_skill,277.0
89883,89967,1,same_skill,277.0
89884,89888,1,same_skill,277.0
89884,89890,11,sequence,
89884,89893,10,sequence,
89884,89938,10,sequence,
89884,89947,10,sequence,
89885,89887,1,same_skill,277.0
89885,89918,1,same_skill,277.0
89885,89924,1,same_skill,277.0
89885,89926,10,sequence,
89885,89930,1,same_skill,277.0
89885,89954,1,same_skill,277.0
89886,89897,10,sequence,
89886,89945,1,same_skill,277.0
89886,89952,1,same_skill,277.0
89886,89965,1,same_skill,277.0
89887,89895,1,same_skill,277.0
89887,89918,1,same_skill,277.0
89887,89919,1,same_skill,277.0
89887,89924,1,same_skill,277.0
89888,89938,1,same_skill,277.0
89888,89948,1,same_skill,277.0
89888,89966,1,same_skill,277.0
89889,89906,1,same_skill,277.0
89889,89940,1,same_skill,277.0
89889,89944,1,same_skill,277.0
89889,89947,1,same_skill,277.0
89890,89892,1,same_skill,277.0
89890,89901,1,same_skill,277.0
89890,89908,1,same_skill,277.0
89890,89920,1,same_skill,277.0
89890,89943,1,same_skill,277.0
89890,89961,1,same_skill,277.0
89891,89912,1,same_skill,277.0
89891,89915,1,same_skill,277.0
89891,89922,1,same_skill,277.0
89891,89927,1,same_skill,277.0
89891,89929,1,same_skill,277.0
89891,89947,1,same_skill,277.0
89892,89901,1,same_skill,277.0
89892,89906,10,sequence,
89892,89908,1,same_skill,277.0
89892,89920,1,same_skill,277.0
89892,89931,1,same_skill,277.0
89892,89943,1,same_skill,277.0
89892,89961,1,same_skill,277.0
89893,89900,1,same_skill,277.0
89893,89911,1,same_skill,277.0
89893,89918,11,sequence,
89893,89932,1,same_skill,277.0
89893,89957,1,same_skill,277.0
89893,89960,1,same_skill,277.0
89894,89907,1,same_skill,277.0
89894,89909,1,same_skill,277.0
89894,89954,1,same_skill,277.0
89894,89956,1,same_skill,277.0
89894,89963,1,same_skill,277.0
89895,89914,1,same_skill,277.0
89895,89918,1,same_skill,277.0
89895,89919,1,same_skill,277.0
89895,89924,1,same_skill,277.0
89896,89916,1,same_skill,277.0
89896,89936,1,same_skill,277.0
89897,89899,1,same_skill,277.0
89898,89923,1,same_skill,277.0
89898,89928,1,same_skill,277.0
89898,89959,10,sequence,
89898,89969,1,same_skill,277.0
89900,89911,1,same_skill,277.0
89900,89926,10,sequence,
89900,89939,1,same_skill,277.0
89900,89957,1,same_skill,277.0
89900,89960,1,same_skill,277.0
89901,89910,1,same_skill,277.0
89901,89914,1,same_skill,277.0
89901,89943,1,same_skill,277.0
89901,89949,1,same_skill,277.0
89902,89925,1,same_skill,277.0
89902,89932,1,same_skill,277.0
89902,89959,1,same_skill,277.0
89903,89905,1,same_skill,277.0
89903,89913,1,same_skill,277.0
89903,89942,1,same_skill,277.0
89903,89955,1,same_skill,277.0
89903,89958,1,same_skill,277.0
89904,89933,1,same_skill,277.0
89905,89913,1,same_skill,277.0
89905,89942,1,same_skill,277.0
89905,89950,1,same_skill,277.0
89905,89955,1,same_skill,277.0
89905,89958,1,same_skill,277.0
89906,89940,1,same_skill,277.0
89906,89941,1,same_skill,277.0
89906,89950,1,same_skill,277.0
89906,89958,1,same_skill,277.0
89907,89954,1,same_skill,277.0
89907,89956,1,same_skill,277.0
89907,89963,1,same_skill,277.0
89908,89920,1,same_skill,277.0
89908,89931,1,same_skill,277.0
89908,89951,11,sequence,
89908,89961,1,same_skill,277.0
89909,89956,1,same_skill,277.0
89909,89967,1,same_skill,277.0
89910,89914,1,same_skill,277.0
89910,89919,1,same_skill,277.0
89910,89943,1,same_skill,277.0
89910,89949,1,same_skill,277.0
89911,89913,12,sequence,
89911,89925,1,same_skill,277.0
89911,89932,1,same_skill,277.0
89911,89957,1,same_skill,277.0
89911,89959,1,same_skill,277.0
89912,89915,1,same_skill,277.0
89912,89922,1,same_skill,277.0
89912,89927,1,same_skill,277.0
89912,89929,1,same_skill,277.0
89912,89946,1,same_skill,277.0
89913,89942,1,same_skill,277.0
89913,89955,1,same_skill,277.0
89914,89919,1,same_skill,277.0
89914,89949,1,same_skill,277.0
89915,89922,1,same_skill,277.0
89915,89927,1,same_skill,277.0
89915,89929,1,same_skill,277.0
89915,89946,1,same_skill,277.0
89915,89953,1,same_skill,277.0
89916,89936,1,same_skill,277.0
89916,89938,11,sequence,
89918,89919,1,same_skill,277.0
89918,89924,1,same_skill,277.0
89920,89931,1,same_skill,277.0
89920,89961,1,same_skill,277.0
89921,89926,1,same_skill,277.0
89921,89928,1,same_skill,277.0
89922,89927,1,same_skill,277.0
89922,89946,1,same_skill,277.0
89922,89953,1,same_skill,277.0
89923,89962,1,same_skill,277.0
89923,89969,1,same_skill,277.0
89924,89930,1,same_skill,277.0
89925,89932,1,same_skill,277.0
89925,89959,1,same_skill,277.0
89926,89933,1,same_skill,277.0
89927,89946,1,same_skill,277.0
89927,89953,1,same_skill,277.0
89929,89944,1,same_skill,277.0
89929,89947,1,same_skill,277.0
89930,89954,1,same_skill,277.0
89930,89963,1,same_skill,277.0
89931,89937,1,same_skill,277.0
89931,89961,1,same_skill,277.0
89932,89957,1,same_skill,277.0
89932,89959,1,same_skill,277.0
89935,89951,1,same_skill,277.0
89935,89953,1,same_skill,277.0
89935,89964,1,same_skill,277.0
89936,89937,1,same_skill,277.0
89938,89945,1,same_skill,277.0
89938,89948,1,same_skill,277.0
89938,89966,1,same_skill,277.0
89939,89960,1,same_skill,277.0
89939,89967,1,same_skill,277.0
89940,89941,1,same_skill,277.0
89940,89944,1,same_skill,277.0
89940,89950,1,same_skill,277.0
89941,89942,1,same_skill,277.0
89941,89950,1,same_skill,277.0
89941,89955,1,same_skill,277.0
89941,89958,1,same_skill,277.0
89942,89950,1,same_skill,277.0
89942,89955,1,same_skill,277.0
89942,89958,1,same_skill,277.0
89943,89949,1,same_skill,277.0
89943,89961,1,same_skill,277.0
89944,89947,1,same_skill,277.0
89945,89952,1,same_skill,277.0
89945,89965,1,same_skill,277.0
89946,89951,1,same_skill,277.0
89946,89953,1,same_skill,277.0
89948,89966,14,same_skill+sequence,277.0
89950,89955,1,same_skill,277.0
89950,89958,1,same_skill,277.0
89951,89953,1,same_skill,277.0
89951,89964,1,same_skill,277.0
89952,89965,1,same_skill,277.0
89954,89963,1,same_skill,277.0
89955,89958,1,same_skill,277.0
89957,89959,1,same_skill,277.0
89957,89960,1,same_skill,277.0
89962,89969,1,same_skill,277.0
89995,89998,30,same_skill+sequence,279.0
89995,90064,29,same_skill+sequence,279.0
89995,90085,27,same_skill+sequence,279.0
89995,90106,27,sequence,
89995,90139,25,same_skill+sequence,279.0
89995,90152,28,same_skill+sequence,279.0
89998,90064,26,same_skill+sequence,279.0
89998,90085,26,same_skill+sequence,279.0
89998,90106,23,same_skill+sequence,279.0
89998,90139,29,sequence,
89998,90152,33,same_skill+sequence,279.0
90064,90085,30,sequence,
90064,90106,33,sequence,
90064,90139,20,same_skill+sequence,279.0
90064,90152,22,same_skill+sequence,279.0
90085,90106,29,same_skill+sequence,279.0
90085,90139,27,sequence,
90085,90152,24,sequence,
90106,90139,28,sequence,
90106,90152,18,sequence,
90139,90152,28,same_skill+sequence,279.0
90562,90966,45,sequence,
90562,97639,50,sequence,
90966,90967,1,same_skill,94.0
90966,90975,1,same_skill,94.0
90966,90998,1,same_skill,94.0
90966,91024,53,sequence,
90966,91031,14,sequence,
90966,93046,15,sequence,
90966,93821,47,sequence,
90966,97639,34,sequence,
90967,90968,1,same_skill,94.0
90967,90975,1,same_skill,94.0
90967,90998,1,same_skill,94.0
90967,91579,1,same_skill,94.0
90968,90975,1,same_skill,94.0
90968,90998,1,same_skill,94.0
90968,90999,13,sequence,
90968,91024,1,same_skill,94.0
90968,91031,1,same_skill,94.0
90968,91579,1,same_skill,94.0
90968,91581,1,same_skill,94.0
90968,91600,12,sequence,
90968,91601,1,same_skill,94.0
90969,90976,1,same_skill,94.0
90969,90980,1,same_skill,94.0
90969,91005,10,sequence,
90969,91006,1,same_skill,94.0
90969,91025,1,same_skill,94.0
90969,91032,1,same_skill,94.0
90969,91043,1,same_skill,94.0
90969,91044,1,same_skill,94.0
90969,91580,1,same_skill,94.0
90970,90982,1,same_skill,94.0
90970,90995,1,same_skill,94.0
90970,90996,1,same_skill,94.0
90970,91005,1,same_skill,94.0
90970,91007,1,same_skill,94.0
90970,91038,1,same_skill,94.0
90970,91578,1,same_skill,94.0
90970,91600,1,same_skill,94.0
90971,90972,1,same_skill,94.0
90971,90978,1,same_skill,94.0
90971,90981,1,same_skill,94.0
90971,91026,1,same_skill,94.0
90971,91033,1,same_skill,94.0
90971,91037,1,same_skill,94.0
90971,91045,1,same_skill,94.0
90971,91597,1,same_skill,94.0
90972,91019,1,same_skill,94.0
90972,91026,1,same_skill,94.0
90972,91030,1,same_skill,94.0
90972,91033,1,same_skill,94.0
90972,91037,1,same_skill,94.0
90972,91045,1,same_skill,94.0
90972,91597,1,same_skill,94.0
90973,90982,1,same_skill,94.0
90973,90985,1,same_skill,94.0
90973,91007,1,same_skill,94.0
90973,91015,1,same_skill,94.0
90973,91028,1,same_skill,94.0
90973,91035,1,same_skill,94.0
90973,91593,1,same_skill,94.0
90973,91598,1,same_skill,94.0
90974,90977,1,same_skill,94.0
90974,90989,1,same_skill,94.0
90974,90999,1,same_skill,94.0
90974,91025,1,same_skill,94.0
90974,91032,1,same_skill,94.0
90974,91044,1,same_skill,94.0
90974,91574,1,same_skill,94.0
90974,91580,1,same_skill,94.0
90975,90998,1,same_skill,94.0
90975,91031,1,same_skill,94.0
90975,91579,1,same_skill,94.0
90976,90979,1,same_skill,94.0
90976,90980,1,same_skill,94.0
90976,91006,1,same_skill,94.0
90976,91018,1,same_skill,94.0
90976,91032,1,same_skill,94.0
90976,91043,1,same_skill,94.0
90976,91575,1,same_skill,94.0
90977,90987,10,sequence,
90977,90989,1,same_skill,94.0
90977,90990,1,same_skill,94.0
90977,90999,1,same_skill,94.0
90977,91008,1,same_skill,94.0
90977,91044,1,same_skill,94.0
90977,91574,1,same_skill,94.0
90977,91576,1,same_skill,94.0
90978,90981,1,same_skill,94.0
90978,90982,10,sequence,
90978,90993,1,same_skill,94.0
90978,91026,1,same_skill,94.0
90978,91029,1,same_skill,94.0
90978,91033,1,same_skill,94.0
90978,91039,1,same_skill,94.0
90978,91045,1,same_skill,94.0
90979,91004,1,same_skill,94.0
90979,91012,1,same_skill,94.0
90979,91013,1,same_skill,94.0
90979,91018,1,same_skill,94.0
90979,91020,1,same_skill,94.0
90979,91043,1,same_skill,94.0
90979,91575,1,same_skill,94.0
90980,91006,1,same_skill,94.0
90980,91018,1,same_skill,94.0
90980,91032,1,same_skill,94.0
90980,91043,1,same_skill,94.0
90980,91575,1,same_skill,94.0
90980,91580,1,same_skill,94.0
90981,90993,1,same_skill,94.0
90981,91029,1,same_skill,94.0
90981,91033,1,same_skill,94.0
90981,91036,1,same_skill,94.0
90981,91039,1,same_skill,94.0
90981,91045,14,same_skill+sequence,94.0
90982,90985,1,same_skill,94.0
90982,91007,1,same_skill,94.0
90982,91015,1,same_skill,94.0
90982,91038,1,same_skill,94.0
90982,91578,1,same_skill,94.0
90982,91598,1,same_skill,94.0
90983,90986,1,same_skill,94.0
90983,90988,1,same_skill,94.0
90983,91010,1,same_skill,94.0
90983,91022,1,same_skill,94.0
90983,91572,1,same_skill,94.0
90983,91573,1,same_skill,94.0
90983,91595,1,same_skill,94.0
90983,91596,1,same_skill,94.0
90984,91002,1,same_skill,94.0
90984,91004,1,same_skill,94.0
90984,91011,1,same_skill,94.0
90984,91014,1,same_skill,94.0
90984,91016,1,same_skill,94.0
90984,91017,1,same_skill,94.0
90984,91020,1,same_skill,94.0
90984,91041,1,same_skill,94.0
90985,91007,1,same_skill,94.0
90985,91015,1,same_skill,94.0
90985,91028,1,same_skill,94.0
90985,91038,1,same_skill,94.0
90985,91578,1,same_skill,94.0
90985,91598,1,same_skill,94.0
90986,91010,1,same_skill,94.0
90986,91022,1,same_skill,94.0
90986,91035,1,same_skill,94.0
90986,91573,1,same_skill,94.0
90986,91593,1,same_skill,94.0
90986,91595,1,same_skill,94.0
90986,91596,1,same_skill,94.0
90987,90988,1,same_skill,94.0
90987,90991,1,same_skill,94.0
90987,90994,1,same_skill,94.0
90987,91019,1,same_skill,94.0
90987,91030,1,same_skill,94.0
90987,91572,1,same_skill,94.0
90987,91594,1,same_skill,94.0
90987,91595,1,same_skill,94.0
90988,90991,1,same_skill,94.0
90988,90994,1,same_skill,94.0
90988,91011,12,sequence,
90988,91022,1,same_skill,94.0
90988,91572,1,same_skill,94.0
90988,91573,1,same_skill,94.0
90988,91595,1,same_skill,94.0
90988,91599,11,sequence,
90989,90990,1,same_skill,94.0
90989,90999,1,same_skill,94.0
90989,91000,1,same_skill,94.0
90989,91008,1,same_skill,94.0
90989,91574,1,same_skill,94.0
90989,91576,1,same_skill,94.0
90990,90999,1,same_skill,94.0
90990,91000,1,same_skill,94.0
90990,91008,1,same_skill,94.0
90990,91574,1,same_skill,94.0
90990,91576,1,same_skill,94.0
90990,91600,1,same_skill,94.0
90991,90994,1,same_skill,94.0
90991,91019,1,same_skill,94.0
90991,91022,1,same_skill,94.0
90991,91572,1,same_skill,94.0
90991,91594,1,same_skill,94.0
90991,91595,1,same_skill,94.0
90992,90993,1,same_skill,94.0
90992,91024,1,same_skill,94.0
90992,91027,1,same_skill,94.0
90992,91029,1,same_skill,94.0
90992,91036,1,same_skill,94.0
90992,91039,1,same_skill,94.0
90992,91042,1,same_skill,94.0
90992,91581,1,same_skill,94.0
90992,91598,11,sequence,
90993,91029,1,same_skill,94.0
90993,91033,1,same_skill,94.0
90993,91036,1,same_skill,94.0
90993,91039,1,same_skill,94.0
90993,91045,1,same_skill,94.0
90994,91019,1,same_skill,94.0
90994,91030,1,same_skill,94.0
90994,91037,1,same_skill,94.0
90994,91572,1,same_skill,94.0
90994,91594,1,same_skill,94.0
90995,90996,1,same_skill,94.0
90995,91000,1,same_skill,94.0
90995,91005,1,same_skill,94.0
90995,91008,1,same_skill,94.0
90995,91038,1,same_skill,94.0
90995,91578,1,same_skill,94.0
90995,91600,1,same_skill,94.0
90996,91000,1,same_skill,94.0
90996,91005,1,same_skill,94.0
90996,91008,1,same_skill,94.0
90996,91576,1,same_skill,94.0
90996,91578,1,same_skill,94.0
90996,91600,1,same_skill,94.0
90997,91001,1,same_skill,94.0
90997,91009,1,same_skill,94.0
90997,91023,1,same_skill,94.0
90997,91034,1,same_skill,94.0
90997,91040,1,same_skill,94.0
90997,91577,1,same_skill,94.0
90998,91001,12,sequence,
90998,91031,1,same_skill,94.0
90998,91579,63,same_skill+sequence,94.0
90998,91601,1,same_skill,94.0
90998,93908,52,sequence,
90999,91025,1,same_skill,94.0
90999,91043,11,sequence,
90999,91044,1,same_skill,94.0
90999,91574,1,same_skill,94.0
90999,91576,1,same_skill,94.0
91000,91005,1,same_skill,94.0
91000,91008,1,same_skill,94.0
91000,91576,1,same_skill,94.0
91000,91600,1,same_skill,94.0
91001,91023,1,same_skill,94.0
91001,91034,1,same_skill,94.0
91001,91577,1,same_skill,94.0
91002,91003,1,same_skill,94.0
91002,91011,1,same_skill,94.0
91002,91014,1,same_skill,94.0
91002,91016,1,same_skill,94.0
91002,91017,1,same_skill,94.0
91002,91020,1,same_skill,94.0
91002,91041,1,same_skill,94.0
91003,91009,1,same_skill,94.0
91003,91011,1,same_skill,94.0
91003,91016,1,same_skill,94.0
91003,91017,1,same_skill,94.0
91003,91021,1,same_skill,94.0
91003,91040,1,same_skill,94.0
91003,91599,1,same_skill,94.0
91004,91012,1,same_skill,94.0
91004,91013,1,same_skill,94.0
91004,91014,1,same_skill,94.0
91004,91018,1,same_skill,94.0
91004,91020,1,same_skill,94.0
91004,91041,1,same_skill,94.0
91005,91007,1,same_skill,94.0
91005,91038,1,same_skill,94.0
91005,91578,1,same_skill,94.0
91005,91600,1,same_skill,94.0
91006,91025,1,same_skill,94.0
91006,91032,1,same_skill,94.0
91006,91043,1,same_skill,94.0
91006,91575,1,same_skill,94.0
91006,91580,1,same_skill,94.0
91007,91015,1,same_skill,94.0
91007,91038,1,same_skill,94.0
91007,91578,1,same_skill,94.0
91007,91596,10,sequence,
91008,91576,1,same_skill,94.0
91008,91600,1,same_skill,94.0
91009,91017,1,same_skill,94.0
91009,91021,1,same_skill,94.0
91009,91023,1,same_skill,94.0
91009,91040,1,same_skill,94.0
91009,91577,1,same_skill,94.0
91009,91599,1,same_skill,94.0
91010,91028,1,same_skill,94.0
91010,91035,1,same_skill,94.0
91010,91573,1,same_skill,94.0
91010,91593,1,same_skill,94.0
91010,91596,1,same_skill,94.0
91010,91598,1,same_skill,94.0
91011,91014,1,same_skill,94.0
91011,91016,1,same_skill,94.0
91011,91017,1,same_skill,94.0
91011,91021,1,same_skill,94.0
91011,91596,10,sequence,
91011,91599,1,same_skill,94.0
91012,91013,1,same_skill,94.0
91012,91014,1,same_skill,94.0
91012,91018,1,same_skill,94.0
91012,91020,1,same_skill,94.0
91012,91041,1,same_skill,94.0
91012,91575,1,same_skill,94.0
91013,91018,1,same_skill,94.0
91013,91020,1,same_skill,94.0
91013,91041,1,same_skill,94.0
91013,91043,1,same_skill,94.0
91013,91575,1,same_skill,94.0
91014,91016,1,same_skill,94.0
91014,91020,1,same_skill,94.0
91014,91041,1,same_skill,94.0
91015,91028,1,same_skill,94.0
91015,91038,1,same_skill,94.0
91015,91593,1,same_skill,94.0
91015,91598,1,same_skill,94.0
91016,91017,1,same_skill,94.0
91016,91021,1,same_skill,94.0
91016,91041,1,same_skill,94.0
91017,91021,1,same_skill,94.0
91017,91599,1,same_skill,94.0
91018,91043,1,same_skill,94.0
91018,91575,1,same_skill,94.0
91019,91030,1,same_skill,94.0
91019,91037,1,same_skill,94.0
91019,91594,1,same_skill,94.0
91019,91597,1,same_skill,94.0
91020,91041,1,same_skill,94.0
91021,91023,1,same_skill,94.0
91021,91040,1,same_skill,94.0
91021,91599,1,same_skill,94.0
91022,91572,1,same_skill,94.0
91022,91573,1,same_skill,94.0
91022,91595,1,same_skill,94.0
91022,91596,1,same_skill,94.0
91023,91031,11,sequence,
91023,91034,1,same_skill,94.0
91023,91040,1,same_skill,94.0
91023,91577,1,same_skill,94.0
91023,91599,1,same_skill,94.0
91024,91027,1,same_skill,94.0
91024,91031,1,same_skill,94.0
91024,91036,1,same_skill,94.0
91024,91042,1,same_skill,94.0
91024,91579,60,sequence,
91024,91581,1,same_skill,94.0
91024,91601,1,same_skill,94.0
91025,91032,1,same_skill,94.0
91025,91044,1,same_skill,94.0
91025,91574,1,same_skill,94.0
91025,91580,1,same_skill,94.0
91026,91030,1,same_skill,94.0
91026,91033,1,same_skill,94.0
91026,91037,1,same_skill,94.0
91026,91042,10,sequence,
91026,91045,1,same_skill,94.0
91026,91597,1,same_skill,94.0
91027,91029,1,same_skill,94.0
91027,91036,1,same_skill,94.0
91027,91037,11,sequence,
91027,91039,1,same_skill,94.0
91027,91042,1,same_skill,94.0
91027,91581,1,same_skill,94.0
91027,91601,1,same_skill,94.0
91028,91035,1,same_skill,94.0
91028,91593,1,same_skill,94.0
91028,91596,1,same_skill,94.0
91028,91598,1,same_skill,94.0
91029,91036,1,same_skill,94.0
91029,91039,1,same_skill,94.0
91029,91045,1,same_skill,94.0
91030,91037,1,same_skill,94.0
91030,91594,1,same_skill,94.0
91030,91597,1,same_skill,94.0
91031,91042,1,same_skill,94.0
91031,91579,1,same_skill,94.0
91031,91581,1,same_skill,94.0
91031,91601,1,same_skill,94.0
91032,91044,1,same_skill,94.0
91032,91580,1,same_skill,94.0
91033,91045,1,same_skill,94.0
91033,91597,1,same_skill,94.0
91034,91040,1,same_skill,94.0
91034,91577,1,same_skill,94.0
91035,91573,1,same_skill,94.0
91035,91593,1,same_skill,94.0
91035,91596,1,same_skill,94.0
91035,91598,1,same_skill,94.0
91036,91039,1,same_skill,94.0
91036,91042,1,same_skill,94.0
91037,91572,12,sequence,
91037,91594,1,same_skill,94.0
91037,91597,1,same_skill,94.0
91038,91578,1,same_skill,94.0
91039,91042,1,same_skill,94.0
91039,91572,10,sequence,
91040,91045,10,sequence,
91040,91577,1,same_skill,94.0
91040,91599,1,same_skill,94.0
91042,91581,1,same_skill,94.0
91042,91601,1,same_skill,94.0
91043,91575,1,same_skill,94.0
91044,91574,1,same_skill,94.0
91044,91580,1,same_skill,94.0
91572,91594,1,same_skill,94.0
91572,91595,1,same_skill,94.0
91573,91595,1,same_skill,94.0
91573,91596,1,same_skill,94.0
91574,91580,1,same_skill,94.0
91576,91600,1,same_skill,94.0
91577,91599,1,same_skill,94.0
91579,91581,1,same_skill,94.0
91579,91601,1,same_skill,94.0
91581,91601,1,same_skill,94.0
91593,91596,1,same_skill,94.0
91593,91598,1,same_skill,94.0
91594,91597,1,same_skill,94.0
93821,93825,1,same_skill,91.0
93821,93830,1,same_skill,91.0
93821,93871,1,same_skill,91.0
93821,93880,1,same_skill,91.0
93821,93891,1,same_skill,91.0
93821,93907,1,same_skill,91.0
93821,93908,1,same_skill,91.0
93821,93937,1,same_skill,91.0
93822,93830,10,sequence,
93822,93839,1,same_skill,91.0
93822,93846,1,same_skill,91.0
93822,93847,1,same_skill,91.0
93822,93850,1,same_skill,91.0
93822,93857,1,same_skill,91.0
93822,93873,1,same_skill,91.0
93822,93876,1,same_skill,91.0
93822,93939,1,same_skill,91.0
93824,93830,1,same_skill,91.0
93824,93835,1,same_skill,91.0
93824,93845,1,same_skill,91.0
93824,93860,1,same_skill,91.0
93824,93879,1,same_skill,91.0
93824,93889,1,same_skill,91.0
93824,93891,12,same_skill+sequence,91.0
93824,93901,1,same_skill,91.0
93825,93830,1,same_skill,91.0
93825,93845,1,same_skill,91.0
93825,93871,1,same_skill,91.0
93825,93880,1,same_skill,91.0
93825,93891,1,same_skill,91.0
93825,93908,1,same_skill,91.0
93825,93937,1,same_skill,91.0
93826,93838,1,same_skill,91.0
93826,93866,1,same_skill,91.0
93826,93875,11,sequence,
93826,93885,1,same_skill,91.0
93826,93905,1,same_skill,91.0
93826,93910,1,same_skill,91.0
93826,93938,1,same_skill,91.0
93827,93841,1,same_skill,91.0
93827,93849,1,same_skill,91.0
93827,93852,1,same_skill,91.0
93827,93855,1,same_skill,91.0
93827,93868,1,same_skill,91.0
93827,93894,1,same_skill,91.0
93827,93909,1,same_skill,91.0
93827,93921,1,same_skill,91.0
93828,93842,1,same_skill,91.0
93828,93848,1,same_skill,91.0
93828,93849,1,same_skill,91.0
93828,93855,1,same_skill,91.0
93828,93868,1,same_skill,91.0
93828,93870,1,same_skill,91.0
93828,93894,1,same_skill,91.0
93828,93906,1,same_skill,91.0
93830,93845,1,same_skill,91.0
93830,93860,1,same_skill,91.0
93830,93871,1,same_skill,91.0
93830,93891,1,same_skill,91.0
93830,93921,10,sequence,
93830,93937,1,same_skill,91.0
93832,93836,1,same_skill,91.0
93832,93837,1,same_skill,91.0
93832,93840,1,same_skill,91.0
93832,93842,11,same_skill+sequence,91.0
93832,93859,1,same_skill,91.0
93832,93865,1,same_skill,91.0
93832,93872,1,same_skill,91.0
93832,93897,1,same_skill,91.0
93835,93841,1,same_skill,91.0
93835,93860,1,same_skill,91.0
93835,93879,1,same_skill,91.0
93835,93885,13,sequence,
93835,93889,1,same_skill,91.0
93835,93901,1,same_skill,91.0
93835,93909,1,same_skill,91.0
93835,93921,1,same_skill,91.0
93836,93837,1,same_skill,91.0
93836,93839,1,same_skill,91.0
93836,93857,1,same_skill,91.0
93836,93858,1,same_skill,91.0
93836,93859,1,same_skill,91.0
93836,93872,1,same_skill,91.0
93836,93897,1,same_skill,91.0
93837,93839,1,same_skill,91.0
93837,93846,1,same_skill,91.0
93837,93857,1,same_skill,91.0
93837,93858,1,same_skill,91.0
93837,93859,1,same_skill,91.0
93837,93872,1,same_skill,91.0
93838,93847,1,same_skill,91.0
93838,93850,1,same_skill,91.0
93838,93851,1,same_skill,91.0
93838,93853,1,same_skill,91.0
93838,93885,1,same_skill,91.0
93838,93910,1,same_skill,91.0
93838,93938,1,same_skill,91.0
93839,93846,1,same_skill,91.0
93839,93852,10,sequence,
93839,93857,1,same_skill,91.0
93839,93858,1,same_skill,91.0
93839,93873,1,same_skill,91.0
93839,93876,1,same_skill,91.0
93840,93842,1,same_skill,91.0
93840,93848,1,same_skill,91.0
93840,93865,1,same_skill,91.0
93840,93870,1,same_skill,91.0
93840,93872,1,same_skill,91.0
93840,93897,1,same_skill,91.0
93840,93906,1,same_skill,91.0
93841,93852,1,same_skill,91.0
93841,93879,1,same_skill,91.0
93841,93889,1,same_skill,91.0
93841,93894,1,same_skill,91.0
93841,93909,1,same_skill,91.0
93841,93921,1,same_skill,91.0
93842,93848,1,same_skill,91.0
93842,93865,1,same_skill,91.0
93842,93870,1,same_skill,91.0
93842,93897,1,same_skill,91.0
93842,93906,1,same_skill,91.0
93845,93860,1,same_skill,91.0
93845,93871,1,same_skill,91.0
93845,93889,1,same_skill,91.0
93845,93891,1,same_skill,91.0
93845,93901,1,same_skill,91.0
93846,93857,1,same_skill,91.0
93846,93858,1,same_skill,91.0
93846,93873,1,same_skill,91.0
93846,93876,1,same_skill,91.0
93846,93939,1,same_skill,91.0
93847,93850,1,same_skill,91.0
93847,93851,1,same_skill,91.0
93847,93853,1,same_skill,91.0
93847,93873,1,same_skill,91.0
93847,93876,1,same_skill,91.0
93847,93939,1,same_skill,91.0
93848,93849,1,same_skill,91.0
93848,93855,1,same_skill,91.0
93848,93868,1,same_skill,91.0
93848,93870,1,same_skill,91.0
93848,93905,10,sequence,
93848,93906,1,same_skill,91.0
93849,93852,1,same_skill,91.0
93849,93855,1,same_skill,91.0
93849,93868,1,same_skill,91.0
93849,93894,1,same_skill,91.0
93849,93909,1,same_skill,91.0
93850,93851,1,same_skill,91.0
93850,93853,1,same_skill,91.0
93850,93876,1,same_skill,91.0
93850,93910,1,same_skill,91.0
93850,93939,1,same_skill,91.0
93851,93853,1,same_skill,91.0
93851,93876,1,same_skill,91.0
93851,93885,1,same_skill,91.0
93851,93910,1,same_skill,91.0
93851,93939,1,same_skill,91.0
93852,93868,1,same_skill,91.0
93852,93879,1,same_skill,91.0
93852,93894,1,same_skill,91.0
93852,93909,1,same_skill,91.0
93852,93921,1,same_skill,91.0
93853,93885,1,same_skill,91.0
93853,93910,1,same_skill,91.0
93853,93938,1,same_skill,91.0
93853,93939,1,same_skill,91.0
93855,93868,1,same_skill,91.0
93855,93870,1,same_skill,91.0
93855,93889,12,sequence,
93855,93894,1,same_skill,91.0
93855,93906,1,same_skill,91.0
93855,93908,10,sequence,
93857,93858,1,same_skill,91.0
93857,93859,1,same_skill,91.0
93857,93873,1,same_skill,91.0
93858,93859,1,same_skill,91.0
93858,93872,1,same_skill,91.0
93858,93873,1,same_skill,91.0
93859,93865,1,same_skill,91.0
93859,93872,1,same_skill,91.0
93859,93897,1,same_skill,91.0
93860,93871,1,same_skill,91.0
93860,93889,1,same_skill,91.0
93860,93891,1,same_skill,91.0
93860,93901,1,same_skill,91.0
93865,93870,1,same_skill,91.0
93865,93872,1,same_skill,91.0
93865,93897,1,same_skill,91.0
93865,93906,1,same_skill,91.0
93866,93885,1,same_skill,91.0
93866,93905,1,same_skill,91.0
93866,93910,1,same_skill,91.0
93866,93938,1,same_skill,91.0
93868,93870,1,same_skill,91.0
93868,93894,1,same_skill,91.0
93870,93906,1,same_skill,91.0
93871,93880,1,same_skill,91.0
93871,93891,1,same_skill,91.0
93871,93937,1,same_skill,91.0
93872,93897,1,same_skill,91.0
93873,93876,1,same_skill,91.0
93873,93939,1,same_skill,91.0
93875,93880,1,same_skill,91.0
93875,93907,91,same_skill+sequence,91.0
93875,93908,1,same_skill,91.0
93875,93929,1,same_skill,91.0
93875,93937,1,same_skill,91.0
93876,93939,1,same_skill,91.0
93879,93889,1,same_skill,91.0
93879,93901,1,same_skill,91.0
93879,93909,1,same_skill,91.0
93879,93921,1,same_skill,91.0
93880,93907,1,same_skill,91.0
93880,93908,54,same_skill+sequence,91.0
93880,93929,1,same_skill,91.0
93880,93937,1,same_skill,91.0
93885,93905,1,same_skill,91.0
93885,93910,1,same_skill,91.0
93885,93938,1,same_skill,91.0
93889,93901,1,same_skill,91.0
93889,93921,1,same_skill,91.0
93891,93901,1,same_skill,91.0
93894,93909,1,same_skill,91.0
93897,93906,1,same_skill,91.0
93901,93921,1,same_skill,91.0
93905,93938,1,same_skill,91.0
93907,93908,1,same_skill,91.0
93907,93929,147,same_skill+sequence,91.0
93907,93937,1,same_skill,91.0
93908,93929,1,same_skill,91.0
93908,93937,1,same_skill,91.0
93909,93921,1,same_skill,91.0
93910,93938,1,same_skill,91.0
93937,94855,11,sequence,
94584,94585,1,same_skill,311.0
94584,94589,1,same_skill,311.0
94586,94588,1,same_skill,311.0
94586,94590,1,same_skill,311.0
94586,94598,1,same_skill,311.0
94586,94600,1,same_skill,311.0
94586,94603,1,same_skill,311.0
94586,94604,1,same_skill,311.0
94587,94588,1,same_skill,311.0
94587,94590,1,same_skill,311.0
94587,94600,1,same_skill,311.0
94587,94604,1,same_skill,311.0
94588,94590,1,same_skill,311.0
94588,94600,1,same_skill,311.0
94588,94604,1,same_skill,311.0
94590,94600,1,same_skill,311.0
94590,94603,1,same_skill,311.0
94590,94604,1,same_skill,311.0
94591,94597,1,same_skill,311.0
94591,94598,11,sequence,
94598,94600,1,same_skill,311.0
94598,94603,1,same_skill,311.0
94598,94604,1,same_skill,311.0
94600,94603,1,same_skill,311.0
94600,94604,1,same_skill,311.0
94603,94604,1,same_skill,311.0
94819,94820,39,sequence,
94819,94821,36,sequence,
94819,94822,39,sequence,
94819,94823,39,sequence,
94819,94824,29,same_skill+sequence,279.0
94819,94825,45,sequence,
94819,94826,40,sequence,
94819,94827,30,sequence,
94819,94828,40,sequence,
94819,94832,47,same_skill+sequence,279.0
94819,94833,40,sequence,
94819,94834,40,sequence,
94819,94835,49,sequence,
94819,94836,33,same_skill+sequence,279.0
94819,94837,41,same_skill+sequence,279.0
94819,94838,52,sequence,
94819,94839,43,sequence,
94819,94840,42,sequence,
94819,94841,42,sequence,
94819,94848,14,sequence,
94819,94849,11,sequence,
94819,94850,12,sequence,
94819,94857,10,sequence,
94819,94858,12,sequence,
94819,94859,10,sequence,
94819,94861,10,sequence,
94820,94821,46,sequence,
94820,94822,41,same_skill+sequence,279.0
94820,94823,45,sequence,
94820,94824,51,same_skill+sequence,279.0
94820,94825,37,sequence,
94820,94826,30,same_skill+sequence,279.0
94820,94827,44,sequence,
94820,94828,32,same_skill+sequence,279.0
94820,94832,55,same_skill+sequence,279.0
94820,94833,35,sequence,
94820,94834,35,same_skill+sequence,279.0
94820,94835,52,sequence,
94820,94836,35,same_skill+sequence,279.0
94820,94837,40,sequence,
94820,94838,45,sequence,
94820,94839,34,same_skill+sequence,279.0
94820,94840,43,sequence,
94820,94841,35,sequence,
94820,94842,11,sequence,
94820,94843,12,sequence,
94820,94845,18,sequence,
94820,94846,13,sequence,
94820,94847,10,sequence,
94820,94848,14,sequence,
94820,94849,11,sequence,
94820,94850,11,sequence,
94820,94857,11,sequence,
94821,94822,46,same_skill+sequence,279.0
94821,94823,47,sequence,
94821,94824,35,sequence,
94821,94825,39,same_skill+sequence,279.0
94821,94826,43,same_skill+sequence,279.0
94821,94827,52,same_skill+sequence,279.0
94821,94828,45,sequence,
94821,94832,43,sequence,
94821,94833,45,sequence,
94821,94834,37,same_skill+sequence,279.0
94821,94835,39,sequence,
94821,94836,37,sequence,
94821,94837,47,sequence,
94821,94838,46,same_skill+sequence,279.0
94821,94839,54,same_skill+sequence,279.0
94821,94840,48,sequence,
94821,94841,46,same_skill+sequence,279.0
94821,94842,10,sequence,
94821,94843,15,sequence,
94821,94848,11,sequence,
94821,94854,10,sequence,
94821,94855,14,sequence,
94821,94856,14,sequence,
94821,94861,12,sequence,
94822,94823,35,sequence,
94822,94824,46,sequence,
94822,94825,35,sequence,
94822,94826,45,same_skill+sequence,279.0
94822,94827,45,sequence,
94822,94828,38,same_skill+sequence,279.0
94822,94832,53,same_skill+sequence,279.0
94822,94833,52,sequence,
94822,94834,46,same_skill+sequence,279.0
94822,94835,42,sequence,
94822,94836,29,same_skill+sequence,279.0
94822,94837,47,sequence,
94822,94838,54,sequence,
94822,94839,42,same_skill+sequence,279.0
94822,94840,41,sequence,
94822,94841,39,sequence,
94822,94842,10,sequence,
94822,94846,13,sequence,
94822,94847,13,sequence,
94822,94850,11,sequence,
94822,94859,18,sequence,
94822,94860,10,sequence,
94823,94824,37,sequence,
94823,94825,41,same_skill+sequence,279.0
94823,94826,46,sequence,
94823,94827,50,same_skill+sequence,279.0
94823,94828,47,sequence,
94823,94832,25,sequence,
94823,94833,40,same_skill+sequence,279.0
94823,94834,34,sequence,
94823,94835,41,same_skill+sequence,279.0
94823,94836,35,sequence,
94823,94837,40,sequence,
94823,94838,49,same_skill+sequence,279.0
94823,94839,46,sequence,
94823,94840,44,same_skill+sequence,279.0
94823,94841,43,same_skill+sequence,279.0
94823,94844,14,sequence,
94823,94846,10,sequence,
94823,94847,10,sequence,
94823,94851,29,sequence,
94823,94854,11,sequence,
94823,94855,11,sequence,
94823,94857,12,sequence,
94823,94858,1,same_skill,279.0
94823,94859,13,sequence,
94824,94825,42,sequence,
94824,94826,41,sequence,
94824,94827,47,sequence,
94824,94828,36,same_skill+sequence,279.0
94824,94832,35,same_skill+sequence,279.0
94824,94833,46,sequence,
94824,94834,35,sequence,
94824,94835,49,sequence,
94824,94836,58,same_skill+sequence,279.0
94824,94837,43,same_skill+sequence,279.0
94824,94838,45,sequence,
94824,94839,48,sequence,
94824,94840,51,sequence,
94824,94841,39,sequence,
94824,94842,12,sequence,
94824,94843,12,sequence,
94824,94846,10,sequence,
94824,94848,11,sequence,
94824,94849,15,sequence,
94824,94850,12,sequence,
94824,94852,10,sequence,
94824,94854,12,sequence,
94824,94861,12,sequence,
94825,94826,41,sequence,
94825,94827,39,same_skill+sequence,279.0
94825,94828,43,sequence,
94825,94832,34,sequence,
94825,94833,42,same_skill+sequence,279.0
94825,94834,41,sequence,
94825,94835,49,same_skill+sequence,279.0
94825,94836,55,sequence,
94825,94837,45,sequence,
94825,94838,60,same_skill+sequence,279.0
94825,94839,44,sequence,
94825,94840,55,same_skill+sequence,279.0
94825,94841,50,same_skill+sequence,279.0
94825,94843,11,sequence,
94825,94845,13,sequence,
94825,94847,15,sequence,
94825,94848,13,sequence,
94825,94852,10,sequence,
94825,94853,10,sequence,
94825,94855,11,sequence,
94825,94856,12,sequence,
94825,94858,14,sequence,
94825,94859,11,sequence,
94825,94860,10,sequence,
94825,94861,10,sequence,
94826,94827,45,sequence,
94826,94828,42,same_skill+sequence,279.0
94826,94832,42,sequence,
94826,94833,41,sequence,
94826,94834,36,same_skill+sequence,279.0
94826,94835,45,sequence,
94826,94836,42,same_skill+sequence,279.0
94826,94837,46,sequence,
94826,94838,47,sequence,
94826,94839,38,same_skill+sequence,279.0
94826,94840,50,sequence,
94826,94841,49,same_skill+sequence,279.0
94826,94843,11,sequence,
94826,94844,11,sequence,
94826,94845,10,sequence,
94826,94846,12,sequence,
94826,94850,14,sequence,
94826,94851,11,sequence,
94826,94852,14,sequence,
94826,94856,14,sequence,
94826,94857,10,sequence,
94826,94858,13,sequence,
94827,94828,46,sequence,
94827,94832,48,sequence,
94827,94833,43,same_skill+sequence,279.0
94827,94834,53,same_skill+sequence,279.0
94827,94835,60,sequence,
94827,94836,44,sequence,
94827,94837,44,sequence,
94827,94838,44,same_skill+sequence,279.0
94827,94839,34,sequence,
94827,94840,41,same_skill+sequence,279.0
94827,94841,50,same_skill+sequence,279.0
94827,94849,11,sequence,
94827,94850,10,sequence,
94827,94854,10,sequence,
94827,94856,10,sequence,
94827,94858,11,sequence,
94827,94859,10,sequence,
94827,94861,11,sequence,
94828,94832,49,same_skill+sequence,279.0
94828,94833,45,sequence,
94828,94834,38,sequence,
94828,94835,38,sequence,
94828,94836,46,same_skill+sequence,279.0
94828,94837,41,same_skill+sequence,279.0
94828,94838,47,sequence,
94828,94839,41,same_skill+sequence,279.0
94828,94840,51,sequence,
94828,94841,32,sequence,
94828,94844,11,sequence,
94828,94846,13,sequence,
94828,94847,11,sequence,
94828,94848,10,sequence,
94828,94851,12,sequence,
94828,94852,13,sequence,
94828,94856,14,sequence,
94828,94859,10,sequence,
94828,94861,10,sequence,
94832,94833,48,sequence,
94832,94834,42,sequence,
94832,94835,36,sequence,
94832,94836,44,same_skill+sequence,279.0
94832,94837,38,same_skill+sequence,279.0
94832,94838,43,sequence,
94832,94839,34,sequence,
94832,94840,43,sequence,
94832,94841,43,sequence,
94832,94846,10,sequence,
94832,94847,11,sequence,
94832,94852,12,sequence,
94832,94853,10,sequence,
94832,94855,11,sequence,
94832,94857,11,sequence,
94832,94858,10,sequence,
94832,94859,15,sequence,
94832,94860,12,sequence,
94833,94834,42,sequence,
94833,94835,42,same_skill+sequence,279.0
94833,94836,33,sequence,
94833,94837,42,sequence,
94833,94838,48,same_skill+sequence,279.0
94833,94839,45,sequence,
94833,94840,52,same_skill+sequence,279.0
94833,94841,63,sequence,
94833,94844,13,sequence,
94833,94847,1,same_skill,279.0
94833,94848,11,sequence,
94833,94849,14,sequence,
94833,94850,19,sequence,
94833,94851,12,sequence,
94833,94853,11,sequence,
94833,94854,11,sequence,
94833,94856,12,sequence,
94833,94857,11,sequence,
94833,94858,1,same_skill,279.0
94833,94861,10,sequence,
94834,94835,51,sequence,
94834,94836,44,sequence,
94834,94837,44,sequence,
94834,94838,53,same_skill+sequence,279.0
94834,94839,38,same_skill+sequence,279.0
94834,94840,40,sequence,
94834,94841,44,same_skill+sequence,279.0
94834,94842,10,sequence,
94834,94843,15,sequence,
94834,94849,10,sequence,
94834,94850,10,sequence,
94834,94851,12,sequence,
94834,94854,13,sequence,
94834,94855,11,sequence,
94834,94856,14,sequence,
94834,94861,11,sequence,
94835,94836,48,sequence,
94835,94837,41,sequence,
94835,94838,34,sequence,
94835,94839,47,sequence,
94835,94840,44,same_skill+sequence,279.0
94835,94841,53,sequence,
94835,94842,15,same_skill+sequence,279.0
94835,94844,12,same_skill+sequence,279.0
94835,94846,11,sequence,
94835,94847,1,same_skill,279.0
94835,94850,14,sequence,
94835,94855,17,sequence,
94835,94856,10,sequence,
94835,94858,1,same_skill,279.0
94835,94859,13,sequence,
94836,94837,43,same_skill+sequence,279.0
94836,94838,40,sequence,
94836,94839,42,sequence,
94836,94840,44,sequence,
94836,94841,48,sequence,
94836,94844,11,sequence,
94836,94845,11,sequence,
94836,94846,11,sequence,
94836,94849,12,sequence,
94836,94850,11,sequence,
94836,94854,10,sequence,
94836,94856,10,sequence,
94836,94860,12,sequence,
94837,94838,41,sequence,
94837,94839,38,sequence,
94837,94840,46,sequence,
94837,94841,40,sequence,
94837,94844,12,sequence,
94837,94850,12,sequence,
94837,94851,10,sequence,
94837,94855,11,sequence,
94837,94859,10,sequence,
94837,94861,13,sequence,
94838,94839,47,same_skill+sequence,279.0
94838,94840,38,sequence,
94838,94841,48,same_skill+sequence,279.0
94838,94849,14,sequence,
94838,94850,12,sequence,
94838,94854,10,sequence,
94838,94859,10,sequence,
94838,94860,16,sequence,
94839,94840,37,sequence,
94839,94841,37,same_skill+sequence,279.0
94839,94843,13,sequence,
94839,94844,10,sequence,
94839,94847,10,sequence,
94839,94848,11,sequence,
94839,94851,10,sequence,
94839,94857,11,sequence,
94839,94859,12,sequence,
94839,94861,23,sequence,
94840,94841,46,sequence,
94840,94842,14,same_skill+sequence,279.0
94840,94843,11,sequence,
94840,94844,10,sequence,
94840,94847,1,same_skill,279.0
94840,94848,11,sequence,
94840,94849,10,sequence,
94840,94850,10,sequence,
94840,94851,10,sequence,
94840,94855,11,sequence,
94840,94858,1,same_skill,279.0
94840,94861,12,sequence,
94841,94842,12,sequence,
94841,94846,12,sequence,
94841,94848,11,sequence,
94841,94851,10,sequence,
94841,94858,10,sequence,
94841,94859,12,sequence,
94841,94861,12,sequence,
94842,94843,51,sequence,
94842,94844,42,same_skill+sequence,279.0
94842,94845,45,same_skill+sequence,279.0
94842,94846,47,sequence,
94842,94847,48,same_skill+sequence,279.0
94842,94848,62,same_skill+sequence,279.0
94842,94849,58,sequence,
94842,94850,40,sequence,
94842,94851,47,sequence,
94842,94852,40,same_skill+sequence,279.0
94842,94853,54,sequence,
94842,94854,51,sequence,
94842,94855,53,sequence,
94842,94856,47,sequence,
94842,94857,58,sequence,
94842,94858,40,same_skill+sequence,279.0
94842,94859,38,sequence,
94842,94860,41,sequence,
94842,94861,53,sequence,
94843,94844,42,sequence,
94843,94845,46,sequence,
94843,94846,43,sequence,
94843,94847,53,sequence,
94843,94848,55,sequence,
94843,94849,40,sequence,
94843,94850,34,sequence,
94843,94851,42,same_skill+sequence,279.0
94843,94852,43,sequence,
94843,94853,42,sequence,
94843,94854,58,same_skill+sequence,279.0
94843,94855,61,same_skill+sequence,279.0
94843,94856,45,same_skill+sequence,279.0
94843,94857,55,sequence,
94843,94858,50,sequence,
94843,94859,72,sequence,
94843,94860,73,sequence,
94843,94861,55,sequence,
94843,97547,19,sequence,
94844,94845,45,same_skill+sequence,279.0
94844,94846,49,sequence,
94844,94847,54,same_skill+sequence,279.0
94844,94848,46,same_skill+sequence,279.0
94844,94849,58,sequence,
94844,94850,47,sequence,
94844,94851,43,sequence,
94844,94852,48,same_skill+sequence,279.0
94844,94853,61,sequence,
94844,94854,57,sequence,
94844,94855,42,sequence,
94844,94856,47,sequence,
94844,94857,51,sequence,
94844,94858,42,same_skill+sequence,279.0
94844,94859,47,sequence,
94844,94860,41,sequence,
94844,94861,57,same_skill+sequence,279.0
94845,94846,46,sequence,
94845,94847,51,same_skill+sequence,279.0
94845,94848,42,same_skill+sequence,279.0
94845,94849,43,sequence,
94845,94850,56,sequence,
94845,94851,54,sequence,
94845,94852,54,same_skill+sequence,279.0
94845,94853,47,sequence,
94845,94854,51,sequence,
94845,94855,48,sequence,
94845,94856,67,sequence,
94845,94857,34,sequence,
94845,94858,52,same_skill+sequence,279.0
94845,94859,51,sequence,
94845,94860,56,same_skill+sequence,279.0
94845,94861,56,same_skill+sequence,279.0
94846,94847,65,sequence,
94846,94848,48,same_skill+sequence,279.0
94846,94849,48,sequence,
94846,94850,49,same_skill+sequence,279.0
94846,94851,41,sequence,
94846,94852,50,same_skill+sequence,279.0
94846,94853,56,same_skill+sequence,279.0
94846,94854,63,sequence,
94846,94855,42,sequence,
94846,94856,49,sequence,
94846,94857,53,same_skill+sequence,279.0
94846,94858,59,sequence,
94846,94859,58,same_skill+sequence,279.0
94846,94860,50,same_skill+sequence,279.0
94846,94861,58,same_skill+sequence,279.0
94847,94848,44,sequence,
94847,94849,44,sequence,
94847,94850,54,sequence,
94847,94851,54,sequence,
94847,94852,55,same_skill+sequence,279.0
94847,94853,41,sequence,
94847,94854,55,sequence,
94847,94855,46,sequence,
94847,94856,48,sequence,
94847,94857,36,sequence,
94847,94858,47,same_skill+sequence,279.0
94847,94859,42,sequence,
94847,94860,39,sequence,
94847,94861,52,sequence,
94848,94849,46,sequence,
94848,94850,49,sequence,
94848,94851,53,sequence,
94848,94852,52,same_skill+sequence,279.0
94848,94853,53,same_skill+sequence,279.0
94848,94854,42,sequence,
94848,94855,42,sequence,
94848,94856,53,sequence,
94848,94857,46,sequence,
94848,94858,57,sequence,
94848,94859,67,sequence,
94848,94860,39,same_skill+sequence,279.0
94848,94861,51,same_skill+sequence,279.0
94849,94850,44,same_skill+sequence,279.0
94849,94851,48,same_skill+sequence,279.0
94849,94852,48,sequence,
94849,94853,48,sequence,
94849,94854,56,same_skill+sequence,279.0
94849,94855,59,same_skill+sequence,279.0
94849,94856,62,same_skill+sequence,279.0
94849,94857,51,same_skill+sequence,279.0
94849,94858,39,sequence,
94849,94859,65,same_skill+sequence,279.0
94849,94860,49,sequence,
94849,94861,47,sequence,
94850,94851,48,sequence,
94850,94852,51,sequence,
94850,94853,50,same_skill+sequence,279.0
94850,94854,48,same_skill+sequence,279.0
94850,94855,46,sequence,
94850,94856,56,sequence,
94850,94857,49,same_skill+sequence,279.0
94850,94858,51,sequence,
94850,94859,42,same_skill+sequence,279.0
94850,94860,46,same_skill+sequence,279.0
94850,94861,40,sequence,
94851,94852,47,sequence,
94851,94853,56,sequence,
94851,94854,65,same_skill+sequence,279.0
94851,94855,56,same_skill+sequence,279.0
94851,94856,52,same_skill+sequence,279.0
94851,94857,59,sequence,
94851,94858,44,sequence,
94851,94859,46,sequence,
94851,94860,58,sequence,
94851,94861,42,sequence,
94852,94853,46,sequence,
94852,94854,52,sequence,
94852,94855,43,sequence,
94852,94856,59,sequence,
94852,94857,56,sequence,
94852,94858,58,sequence,
94852,94859,42,sequence,
94852,94860,44,same_skill+sequence,279.0
94852,94861,55,same_skill+sequence,279.0
94853,94854,53,sequence,
94853,94855,51,sequence,
94853,94856,46,sequence,
94853,94857,57,same_skill+sequence,279.0
94853,94858,44,sequence,
94853,94859,61,same_skill+sequence,279.0
94853,94860,44,same_skill+sequence,279.0
94853,94861,59,same_skill+sequence,279.0
94854,94855,53,same_skill+sequence,279.0
94854,94856,54,same_skill+sequence,279.0
94854,94857,58,sequence,
94854,94858,46,sequence,
94854,94859,53,same_skill+sequence,279.0
94854,94860,60,sequence,
94854,94861,43,sequence,
94855,94856,52,same_skill+sequence,279.0
94855,94857,41,sequence,
94855,94858,47,sequence,
94855,94859,56,sequence,
94855,94860,53,sequence,
94855,94861,36,sequence,
94856,94857,56,sequence,
94856,94858,49,sequence,
94856,94859,50,same_skill+sequence,279.0
94856,94860,34,sequence,
94856,94861,55,sequence,
94857,94858,41,sequence,
94857,94859,46,same_skill+sequence,279.0
94857,94860,61,same_skill+sequence,279.0
94857,94861,52,same_skill+sequence,279.0
94858,94859,46,sequence,
94858,94860,53,sequence,
94858,94861,46,sequence,
94859,94860,48,sequence,
94859,94861,41,sequence,
94860,94861,53,same_skill+sequence,279.0
97772,97776,17,sequence,
97772,97824,18,sequence,
97772,97848,16,same_skill+sequence,50.0
97772,97852,17,sequence,
97772,97856,20,same_skill+sequence,50.0
97772,97872,87,sequence,
97772,97876,10,sequence,
97772,97884,13,sequence,
97772,97892,1,same_skill,50.0
97772,97928,14,same_skill+sequence,50.0
97776,97824,17,same_skill+sequence,50.0
97776,97848,15,same_skill+sequence,50.0
97776,97852,13,same_skill+sequence,50.0
97776,97872,1,same_skill,50.0
97776,97876,1,same_skill,50.0
97776,97884,13,same_skill+sequence,50.0
97776,97892,15,same_skill+sequence,50.0
97776,97928,12,same_skill+sequence,50.0
97824,97848,12,sequence,
97824,97852,16,same_skill+sequence,50.0
97824,97856,13,sequence,
97824,97872,11,same_skill+sequence,50.0
97824,97876,17,same_skill+sequence,50.0
97824,97884,14,same_skill+sequence,50.0
97824,97892,11,same_skill+sequence,50.0
97824,97928,15,same_skill+sequence,50.0
97848,97852,11,sequence,
97848,97856,16,same_skill+sequence,50.0
97848,97872,11,same_skill+sequence,50.0
97848,97876,15,sequence,
97848,97884,10,sequence,
97848,97892,85,same_skill+sequence,50.0
97848,97928,1,same_skill,50.0
97852,97856,11,sequence,
97852,97872,1,same_skill,50.0
97852,97876,17,same_skill+sequence,50.0
97852,97884,1,same_skill,50.0
97852,97892,10,sequence,
97856,97872,1,same_skill,50.0
97856,97876,17,sequence,
97856,97884,18,sequence,
97856,97892,16,same_skill+sequence,50.0
97856,97928,1,same_skill,50.0
97872,97884,11,same_skill+sequence,50.0
97872,97892,1,same_skill,50.0
97872,97928,78,same_skill+sequence,50.0
97876,97884,1,same_skill,50.0
97876,97892,14,sequence,
97876,97928,13,sequence,
97884,97892,13,same_skill+sequence,50.0
97884,97928,14,sequence,
97892,97928,11,same_skill+sequence,50.0
98538,98543,116,sequence,
98538,98655,152,sequence,
98543,98655,237,sequence,
988,991,81,sequence,
988,997,99,same_skill+sequence,106.0
991,997,81,same_skill+sequence,106.0
