problem_id,attempts,accuracy,skill_key,unique_learners
1002,304,0.8980263157894737,106.0,298
1009,313,0.4281150159744409,106.0,295
1013,373,0.7560321715817694,106.0,356
102474,437,0.6521739130434783,75.0,432
102494,304,0.944078947368421,75.0,302
1063,402,0.7860696517412935,103.0,350
107667,305,0.6065573770491803,311.0,265
107674,242,0.7148760330578512,311.0,218
107681,273,0.7252747252747253,311.0,240
107689,233,0.7467811158798283,311.0,204
107696,225,0.5733333333333334,311.0,199
107703,225,0.6533333333333333,311.0,201
107710,244,0.6516393442622951,311.0,213
107717,246,0.7073170731707317,311.0,228
107724,217,0.6036866359447005,311.0,196
107731,236,0.788135593220339,311.0,209
107738,253,0.7391304347826086,311.0,231
107745,257,0.6614785992217899,311.0,229
107753,228,0.7631578947368421,311.0,205
107760,252,0.6904761904761905,311.0,221
107767,243,0.6090534979423868,311.0,210
107774,239,0.7364016736401674,311.0,217
107781,254,0.6850393700787402,311.0,224
107788,246,0.7317073170731707,311.0,223
107795,238,0.6890756302521008,311.0,215
107802,277,0.7292418772563177,311.0,234
107809,228,0.5219298245614035,311.0,199
107816,247,0.6356275303643725,311.0,219
107823,245,0.6285714285714286,311.0,224
107830,226,0.588495575221239,311.0,192
107837,244,0.5491803278688525,311.0,211
107844,240,0.6,311.0,218
107851,245,0.6612244897959184,311.0,216
107858,253,0.7312252964426877,311.0,224
107865,247,0.6761133603238867,311.0,223
107872,242,0.6239669421487604,311.0,217
107885,236,0.5211864406779662,312.0,206
107890,195,0.6205128205128205,312.0,177
107895,192,0.5572916666666666,312.0,175
107900,205,0.5414634146341464,312.0,184
107905,380,0.36578947368421055,312.0,343
107910,193,0.5906735751295337,312.0,172
107925,203,0.5320197044334976,312.0,183
107985,187,0.679144385026738,312.0,169
107990,196,0.75,312.0,177
108000,195,0.7128205128205128,312.0,179
108010,210,0.6714285714285714,312.0,191
108042,193,0.6787564766839378,312.0,173
108057,193,0.6062176165803109,312.0,175
108062,196,0.6479591836734694,312.0,179
108072,189,0.6349206349206349,312.0,177
108077,191,0.6387434554973822,312.0,175
108112,219,0.54337899543379,312.0,196
108127,194,0.5773195876288659,312.0,177
108142,188,0.5585106382978723,312.0,169
108212,202,0.806930693069307,312.0,183
108217,192,0.6875,312.0,167
108222,191,0.7225130890052356,312.0,177
108232,189,0.7037037037037037,312.0,171
108237,198,0.6818181818181818,312.0,181
108248,190,0.6421052631578947,312.0,172
108253,192,0.6041666666666666,312.0,171
108258,204,0.6519607843137255,312.0,180
108263,187,0.6737967914438503,312.0,166
108268,199,0.6582914572864321,312.0,180
108273,186,0.6182795698924731,312.0,167
108278,197,0.6649746192893401,312.0,177
108283,196,0.6326530612244898,312.0,183
108288,187,0.7112299465240641,312.0,171
108293,188,0.6063829787234043,312.0,171
1085,343,0.6763848396501457,77.0,293
109091,195,0.8769230769230769,277.0,195
109445,249,0.8072289156626506,82.0,249
109466,197,0.48223350253807107,36.0,195
1096,196,0.7397959183673469,8.0,194
112643,235,0.5829787234042553,88.0,210
1136,265,0.6264150943396226,95.0,175
1144,206,0.8203883495145631,278.0,205
114757,249,0.7791164658634538,35.0,249
115226,240,0.8958333333333334,32.0,240
117,292,0.8732876712328768,75.0,292
119238,480,0.7979166666666667,18.0,462
119241,215,0.9162790697674419,18.0,214
119248,197,0.4213197969543147,18.0,194
119251,188,0.5053191489361702,18.0,184
119258,308,0.8246753246753247,18.0,290
119308,370,0.772972972972973,18.0,367
119318,300,0.8766666666666667,18.0,281
119338,221,0.8642533936651584,18.0,217
119358,244,0.8934426229508197,18.0,244
119371,203,0.8669950738916257,18.0,200
121713,288,0.7013888888888888,83.0,282
121725,273,0.7362637362637363,83.0,269
121740,283,0.5053003533568905,83.0,282
121749,277,0.5776173285198556,83.0,275
121829,274,0.6277372262773723,83.0,268
121849,202,0.6831683168316832,83.0,200
121874,287,0.7421602787456446,83.0,282
121925,192,0.8697916666666666,317.0,190
121929,205,0.8829268292682927,317.0,196
121931,195,0.8871794871794871,317.0,193
121940,196,0.9081632653061225,317.0,194
121978,197,0.8984771573604061,317.0,195
121979,184,0.8043478260869565,317.0,183
121984,195,0.8666666666666667,317.0,192
121991,186,0.9247311827956989,317.0,185
122012,197,0.8578680203045685,317.0,194
122038,384,0.625,311.0,369
122072,185,0.827027027027027,311.0,172
122247,551,0.8166969147005445,324.0,421
12295,189,0.7619047619047619,277.0,189
12302,302,0.5463576158940397,321.0,222
12320,458,0.8187772925764192,92.0,457
12324,414,0.5942028985507246,5.0,411
12327,1051,0.5956232159847764,86.0,944
12337,189,0.8518518518518519,277.0,155
12344,410,0.5365853658536586,16.0,406
12347,1431,0.6743535988819007,77.0,1217
12350,502,0.7569721115537849,74.0,500
12353,444,0.8671171171171171,103.0,441
12365,385,0.8311688311688312,95.0,381
12366,406,0.6305418719211823,13.0,405
12375,968,0.5227272727272727,76.0,873
12376,1101,0.7184377838328792,76.0,916
12380,415,0.6,47.0,413
12383,471,0.5031847133757962,47.0,469
12386,435,0.7724137931034483,281.0,433
12387,498,0.7791164658634538,91.0,495
12390,442,0.6131221719457014,5.0,441
12400,500,0.602,104.0,497
12404,577,0.7175043327556326,277.0,574
12470,209,0.6985645933014354,217.0,193
1254,323,0.6873065015479877,77.0,249
125662,189,0.9629629629629629,95.0,171
126566,245,0.3673469387755102,301.0,245
127424,219,0.3926940639269406,301.0,190
1283,249,0.6385542168674698,34.0,206
128403,577,0.5355285961871751,378.0,518
128404,570,0.5403508771929825,378.0,512
128409,366,0.819672131147541,378.0,322
128410,295,0.6067796610169491,378.0,262
128411,342,0.7046783625730995,378.0,298
128412,286,0.7307692307692307,378.0,252
128413,375,0.608,378.0,325
128414,323,0.826625386996904,378.0,277
128415,381,0.5774278215223098,378.0,331
128416,340,0.8588235294117647,378.0,300
128417,339,0.8348082595870207,378.0,282
128418,300,0.6633333333333333,378.0,254
128419,364,0.7445054945054945,378.0,307
128420,315,0.7015873015873015,378.0,267
128421,361,0.8670360110803325,378.0,309
128422,296,0.6587837837837838,378.0,255
128423,366,0.7021857923497268,378.0,311
128424,318,0.7830188679245284,378.0,273
128425,333,0.6006006006006006,378.0,291
128426,286,0.8076923076923077,378.0,253
128427,343,0.641399416909621,378.0,285
128428,298,0.6879194630872483,378.0,246
128429,361,0.8116343490304709,378.0,308
12843,277,0.7581227436823105,92.0,217
128430,315,0.6412698412698413,378.0,268
128431,353,0.7025495750708215,378.0,298
128432,306,0.7287581699346405,378.0,256
128433,383,0.618798955613577,378.0,338
128434,320,0.834375,378.0,284
128435,339,0.6312684365781711,378.0,295
128436,300,0.87,378.0,261
128437,252,0.5753968253968254,350.0,235
128438,464,0.3297413793103448,378.0,414
128439,214,0.5467289719626168,350.0,198
128441,227,0.6387665198237885,350.0,213
128442,225,0.5288888888888889,378.0,213
128443,203,0.47783251231527096,378.0,190
128444,216,0.5740740740740741,378.0,203
128445,201,0.6169154228855721,350.0,185
128446,214,0.5607476635514018,378.0,192
128447,231,0.5541125541125541,350.0,222
128448,259,0.525096525096525,378.0,238
128449,219,0.547945205479452,350.0,205
128450,225,0.5777777777777777,378.0,213
128451,224,0.5357142857142857,350.0,210
128452,204,0.49019607843137253,350.0,194
128453,220,0.5772727272727273,378.0,205
128454,224,0.5401785714285714,350.0,215
128455,231,0.5627705627705628,378.0,215
128456,209,0.49282296650717705,378.0,192
128457,210,0.4142857142857143,378.0,178
128458,467,0.4089935760171306,350.0,413
128459,214,0.5373831775700935,378.0,190
128460,207,0.4830917874396135,350.0,185
128461,227,0.41409691629955947,378.0,197
128462,256,0.47265625,350.0,215
128464,256,0.734375,350.0,225
128465,203,0.5123152709359606,378.0,183
128466,207,0.3864734299516908,350.0,180
128467,205,0.5219512195121951,378.0,188
128468,245,0.8244897959183674,378.0,221
128469,241,0.6597510373443983,378.0,207
128470,221,0.5248868778280543,350.0,199
128471,214,0.32710280373831774,378.0,194
128472,238,0.5546218487394958,350.0,205
128473,235,0.5234042553191489,378.0,202
128474,247,0.5748987854251012,350.0,222
128475,216,0.6018518518518519,378.0,189
128476,255,0.4196078431372549,350.0,231
12865,197,0.5076142131979695,217.0,186
129100,409,0.7726161369193154,94.0,397
12949,211,0.5734597156398105,217.0,197
129500,528,0.3125,333.0,505
129501,247,0.3360323886639676,333.0,227
129502,192,0.453125,333.0,177
129504,190,0.35789473684210527,333.0,175
129505,202,0.5445544554455446,333.0,199
129510,211,0.5876777251184834,333.0,206
129511,185,0.4702702702702703,333.0,180
129525,187,0.5775401069518716,333.0,179
129536,188,0.4521276595744681,333.0,182
129538,188,0.8563829787234043,333.0,175
129540,189,0.8359788359788359,333.0,182
129543,190,0.8473684210526315,333.0,179
129547,197,0.8477157360406091,333.0,183
129549,197,0.7766497461928934,333.0,194
129552,196,0.8571428571428571,333.0,189
129553,186,0.8763440860215054,333.0,178
129556,188,0.7872340425531915,333.0,179
129561,186,0.8494623655913979,333.0,180
129562,201,0.7960199004975125,333.0,192
129563,242,0.8347107438016529,333.0,234
129591,186,0.3010752688172043,333.0,178
129592,192,0.2604166666666667,333.0,182
13130,214,0.6869158878504673,217.0,200
13297,210,0.8380952380952381,217.0,194
13305,209,0.5550239234449761,217.0,193
13346,245,0.6938775510204082,240.0,189
134706,314,0.4713375796178344,346.0,303
13513,217,0.5345622119815668,217.0,202
136308,296,0.8952702702702703,85.0,218
136312,280,0.6785714285714286,33.0,217
136313,290,0.8137931034482758,40.0,205
136315,249,0.8755020080321285,307.0,195
137206,445,0.7033707865168539,336.0,433
137207,224,0.8705357142857143,336.0,211
137261,398,0.5979899497487438,336.0,380
138200,280,0.8107142857142857,12.0,212
13830,250,0.864,240.0,194
138783,289,0.8858131487889274,95.0,231
138813,317,0.8296529968454258,90.0,238
138825,299,0.8528428093645485,8.0,227
139448,268,0.2947761194029851,17.0,202
139452,344,0.36046511627906974,17.0,282
139468,251,0.2868525896414343,17.0,194
139480,234,0.41025641025641024,17.0,181
139483,241,0.3278008298755187,17.0,193
139488,246,0.3699186991869919,17.0,197
139491,257,0.36964980544747084,17.0,198
139492,240,0.4625,17.0,179
139497,322,0.40683229813664595,17.0,252
139502,254,0.4645669291338583,17.0,192
139507,267,0.50187265917603,17.0,201
139532,231,0.5541125541125541,17.0,184
139547,254,0.47244094488188976,17.0,193
139552,248,0.4959677419354839,17.0,200
139557,237,0.48945147679324896,17.0,180
139562,254,0.4409448818897638,17.0,199
139567,211,0.33175355450236965,17.0,168
139571,237,0.42616033755274263,17.0,179
139575,230,0.4260869565217391,17.0,172
139579,225,0.36,17.0,189
139615,273,0.5274725274725275,17.0,203
139616,245,0.5836734693877551,17.0,191
139617,257,0.5525291828793775,17.0,207
139621,272,0.5330882352941176,17.0,217
139622,237,0.569620253164557,17.0,186
139876,196,0.5153061224489796,310.0,184
139989,305,0.8327868852459016,25.0,232
140083,386,0.9637305699481865,314.0,228
140105,375,0.96,314.0,222
140266,231,0.8398268398268398,27.0,210
14443,302,0.5596026490066225,203.0,267
14468,197,0.24873096446700507,203.0,197
14560,185,0.4540540540540541,217.0,172
14792,189,0.8412698412698413,86.0,189
14793,202,0.7871287128712872,86.0,202
14797,194,0.5257731958762887,82.0,194
14841,784,0.8227040816326531,75.0,670
148521,287,0.2613240418118467,371.0,279
148771,466,0.8862660944206009,334.0,441
148841,193,0.5699481865284974,334.0,189
148886,199,0.8542713567839196,334.0,186
148923,395,0.49873417721518987,334.0,374
148982,269,0.6171003717472119,371.0,234
148990,209,0.8755980861244019,371.0,205
149273,206,0.14563106796116504,371.0,204
15142,203,0.5665024630541872,217.0,189
152858,383,0.1671018276762402,371.0,367
1530,376,0.7393617021276596,79.0,246
15324,247,0.38461538461538464,240.0,192
1533,259,0.7104247104247104,79.0,194
15612,251,0.41832669322709165,240.0,197
16,375,0.7973333333333333,106.0,359
161675,311,0.662379421221865,340.0,310
161680,219,0.7214611872146118,340.0,217
161687,274,0.6751824817518248,340.0,267
161688,228,0.7631578947368421,340.0,225
161690,355,0.6929577464788732,340.0,355
161695,325,0.7015384615384616,340.0,325
161702,222,0.6351351351351351,340.0,222
161707,188,0.4734042553191489,340.0,133
161713,212,0.5518867924528302,340.0,211
161729,233,0.6180257510729614,340.0,233
161751,269,0.483271375464684,340.0,269
161796,283,0.5547703180212014,340.0,216
161803,221,0.46153846153846156,340.0,220
161821,212,0.4386792452830189,340.0,210
161834,228,0.5789473684210527,340.0,227
163346,259,0.22007722007722008,312.0,248
163460,466,0.4356223175965665,312.0,441
163477,201,0.5621890547263682,312.0,190
163484,188,0.601063829787234,312.0,182
163498,195,0.5435897435897435,312.0,188
163501,193,0.7098445595854922,312.0,185
163525,196,0.6326530612244898,166.0,186
1639,300,0.58,81.0,293
1644,345,0.7072463768115942,79.0,269
167292,402,0.34328358208955223,322.0,388
167293,189,0.48677248677248675,322.0,179
167295,224,0.4107142857142857,322.0,214
167296,239,0.5104602510460251,322.0,227
167297,189,0.455026455026455,322.0,179
167298,200,0.49,322.0,189
167299,192,0.4375,322.0,176
167300,191,0.5026178010471204,322.0,182
167301,219,0.45662100456621,322.0,206
167302,211,0.47393364928909953,322.0,200
167304,190,0.46842105263157896,322.0,178
167305,203,0.4630541871921182,322.0,188
167307,189,0.5079365079365079,322.0,183
167308,189,0.4708994708994709,322.0,175
167313,188,0.4627659574468085,322.0,178
167315,205,0.43414634146341463,322.0,192
167316,186,0.45161290322580644,322.0,173
167317,221,0.43891402714932126,322.0,204
167318,189,0.4973544973544973,322.0,180
167319,185,0.4594594594594595,322.0,169
167320,198,0.4393939393939394,322.0,189
167321,215,0.413953488372093,322.0,205
167322,192,0.4583333333333333,322.0,179
167323,190,0.4631578947368421,322.0,181
167324,207,0.4975845410628019,322.0,193
167325,213,0.431924882629108,322.0,204
167326,213,0.4788732394366197,322.0,192
167328,206,0.4320388349514563,322.0,195
167332,196,0.41836734693877553,322.0,181
167333,199,0.5577889447236181,322.0,187
167335,185,0.41621621621621624,322.0,171
167337,208,0.41346153846153844,322.0,191
167338,185,0.3837837837837838,322.0,171
167344,205,0.375609756097561,322.0,194
167345,193,0.47668393782383417,322.0,176
167346,187,0.5240641711229946,322.0,172
167348,188,0.48404255319148937,322.0,176
167350,216,0.4675925925925926,322.0,203
167353,207,0.42995169082125606,322.0,192
167354,197,0.43147208121827413,322.0,190
167355,209,0.5215311004784688,322.0,201
167356,197,0.41624365482233505,322.0,186
167357,190,0.45263157894736844,322.0,177
167358,203,0.41379310344827586,322.0,182
167359,194,0.422680412371134,322.0,177
167360,201,0.4527363184079602,322.0,186
167361,207,0.4251207729468599,322.0,191
167362,196,0.44387755102040816,322.0,180
167363,210,0.47619047619047616,322.0,194
167364,188,0.4946808510638298,322.0,178
167365,211,0.4218009478672986,322.0,199
167367,185,0.43783783783783786,322.0,173
167368,203,0.5320197044334976,322.0,189
167369,206,0.38349514563106796,322.0,193
167370,218,0.42201834862385323,322.0,204
167372,185,0.5135135135135135,322.0,173
167373,186,0.45698924731182794,322.0,175
167374,224,0.45089285714285715,322.0,208
167375,214,0.43457943925233644,322.0,199
167377,192,0.484375,322.0,180
167378,203,0.39901477832512317,322.0,189
167379,186,0.3924731182795699,322.0,177
167380,206,0.470873786407767,322.0,193
169850,190,0.5157894736842106,298.0,118
170597,187,0.6096256684491979,39.0,186
170837,234,0.5982905982905983,294.0,214
171224,412,0.6893203883495146,295.0,412
172535,232,0.8318965517241379,298.0,227
172547,234,0.7521367521367521,298.0,232
172557,307,0.749185667752443,298.0,301
172566,233,0.8240343347639485,298.0,230
173274,225,0.8888888888888888,296.0,225
173317,223,0.9417040358744395,296.0,223
178,874,0.7093821510297483,5.0,730
178251,196,0.8724489795918368,277.0,196
185878,395,0.8025316455696202,75.0,234
185879,414,0.6859903381642513,75.0,254
185882,388,0.7654639175257731,75.0,229
186576,277,0.6859205776173285,280.0,272
186577,249,0.5823293172690763,280.0,241
186578,279,0.8028673835125448,280.0,270
186606,281,0.608540925266904,280.0,279
186607,282,0.6950354609929078,280.0,279
186612,185,0.6702702702702703,280.0,181
186635,432,0.5648148148148148,280.0,330
186637,270,0.8296296296296296,280.0,259
186669,330,0.5818181818181818,280.0,244
187100,194,0.6134020618556701,340.0,185
187119,186,0.5860215053763441,340.0,174
187135,187,0.5935828877005348,340.0,178
187148,188,0.7074468085106383,340.0,177
187166,188,0.6542553191489362,340.0,174
187183,187,0.7433155080213903,340.0,171
187187,189,0.7566137566137566,340.0,180
187211,188,0.75,340.0,168
187214,212,0.7877358490566038,340.0,201
187218,194,0.7938144329896907,340.0,182
187238,189,0.6666666666666666,340.0,175
187248,208,0.7403846153846154,340.0,196
187616,244,0.75,278.0,241
187617,265,0.8905660377358491,278.0,259
187664,230,0.8173913043478261,278.0,229
187665,257,0.9299610894941635,278.0,255
188079,199,0.5979899497487438,276.0,199
188082,213,0.784037558685446,276.0,211
188112,213,0.9014084507042254,276.0,212
188113,204,0.7598039215686274,276.0,202
188608,206,0.8786407766990292,86.0,191
188647,292,0.8047945205479452,86.0,282
188849,461,0.648590021691974,82.0,453
188869,244,0.8401639344262295,82.0,187
188885,324,0.808641975308642,82.0,316
189165,405,0.8320987654320988,277.0,397
189166,377,0.7320954907161804,277.0,286
189170,287,0.6933797909407665,277.0,285
189180,228,0.8114035087719298,277.0,227
189195,362,0.7430939226519337,277.0,270
189197,237,0.7215189873417721,277.0,236
189208,205,0.6731707317073171,277.0,180
189210,291,0.5979381443298969,277.0,266
189215,204,0.7254901960784313,277.0,177
189218,191,0.7539267015706806,277.0,167
189236,218,0.573394495412844,277.0,216
189243,193,0.616580310880829,277.0,167
189245,246,0.6138211382113821,277.0,217
189257,343,0.6763848396501457,277.0,249
189261,199,0.4271356783919598,277.0,195
189276,237,0.5654008438818565,277.0,233
189285,351,0.8575498575498576,279.0,348
189360,198,0.7373737373737373,279.0,145
189366,474,0.8396624472573839,279.0,311
189369,259,0.8223938223938224,279.0,162
189372,252,0.8293650793650794,279.0,157
189378,278,0.8812949640287769,279.0,157
189411,262,0.8396946564885496,279.0,161
189423,319,0.7586206896551724,279.0,197
189459,341,0.8269794721407625,279.0,244
189468,289,0.8096885813148789,279.0,188
189477,261,0.842911877394636,279.0,163
189483,255,0.8666666666666667,279.0,158
189489,316,0.7943037974683544,279.0,196
189495,261,0.8697318007662835,279.0,165
189504,262,0.8587786259541985,279.0,163
189507,243,0.8683127572016461,279.0,148
190279,196,0.8214285714285714,81.0,193
190280,222,0.8693693693693694,81.0,221
190283,243,0.8724279835390947,81.0,227
204157,194,0.6804123711340206,277.0,194
20440,251,0.42231075697211157,240.0,196
208506,463,0.7991360691144709,296.0,463
208507,214,0.5841121495327103,42.0,214
208508,905,0.5878453038674033,298.0,808
210589,275,0.6509090909090909,48.0,269
210590,272,0.7279411764705882,48.0,265
210599,282,0.8262411347517731,79.0,273
210643,268,0.5708955223880597,79.0,259
210645,254,0.7125984251968503,79.0,248
210665,288,0.7326388888888888,79.0,280
211461,293,0.8430034129692833,314.0,244
211463,280,0.5321428571428571,317.0,240
211476,344,0.5290697674418605,15.0,295
211479,255,0.8745098039215686,106.0,235
211480,251,0.6573705179282868,48.0,235
211481,389,0.7583547557840618,18.0,339
211483,416,0.7572115384615384,296.0,385
211508,311,0.5530546623794212,12.0,290
211509,395,0.9088607594936708,309.0,376
211510,277,0.6245487364620939,47.0,246
211512,303,0.45544554455445546,280.0,264
2149,218,0.7660550458715596,18.0,217
217532,263,0.7984790874524715,15.0,263
218653,348,0.6091954022988506,61.0,301
218654,301,0.5880398671096345,61.0,247
218678,326,0.5950920245398773,61.0,279
218681,195,0.37948717948717947,61.0,191
218703,323,0.739938080495356,61.0,315
218704,278,0.5863309352517986,61.0,276
218705,287,0.5400696864111498,61.0,280
218706,292,0.6472602739726028,61.0,289
218714,350,0.78,61.0,307
219323,261,0.7586206896551724,363.0,255
22062,205,0.7707317073170732,217.0,190
220704,399,0.7493734335839599,82.0,337
220753,276,0.8152173913043478,82.0,267
2209,423,0.5342789598108747,75.0,420
2229,508,0.7795275590551181,82.0,507
2264,228,0.7850877192982456,12.0,228
2274,190,0.48947368421052634,12.0,190
232176,302,0.32781456953642385,358.0,296
248593,351,0.4472934472934473,338.0,260
248603,540,0.6666666666666666,338.0,358
248604,201,0.7114427860696517,338.0,195
248605,344,0.7209302325581395,338.0,340
248607,342,0.7777777777777778,338.0,336
248608,359,0.807799442896936,338.0,353
248621,272,0.45955882352941174,338.0,268
248623,260,0.5884615384615385,338.0,252
248625,260,0.5961538461538461,338.0,254
248627,227,0.27312775330396477,338.0,223
248631,247,0.4534412955465587,338.0,238
253876,198,0.8434343434343434,22.0,195
253976,202,0.7376237623762376,22.0,200
254102,210,0.9238095238095239,22.0,204
254144,193,0.8911917098445595,22.0,186
254226,202,0.8564356435643564,22.0,195
2690,217,0.3778801843317972,95.0,150
2730,376,0.8617021276595744,106.0,360
274367,592,0.6841216216216216,298.0,592
279772,467,0.5139186295503212,17.0,467
279802,439,0.6264236902050114,18.0,439
280794,341,0.6129032258064516,92.0,257
282496,184,0.7771739130434783,26.0,184
282498,194,0.4587628865979381,281.0,182
282536,197,0.6345177664974619,21.0,197
282592,341,0.8651026392961877,290.0,328
283233,261,0.8045977011494253,293.0,249
283249,333,0.6306306306306306,290.0,322
283326,219,0.7168949771689498,301.0,219
283486,502,0.5418326693227091,375.0,502
283530,509,0.5324165029469549,53.0,509
283541,475,0.7494736842105263,79.0,475
283721,475,0.8673684210526316,79.0,475
283723,284,0.6619718309859155,76.0,284
283753,465,0.832258064516129,79.0,465
290326,304,0.8388157894736842,324.0,195
290885,385,0.7428571428571429,22.0,319
290906,241,0.5767634854771784,323.0,156
29391,415,0.7373493975903614,18.0,322
29397,219,0.776255707762557,16.0,199
30174,576,0.8802083333333334,16.0,473
30298,1123,0.9385574354407836,86.0,1033
30325,809,0.7292954264524104,277.0,737
30329,781,0.7221510883482715,47.0,725
30332,653,0.663093415007657,277.0,603
30342,501,0.8702594810379242,18.0,439
30729,384,0.8177083333333334,12.0,298
30892,541,0.5304990757855823,6.0,539
3154,929,0.8966630785791173,103.0,540
3158,920,0.8032608695652174,103.0,538
318085,395,0.7037974683544304,42.0,395
31881,498,0.6967871485943775,76.0,492
32009,394,0.6573604060913706,58.0,389
321853,188,0.4627659574468085,293.0,188
32464,483,0.4803312629399586,62.0,482
32568,251,0.5976095617529881,240.0,195
33078,302,0.8543046357615894,95.0,189
334756,370,0.6810810810810811,47.0,360
334758,209,0.6794258373205742,47.0,196
334763,207,0.4106280193236715,47.0,195
334764,195,0.8564102564102564,47.0,181
334767,252,0.7261904761904762,47.0,217
334769,185,0.5081081081081081,47.0,168
334770,185,0.827027027027027,47.0,175
334771,190,0.9052631578947369,47.0,175
334772,202,0.6584158415841584,47.0,188
334775,196,0.8061224489795918,47.0,169
334776,190,0.8947368421052632,47.0,180
334778,188,0.7127659574468085,47.0,184
334779,204,0.9019607843137255,47.0,190
334780,186,0.8548387096774194,47.0,179
334781,188,0.7287234042553191,47.0,173
334782,196,0.8163265306122449,47.0,185
334784,191,0.7801047120418848,47.0,177
334785,185,0.8162162162162162,47.0,173
334789,194,0.8505154639175257,47.0,183
334793,187,0.8502673796791443,47.0,179
334796,187,0.6844919786096256,47.0,179
334799,186,0.4838709677419355,47.0,174
334803,192,0.84375,47.0,182
334813,253,0.9683794466403162,47.0,249
334814,285,0.9052631578947369,47.0,279
334882,278,0.8057553956834532,47.0,273
334916,256,0.9765625,47.0,254
335303,427,0.7564402810304449,278.0,409
335304,288,0.8229166666666666,278.0,271
335305,1039,0.8132820019249278,278.0,785
335306,334,0.8143712574850299,278.0,316
335307,298,0.9261744966442953,278.0,279
335308,255,0.7607843137254902,278.0,245
335309,286,0.7797202797202797,278.0,277
335310,365,0.7561643835616438,278.0,345
335311,293,0.7747440273037542,278.0,279
335312,413,0.8450363196125908,278.0,399
335313,250,0.82,278.0,234
335314,271,0.8118081180811808,278.0,253
335315,240,0.8916666666666667,278.0,237
335316,260,0.8615384615384616,278.0,255
335317,296,0.8547297297297297,278.0,279
335318,269,0.8104089219330854,278.0,256
335319,263,0.8897338403041825,278.0,259
335320,314,0.8535031847133758,278.0,297
335321,317,0.8517350157728707,278.0,303
335322,294,0.9319727891156463,278.0,283
335323,263,0.9125475285171103,278.0,255
335324,295,0.8576271186440678,278.0,277
335325,277,0.8808664259927798,278.0,266
335326,282,0.9113475177304965,278.0,277
335327,304,0.7730263157894737,278.0,288
335328,288,0.78125,278.0,271
335329,252,0.9087301587301587,278.0,243
335330,279,0.7813620071684588,278.0,266
335331,281,0.8576512455516014,278.0,276
335332,281,0.7864768683274022,278.0,266
335333,264,0.8409090909090909,278.0,258
335334,309,0.7993527508090615,278.0,289
335335,277,0.8736462093862816,278.0,266
335336,261,0.8888888888888888,278.0,251
335337,261,0.7816091954022989,278.0,246
335338,269,0.9219330855018587,278.0,257
335339,265,0.8037735849056604,278.0,252
335340,278,0.9100719424460432,278.0,268
335341,303,0.858085808580858,278.0,287
335342,260,0.8653846153846154,278.0,249
335343,282,0.7624113475177305,278.0,269
335344,266,0.9210526315789473,278.0,259
335345,270,0.7888888888888889,278.0,260
335346,286,0.8951048951048951,278.0,277
335347,244,0.8114754098360656,278.0,233
335348,267,0.8389513108614233,278.0,263
335349,275,0.7345454545454545,278.0,256
335350,273,0.8534798534798534,278.0,263
335351,290,0.8689655172413793,278.0,282
335352,271,0.8302583025830258,278.0,256
335353,269,0.9107806691449815,278.0,262
335354,268,0.7350746268656716,278.0,257
335355,252,0.8214285714285714,278.0,242
335356,326,0.7576687116564417,278.0,313
335357,262,0.8206106870229007,278.0,255
335358,275,0.8872727272727273,278.0,266
335359,305,0.7770491803278688,278.0,291
335360,264,0.8484848484848485,278.0,259
335361,278,0.7913669064748201,278.0,261
335362,285,0.8631578947368421,278.0,279
335363,277,0.9133574007220217,278.0,259
335364,280,0.8142857142857143,278.0,266
335365,294,0.8435374149659864,278.0,285
335366,305,0.8295081967213115,278.0,285
335367,246,0.8292682926829268,278.0,243
335368,271,0.8745387453874539,278.0,266
335369,279,0.7670250896057348,278.0,268
335370,279,0.8637992831541219,278.0,272
335371,276,0.8152173913043478,278.0,260
335372,294,0.935374149659864,278.0,283
335373,281,0.8220640569395018,278.0,261
335374,255,0.8745098039215686,278.0,249
335375,257,0.8171206225680934,278.0,246
335376,283,0.8692579505300353,278.0,278
335377,287,0.6968641114982579,278.0,274
335378,272,0.7352941176470589,278.0,258
335379,291,0.9106529209621993,278.0,281
335380,292,0.773972602739726,278.0,268
335381,287,0.8606271777003485,278.0,279
335382,283,0.8445229681978799,278.0,270
335383,250,0.9,278.0,244
335384,306,0.8137254901960784,278.0,294
335385,280,0.8607142857142858,278.0,268
335386,290,0.7517241379310344,278.0,272
335387,277,0.8592057761732852,278.0,269
335388,287,0.8536585365853658,278.0,273
335389,298,0.8691275167785235,278.0,292
335390,291,0.7731958762886598,278.0,277
335391,259,0.8532818532818532,278.0,254
335392,271,0.7306273062730627,278.0,258
335393,249,0.8473895582329317,278.0,242
335394,264,0.9053030303030303,278.0,260
335395,259,0.9111969111969112,278.0,252
335396,257,0.8521400778210116,278.0,250
335397,329,0.8936170212765957,278.0,326
335398,273,0.8388278388278388,278.0,268
335399,294,0.8129251700680272,278.0,289
335400,267,0.8951310861423221,278.0,264
335401,267,0.8913857677902621,278.0,255
335402,255,0.8745098039215686,278.0,251
335403,810,0.654320987654321,276.0,753
335404,1237,0.8253839935327405,276.0,945
335405,538,0.6747211895910781,276.0,498
335406,513,0.7309941520467836,276.0,480
335407,510,0.7254901960784313,276.0,473
335408,455,0.7846153846153846,276.0,430
335409,436,0.7339449541284404,276.0,411
335410,464,0.7564655172413793,276.0,443
335411,456,0.7521929824561403,276.0,422
335412,640,0.7921875,276.0,614
335413,486,0.691358024691358,276.0,454
335414,470,0.723404255319149,276.0,449
335415,472,0.7330508474576272,276.0,446
335416,486,0.7407407407407407,276.0,456
335417,494,0.7530364372469636,276.0,463
335418,480,0.73125,276.0,450
335419,489,0.7034764826175869,276.0,461
335420,468,0.75,276.0,433
335421,518,0.806949806949807,276.0,487
335422,496,0.7661290322580645,276.0,473
335423,470,0.725531914893617,276.0,445
335424,471,0.7409766454352441,276.0,441
335425,460,0.6826086956521739,276.0,437
335426,444,0.704954954954955,276.0,420
335427,511,0.7162426614481409,276.0,472
335428,513,0.6764132553606238,276.0,470
335429,536,0.8078358208955224,276.0,501
335431,485,0.6907216494845361,276.0,456
335432,506,0.7984189723320159,276.0,472
335433,479,0.7244258872651357,276.0,448
335434,467,0.7494646680942184,276.0,442
335435,521,0.8080614203454894,276.0,479
335436,472,0.6885593220338984,276.0,441
335437,203,0.7586206896551724,276.0,196
335438,478,0.6841004184100419,276.0,452
335439,231,0.7922077922077922,276.0,223
335440,490,0.7408163265306122,276.0,467
335441,214,0.7476635514018691,276.0,207
335442,491,0.769857433808554,276.0,459
335443,215,0.7953488372093023,276.0,207
335444,474,0.7679324894514767,276.0,441
335445,221,0.8687782805429864,276.0,211
335446,189,0.8095238095238095,276.0,186
335447,493,0.7728194726166329,276.0,455
335448,221,0.8416289592760181,276.0,213
335449,540,0.7685185185185185,276.0,491
335450,218,0.7981651376146789,276.0,207
335451,510,0.7666666666666667,276.0,475
335452,209,0.84688995215311,276.0,204
335453,486,0.7160493827160493,276.0,460
335454,232,0.7844827586206896,276.0,215
335455,475,0.7094736842105264,276.0,439
335456,236,0.7754237288135594,276.0,228
335457,462,0.7857142857142857,276.0,434
335458,221,0.7918552036199095,276.0,215
335459,487,0.784394250513347,276.0,459
335460,203,0.8669950738916257,276.0,197
335461,478,0.7405857740585774,276.0,451
335462,229,0.7467248908296943,276.0,219
335463,519,0.7495183044315993,276.0,480
335464,206,0.8252427184466019,276.0,198
335465,421,0.7600950118764845,276.0,397
335466,208,0.7692307692307693,276.0,196
335467,490,0.7244897959183674,276.0,462
335468,210,0.6952380952380952,276.0,203
335469,501,0.7664670658682635,276.0,466
335470,216,0.8287037037037037,276.0,209
335471,508,0.6771653543307087,276.0,466
335472,240,0.8333333333333334,276.0,225
335473,237,0.8987341772151899,276.0,224
335474,233,0.8283261802575107,276.0,224
335475,232,0.771551724137931,276.0,217
335476,218,0.8761467889908257,276.0,206
335478,206,0.8495145631067961,276.0,201
335479,193,0.7461139896373057,276.0,182
335480,238,0.7478991596638656,276.0,225
335481,215,0.7488372093023256,276.0,205
335482,206,0.7378640776699029,276.0,199
335483,220,0.7863636363636364,276.0,205
335484,219,0.7579908675799086,276.0,210
335485,206,0.7427184466019418,276.0,195
335486,220,0.7681818181818182,276.0,212
335487,216,0.7685185185185185,276.0,209
335488,218,0.7660550458715596,276.0,210
335489,192,0.75,276.0,185
335491,190,0.7052631578947368,276.0,181
335492,186,0.7043010752688172,276.0,177
335493,215,0.8465116279069768,276.0,206
335494,206,0.7718446601941747,276.0,201
335495,200,0.8,276.0,189
335496,222,0.7297297297297297,276.0,217
335497,238,0.7815126050420168,276.0,229
335498,221,0.7963800904977375,276.0,210
335499,188,0.75,276.0,177
335500,211,0.8056872037914692,276.0,205
335501,192,0.8125,276.0,185
335502,212,0.7594339622641509,276.0,203
335503,212,0.6650943396226415,276.0,199
336582,184,0.8478260869565217,42.0,184
33669,242,0.8347107438016529,99.0,164
338321,189,0.708994708994709,277.0,189
338835,202,0.7376237623762376,85.0,197
338836,210,0.7142857142857143,85.0,199
338837,190,0.7315789473684211,85.0,183
338838,187,0.8128342245989305,85.0,180
338839,186,0.7688172043010753,85.0,179
338840,192,0.6979166666666666,85.0,187
338844,206,0.6990291262135923,85.0,197
338845,186,0.7526881720430108,85.0,181
338846,185,0.7891891891891892,85.0,175
338847,199,0.7437185929648241,85.0,188
338848,212,0.7405660377358491,85.0,206
338849,189,0.6878306878306878,85.0,184
338850,201,0.7611940298507462,85.0,192
338854,201,0.746268656716418,85.0,189
338858,196,0.7448979591836735,85.0,187
338861,253,0.7075098814229249,85.0,245
338863,190,0.49473684210526314,85.0,181
338864,190,0.7368421052631579,85.0,178
338867,185,0.518918918918919,85.0,179
338868,195,0.717948717948718,85.0,185
338871,197,0.7258883248730964,85.0,187
338873,202,0.5742574257425742,85.0,192
338874,195,0.5743589743589743,85.0,186
34128,215,0.7116279069767442,62.0,215
342,521,0.6660268714011516,95.0,518
342821,186,0.7741935483870968,277.0,186
34288,504,0.8551587301587301,315.0,386
345037,184,0.8804347826086957,277.0,184
345039,184,0.9402173913043478,277.0,184
345040,184,0.8967391304347826,277.0,184
36725,198,0.8939393939393939,106.0,198
36899,389,0.4652956298200514,277.0,389
36907,259,0.6640926640926641,321.0,258
36912,204,0.8382352941176471,276.0,203
36915,449,0.5657015590200446,309.0,449
36947,251,0.796812749003984,321.0,204
36963,254,0.937007874015748,321.0,201
37048,252,0.5674603174603174,240.0,196
37084,304,0.7960526315789473,277.0,303
37094,220,0.4954545454545455,321.0,183
37149,277,0.37184115523465705,309.0,277
37151,215,0.6232558139534884,77.0,215
37154,208,0.40865384615384615,77.0,208
37639,243,0.6337448559670782,53.0,243
37645,200,0.755,53.0,200
37647,200,0.92,51.0,200
39463,193,0.8134715025906736,277.0,193
39798,227,0.6475770925110133,77.0,226
4003,232,0.7586206896551724,86.0,232
403733,294,0.8333333333333334,86.0,285
403760,191,0.5235602094240838,86.0,189
403856,197,0.5583756345177665,309.0,194
4059,193,0.46113989637305697,79.0,187
4080,242,0.6157024793388429,86.0,241
408546,274,0.28102189781021897,312.0,263
408750,224,0.48214285714285715,54.0,217
409,495,0.6868686868686869,95.0,493
409181,731,0.4993160054719562,280.0,511
409613,244,0.24180327868852458,280.0,233
41,336,0.7619047619047619,75.0,336
417272,208,0.6586538461538461,280.0,201
418498,202,0.5792079207920792,280.0,198
419096,260,0.5076923076923077,280.0,158
419102,278,0.7805755395683454,280.0,172
419128,231,0.5108225108225108,280.0,129
420655,226,0.6150442477876106,326.0,161
423000,629,0.6136724960254372,325.0,560
423004,323,0.6904024767801857,325.0,276
423008,294,0.22789115646258504,325.0,249
423012,301,0.33222591362126247,325.0,256
423016,292,0.3013698630136986,325.0,241
423020,304,0.4309210526315789,325.0,266
423024,304,0.7993421052631579,325.0,251
423028,327,0.7614678899082569,325.0,273
423032,301,0.8039867109634552,325.0,255
423036,289,0.6055363321799307,325.0,242
423040,352,0.5909090909090909,325.0,308
423044,320,0.575,325.0,260
423048,314,0.6369426751592356,325.0,266
423052,317,0.6624605678233438,325.0,267
423056,311,0.6366559485530546,325.0,264
423060,334,0.6287425149700598,325.0,278
423064,317,0.6529968454258676,325.0,274
423068,310,0.8161290322580645,325.0,258
423072,303,0.6468646864686468,325.0,254
423076,304,0.680921052631579,325.0,254
423080,326,0.6503067484662577,325.0,267
423084,291,0.6735395189003437,325.0,245
423088,315,0.5841269841269842,325.0,263
423092,300,0.61,325.0,263
423096,316,0.5854430379746836,325.0,271
423100,309,0.7572815533980582,325.0,250
423104,294,0.7925170068027211,325.0,255
423108,298,0.7583892617449665,325.0,256
423112,307,0.504885993485342,325.0,260
435859,451,0.6696230598669624,75.0,441
435874,436,0.591743119266055,18.0,427
435884,384,0.6875,79.0,377
441858,543,0.6721915285451197,298.0,542
444199,201,0.6666666666666666,297.0,201
444200,478,0.5251046025104602,297.0,478
449312,189,0.5079365079365079,301.0,189
4507,236,0.6440677966101694,18.0,157
45453,232,0.8017241379310345,103.0,232
455,302,0.8543046357615894,5.0,302
45924,215,0.7813953488372093,13.0,215
45926,210,0.6428571428571429,12.0,210
45929,202,0.6534653465346535,12.0,202
461091,185,0.8756756756756757,279.0,185
4674,339,0.7846607669616519,11.0,339
482,252,0.7976190476190477,5.0,252
483331,373,0.4745308310991957,297.0,373
49682,204,0.8088235294117647,323.0,176
50982,523,0.6634799235181644,310.0,463
50983,382,0.6518324607329843,310.0,320
50984,376,0.6781914893617021,310.0,314
50985,1169,0.5346449957228401,310.0,864
50986,410,0.6365853658536585,310.0,333
50987,369,0.6612466124661247,310.0,302
50988,372,0.6263440860215054,310.0,316
50989,465,0.6344086021505376,310.0,393
50990,377,0.6816976127320955,310.0,315
50991,370,0.6405405405405405,310.0,306
50992,361,0.7146814404432132,310.0,295
50993,367,0.6839237057220708,310.0,308
50994,343,0.6064139941690962,310.0,293
50995,355,0.723943661971831,310.0,304
50996,345,0.6927536231884058,310.0,288
50997,367,0.662125340599455,310.0,311
50998,361,0.6620498614958449,310.0,296
50999,353,0.6657223796033994,310.0,298
51000,347,0.6743515850144092,310.0,296
51001,350,0.72,310.0,303
51002,349,0.5988538681948424,310.0,292
51003,372,0.5940860215053764,310.0,311
51004,342,0.6608187134502924,310.0,283
51005,357,0.6526610644257703,310.0,302
51006,413,0.6682808716707022,310.0,340
51007,349,0.6303724928366762,310.0,290
51008,347,0.6340057636887608,310.0,288
51009,365,0.6547945205479452,310.0,308
51010,359,0.6880222841225627,310.0,301
51011,374,0.7058823529411765,310.0,305
51012,812,0.49137931034482757,310.0,745
51016,463,0.5896328293736501,310.0,413
51020,450,0.6088888888888889,310.0,399
51024,476,0.5462184873949579,310.0,420
51028,584,0.5273972602739726,310.0,548
51032,445,0.5595505617977528,310.0,397
51036,581,0.53184165232358,310.0,547
51040,430,0.7604651162790698,310.0,394
51044,414,0.4782608695652174,310.0,371
51048,415,0.5566265060240964,310.0,371
51052,406,0.603448275862069,310.0,366
51056,391,0.49872122762148335,310.0,354
51060,439,0.6104783599088838,310.0,383
51064,454,0.6101321585903083,310.0,413
51068,417,0.5419664268585132,310.0,376
51072,425,0.5435294117647059,310.0,386
51076,416,0.7475961538461539,310.0,381
51080,461,0.6182212581344902,310.0,404
51084,421,0.5296912114014252,310.0,383
51088,427,0.4613583138173302,310.0,390
51090,187,0.8502673796791443,310.0,180
51092,451,0.5898004434589801,310.0,411
51096,428,0.5957943925233645,310.0,371
51100,438,0.5547945205479452,310.0,392
51104,402,0.582089552238806,310.0,369
51108,620,0.5129032258064516,310.0,571
51109,258,0.375968992248062,310.0,255
51110,257,0.7237354085603113,310.0,254
51111,254,0.2125984251968504,310.0,250
51112,470,0.5255319148936171,310.0,423
51116,431,0.5823665893271461,310.0,386
51120,427,0.5292740046838408,310.0,379
51124,441,0.5532879818594104,310.0,389
51128,410,0.5658536585365853,310.0,364
525,369,0.7371273712737128,5.0,369
52846,190,0.9526315789473684,49.0,188
529505,213,0.6666666666666666,310.0,213
53002,242,0.8388429752066116,49.0,241
531157,227,0.3700440528634361,310.0,227
531194,228,0.7017543859649122,310.0,228
531354,206,0.7766990291262136,310.0,206
531409,224,0.5267857142857143,310.0,224
531433,207,0.5893719806763285,310.0,207
531446,223,0.7443946188340808,310.0,223
531451,204,0.8480392156862745,310.0,204
531509,205,0.3902439024390244,310.0,205
531542,206,0.7669902912621359,310.0,206
531578,227,0.5770925110132159,310.0,227
532488,206,0.6650485436893204,310.0,206
532538,227,0.5418502202643172,310.0,227
532561,205,0.7024390243902439,310.0,205
53263,390,0.8666666666666667,51.0,379
53265,274,0.9452554744525548,51.0,269
532812,226,0.3672566371681416,310.0,226
53293,267,0.947565543071161,51.0,263
535622,197,0.5685279187817259,338.0,105
535623,198,0.6313131313131313,309.0,105
535624,197,0.1065989847715736,338.0,105
535625,197,0.18781725888324874,338.0,105
535626,197,0.2131979695431472,85.0,105
535632,196,0.5918367346938775,88.0,105
535635,196,0.32653061224489793,393.0,105
535639,196,0.39285714285714285,47.0,105
535641,196,0.4387755102040816,61.0,105
535643,196,0.6122448979591837,81.0,105
535644,196,0.7295918367346939,79.0,105
535645,196,0.6428571428571429,81.0,105
535646,196,0.7244897959183674,79.0,105
535649,195,0.5128205128205128,327.0,105
535651,195,0.27692307692307694,365.0,105
535652,195,0.7846153846153846,365.0,105
535879,214,0.2102803738317757,310.0,214
536328,192,0.3072916666666667,310.0,192
536409,202,0.6633663366336634,310.0,202
53833,1083,0.7562326869806094,277.0,827
53834,242,0.7107438016528925,277.0,233
53835,402,0.7412935323383084,277.0,360
53836,231,0.7619047619047619,277.0,219
53837,256,0.69140625,277.0,250
53838,257,0.708171206225681,277.0,250
53839,248,0.717741935483871,277.0,236
53840,251,0.7370517928286853,277.0,244
53841,212,0.7264150943396226,277.0,205
53842,248,0.6774193548387096,277.0,237
53843,319,0.7178683385579937,277.0,310
53844,282,0.6418439716312057,277.0,266
53845,240,0.7333333333333333,277.0,230
53846,241,0.6639004149377593,277.0,233
53847,237,0.6286919831223629,277.0,235
53848,257,0.7003891050583657,277.0,246
53849,305,0.6885245901639344,277.0,294
53850,221,0.5972850678733032,277.0,210
53851,265,0.7169811320754716,277.0,250
53852,233,0.703862660944206,277.0,229
53863,228,0.6885964912280702,277.0,224
53864,288,0.6770833333333334,277.0,280
53865,230,0.6826086956521739,277.0,222
53866,224,0.6607142857142857,277.0,221
53867,221,0.746606334841629,277.0,207
53868,241,0.6099585062240664,277.0,223
53869,282,0.6631205673758865,277.0,249
53870,257,0.6381322957198443,277.0,248
53871,220,0.6227272727272727,277.0,212
53872,210,0.7,277.0,201
53873,262,0.6030534351145038,277.0,242
53874,237,0.6582278481012658,277.0,224
53875,256,0.65234375,277.0,243
53876,246,0.7073170731707317,277.0,239
53877,214,0.6495327102803738,277.0,204
53878,226,0.6415929203539823,277.0,216
53879,232,0.7025862068965517,277.0,225
53880,218,0.6972477064220184,277.0,206
53881,214,0.7616822429906542,277.0,208
53882,226,0.7035398230088495,277.0,217
53893,234,0.5854700854700855,277.0,223
53894,242,0.6322314049586777,277.0,229
53895,440,0.6363636363636364,277.0,340
53896,242,0.628099173553719,277.0,234
53897,244,0.6639344262295082,277.0,236
53898,260,0.5576923076923077,277.0,242
53899,222,0.4774774774774775,277.0,213
53900,239,0.5104602510460251,277.0,223
53901,231,0.7012987012987013,277.0,220
53902,273,0.6483516483516484,277.0,262
53903,253,0.6640316205533597,277.0,236
53904,226,0.6504424778761062,277.0,211
53905,216,0.5694444444444444,277.0,207
53906,220,0.65,277.0,212
53907,312,0.5769230769230769,277.0,304
53908,211,0.5924170616113744,277.0,205
53909,234,0.6452991452991453,277.0,226
53910,224,0.6383928571428571,277.0,211
53911,211,0.5924170616113744,277.0,201
53912,229,0.6244541484716157,277.0,217
53923,236,0.5889830508474576,277.0,227
53924,221,0.6153846153846154,277.0,204
53925,210,0.6142857142857143,277.0,206
53926,193,0.6476683937823834,277.0,190
53927,243,0.6748971193415638,277.0,232
53928,243,0.6995884773662552,277.0,231
53929,460,0.5891304347826087,277.0,362
53930,241,0.5103734439834025,277.0,232
53931,242,0.6735537190082644,277.0,232
53932,204,0.6225490196078431,277.0,197
53933,265,0.7056603773584905,277.0,252
53934,348,0.5718390804597702,277.0,333
53935,225,0.6622222222222223,277.0,211
53936,223,0.6098654708520179,277.0,211
53937,217,0.6221198156682027,277.0,212
53938,240,0.6375,277.0,231
53939,231,0.6493506493506493,277.0,213
53940,224,0.6339285714285714,277.0,214
53941,208,0.7740384615384616,277.0,204
53942,238,0.6554621848739496,277.0,223
53953,303,0.7194719471947195,277.0,295
53954,247,0.7489878542510121,277.0,235
53955,264,0.8371212121212122,277.0,252
53956,223,0.7847533632286996,277.0,216
53957,457,0.7308533916849015,277.0,353
53958,279,0.7096774193548387,277.0,272
53959,230,0.7956521739130434,277.0,221
53960,225,0.7688888888888888,277.0,219
53961,215,0.7767441860465116,277.0,207
53962,222,0.8063063063063063,277.0,214
53963,227,0.7400881057268722,277.0,216
53964,224,0.7589285714285714,277.0,215
53965,216,0.7268518518518519,277.0,206
53966,243,0.7818930041152263,277.0,229
53967,222,0.7927927927927928,277.0,208
53968,216,0.8148148148148148,277.0,205
53969,251,0.7928286852589641,277.0,241
53975,221,0.8054298642533937,277.0,210
53976,217,0.7788018433179723,277.0,205
53987,824,0.7512135922330098,278.0,567
54169,231,0.8658008658008658,279.0,220
54172,229,0.9475982532751092,279.0,222
54175,230,0.8695652173913043,279.0,209
54178,243,0.8641975308641975,279.0,230
54181,234,0.9658119658119658,279.0,219
54184,212,0.8773584905660378,279.0,200
54187,223,0.9237668161434978,279.0,205
54202,219,0.8310502283105022,279.0,205
54238,220,0.8954545454545455,279.0,203
54250,231,0.9004329004329005,279.0,207
54265,204,0.696078431372549,279.0,202
54298,229,0.8995633187772926,279.0,212
54340,820,0.8975609756097561,279.0,573
54352,248,0.9153225806451613,279.0,237
54364,237,0.8987341772151899,279.0,226
54367,248,0.8830645161290323,279.0,213
54382,231,0.8917748917748918,279.0,219
54397,227,0.8678414096916299,279.0,219
54406,256,0.8828125,279.0,221
54430,246,0.8739837398373984,279.0,212
54458,186,0.7580645161290323,279.0,160
551825,566,0.901060070671378,314.0,492
551826,464,0.8556034482758621,314.0,464
551827,559,0.8300536672629696,314.0,489
551828,475,0.8631578947368421,314.0,475
551829,481,0.8544698544698545,314.0,481
551830,857,0.8063010501750292,25.0,504
551831,779,0.79204107830552,25.0,489
551832,559,0.6708407871198568,25.0,484
551833,451,0.7849223946784922,25.0,451
551834,457,0.6542669584245077,25.0,457
558089,500,0.656,283.0,500
558096,209,0.9808612440191388,283.0,209
558097,496,0.8306451612903226,283.0,496
558098,380,0.7421052631578947,281.0,380
558099,376,0.7898936170212766,281.0,376
558101,376,0.776595744680851,281.0,376
558102,374,0.8021390374331551,281.0,374
558103,417,0.7865707434052758,283.0,417
558104,440,0.865909090909091,283.0,440
562010,392,0.5816326530612245,21.0,392
562577,448,0.7053571428571429,315.0,447
563969,452,0.834070796460177,315.0,451
563975,427,0.9391100702576113,314.0,426
563976,422,0.8483412322274881,314.0,421
563977,423,0.7848699763593381,314.0,422
563978,423,0.8250591016548463,314.0,422
563979,418,0.6411483253588517,314.0,417
563980,389,0.5861182519280206,25.0,388
563981,384,0.6276041666666666,25.0,383
568005,393,0.7175572519083969,21.0,393
568932,349,0.7249283667621776,54.0,251
568933,236,0.7288135593220338,54.0,236
568934,213,0.7652582159624414,54.0,213
568935,309,0.6925566343042071,54.0,220
568980,234,0.5769230769230769,54.0,234
568984,310,0.6774193548387096,54.0,222
569013,210,0.638095238095238,54.0,210
569023,342,0.6783625730994152,54.0,245
569208,306,0.8496732026143791,281.0,292
569211,297,0.9158249158249159,25.0,292
569652,382,0.4581151832460733,26.0,375
569654,359,0.7604456824512534,281.0,342
569685,273,0.5347985347985348,315.0,252
569689,399,0.8546365914786967,103.0,386
569690,297,0.8417508417508418,26.0,292
569691,299,0.6387959866220736,26.0,292
569708,296,0.7027027027027027,25.0,291
570336,385,0.7324675324675325,21.0,385
570337,381,0.7427821522309711,21.0,381
570338,375,0.7946666666666666,21.0,375
570339,367,0.7629427792915532,21.0,367
570340,345,0.6115942028985507,21.0,345
578042,376,0.6835106382978723,21.0,376
578043,339,0.7581120943952803,21.0,339
578142,327,0.6941896024464832,21.0,327
578143,334,0.8323353293413174,21.0,334
578144,335,0.7940298507462686,21.0,335
578145,334,0.7544910179640718,21.0,334
578146,329,0.7659574468085106,21.0,329
583726,283,0.2756183745583039,21.0,283
583727,276,0.27898550724637683,21.0,276
583728,276,0.3079710144927536,21.0,276
583729,282,0.3191489361702128,21.0,282
583731,480,0.3375,42.0,450
583732,534,0.5093632958801498,297.0,506
583733,263,0.6692015209125475,281.0,263
583734,451,0.3215077605321508,299.0,442
583735,463,0.4470842332613391,303.0,453
583736,461,0.42516268980477223,27.0,449
583737,463,0.2678185745140389,86.0,448
583738,462,0.30303030303030304,75.0,450
583739,510,0.2784313725490196,40.0,498
583740,465,0.26021505376344084,40.0,456
583741,448,0.3013392857142857,40.0,441
583742,458,0.6506550218340611,41.0,446
583744,453,0.6600441501103753,343.0,445
583745,445,0.6112359550561798,344.0,440
583751,451,0.6319290465631929,41.0,443
584273,322,0.6242236024844721,21.0,322
584274,323,0.4674922600619195,21.0,323
584275,315,0.7238095238095238,21.0,315
584276,315,0.6984126984126984,21.0,315
584277,313,0.6485623003194888,21.0,313
584497,488,0.8442622950819673,25.0,488
584498,491,0.8859470468431772,25.0,491
584499,475,0.7747368421052632,25.0,475
584500,482,0.9647302904564315,25.0,482
584501,474,0.890295358649789,25.0,474
584502,473,0.9175475687103594,25.0,473
584503,475,0.7747368421052632,25.0,475
584504,468,0.8568376068376068,25.0,468
584853,268,0.3283582089552239,65.0,268
584854,252,0.373015873015873,65.0,252
584855,225,0.30666666666666664,65.0,225
586167,206,0.18446601941747573,65.0,206
586177,250,0.56,317.0,250
586178,246,0.6056910569105691,317.0,246
586179,225,0.5822222222222222,317.0,225
586182,219,0.5753424657534246,317.0,219
597537,223,0.484304932735426,54.0,221
597542,186,0.6129032258064516,54.0,184
597549,219,0.776255707762557,54.0,217
597553,185,0.8378378378378378,54.0,183
597559,221,0.7420814479638009,54.0,219
597561,184,0.7554347826086957,54.0,182
606847,447,0.8814317673378076,50.0,196
606848,453,0.8675496688741722,50.0,196
606849,450,0.8666666666666667,50.0,195
606850,446,0.8878923766816144,50.0,193
606851,412,0.8713592233009708,50.0,179
606852,411,0.8661800486618005,50.0,178
606853,412,0.8883495145631068,50.0,178
606854,412,0.8689320388349514,50.0,178
610357,898,0.821826280623608,42.0,503
61096,398,0.8015075376884422,47.0,320
620381,289,0.6470588235294118,42.0,289
620383,288,0.7604166666666666,296.0,288
620384,271,0.3874538745387454,297.0,271
620385,258,0.7713178294573644,42.0,258
620386,254,0.6377952755905512,298.0,254
620387,235,0.37446808510638296,39.0,235
620388,203,0.4433497536945813,301.0,203
620392,230,0.5652173913043478,40.0,230
634279,256,0.734375,375.0,256
637267,415,0.8216867469879519,295.0,415
637268,338,0.6923076923076923,296.0,338
637269,342,0.8421052631578947,296.0,342
637270,400,0.405,297.0,400
637271,456,0.4342105263157895,297.0,372
637272,396,0.5833333333333334,297.0,396
637273,499,0.7454909819639278,295.0,408
637274,362,0.6519337016574586,295.0,362
637275,313,0.22044728434504793,297.0,313
637276,277,0.6642599277978339,296.0,277
637277,299,0.8394648829431438,296.0,299
637287,198,0.6313131313131313,40.0,198
637288,219,0.6073059360730594,40.0,219
637289,294,0.8435374149659864,284.0,294
637290,395,0.7316455696202532,284.0,395
637292,405,0.7209876543209877,284.0,405
647436,309,0.8673139158576052,22.0,309
647437,310,0.864516129032258,22.0,310
647438,312,0.5673076923076923,22.0,312
659408,341,0.8944281524926686,577.0,269
659410,291,0.41580756013745707,587.0,216
659412,339,0.4896755162241888,591.0,268
659417,330,0.2515151515151515,569.0,330
659419,333,0.19519519519519518,569.0,266
659420,245,0.673469387755102,568.0,245
659421,190,0.531578947368421,568.0,189
659425,349,0.828080229226361,578.0,272
659428,277,0.17328519855595667,571.0,277
659430,306,0.5816993464052288,571.0,231
659435,350,0.5028571428571429,579.0,273
659438,327,0.22629969418960244,570.0,327
659441,351,0.28774928774928776,570.0,274
659444,333,0.4594594594594595,572.0,333
659447,347,0.6628242074927954,572.0,271
659453,196,0.8877551020408163,576.0,195
659457,186,0.6666666666666666,588.0,183
659459,281,0.21708185053380782,581.0,231
659461,334,0.23952095808383234,590.0,263
659463,343,0.7142857142857143,584.0,270
659465,348,0.5086206896551724,575.0,272
659466,316,0.4208860759493671,574.0,316
659467,335,0.3701492537313433,574.0,267
659468,310,0.16129032258064516,573.0,310
659469,331,0.18731117824773413,573.0,265
659471,347,0.2219020172910663,583.0,272
659473,342,0.27485380116959063,582.0,270
659475,347,0.34870317002881845,585.0,272
659477,353,0.5524079320113314,589.0,275
66567,219,0.9406392694063926,51.0,216
66601,206,0.8592233009708737,51.0,205
66602,208,0.8557692307692307,51.0,207
75178,186,0.8494623655913979,27.0,168
75250,338,0.908284023668639,110.0,182
75276,262,0.950381679389313,105.0,179
75279,232,1.0,32.0,213
75293,249,1.0,32.0,246
75294,253,1.0,32.0,249
75295,259,1.0,32.0,257
75444,185,0.9297297297297298,307.0,183
75525,192,0.6197916666666666,40.0,191
79350,295,0.8711864406779661,27.0,276
79353,300,0.89,27.0,293
79356,282,0.8297872340425532,27.0,266
79359,248,0.842741935483871,27.0,238
79362,252,0.8293650793650794,27.0,238
79365,292,0.886986301369863,27.0,282
79368,253,0.8102766798418972,27.0,241
79371,258,0.8294573643410853,27.0,252
79374,273,0.8901098901098901,27.0,263
79377,272,0.8933823529411765,27.0,264
79560,282,0.8652482269503546,27.0,270
79563,279,0.8494623655913979,27.0,269
79566,267,0.8314606741573034,27.0,254
79569,269,0.828996282527881,27.0,252
79572,275,0.8690909090909091,27.0,260
79575,261,0.8582375478927203,27.0,249
79578,263,0.7718631178707225,27.0,256
79581,279,0.7921146953405018,27.0,267
79584,272,0.8455882352941176,27.0,260
79587,265,0.8301886792452831,27.0,251
80670,235,0.625531914893617,75.0,231
80686,234,0.6196581196581197,75.0,232
80730,246,0.6544715447154471,75.0,244
81115,241,0.8506224066390041,311.0,241
81116,241,0.8132780082987552,312.0,241
814,234,0.7948717948717948,278.0,233
839,229,0.6419213973799127,82.0,229
84589,506,0.758893280632411,309.0,478
84590,357,0.742296918767507,309.0,341
84591,337,0.7537091988130564,309.0,323
84592,359,0.7270194986072424,309.0,332
84593,321,0.8006230529595015,309.0,309
84594,422,0.7725118483412322,309.0,396
84595,345,0.7884057971014493,309.0,335
84596,333,0.7777777777777778,309.0,322
84597,374,0.7941176470588235,309.0,353
84598,355,0.7774647887323943,309.0,340
84599,473,0.718816067653277,309.0,452
84600,394,0.7081218274111675,309.0,372
84601,426,0.7136150234741784,309.0,397
84602,348,0.7528735632183908,309.0,337
84603,355,0.723943661971831,309.0,335
84604,404,0.7945544554455446,309.0,386
84605,389,0.7352185089974294,309.0,366
84606,346,0.7947976878612717,309.0,325
84607,332,0.7560240963855421,309.0,314
84608,360,0.7361111111111112,309.0,343
84609,333,0.7597597597597597,309.0,319
84610,344,0.7848837209302325,309.0,332
84611,356,0.699438202247191,309.0,339
84612,379,0.783641160949868,309.0,359
84613,358,0.7513966480446927,309.0,332
84614,342,0.7046783625730995,309.0,331
84615,340,0.7411764705882353,309.0,318
84616,350,0.7714285714285715,309.0,331
84617,405,0.745679012345679,309.0,374
84618,360,0.7638888888888888,309.0,346
8462,316,0.6518987341772152,61.0,306
84629,345,0.8782608695652174,310.0,326
8463,360,0.7805555555555556,61.0,346
84632,555,0.7837837837837838,310.0,538
84635,378,0.828042328042328,310.0,361
84638,339,0.8200589970501475,310.0,323
84641,378,0.8756613756613757,310.0,360
84644,454,0.8832599118942731,310.0,430
84647,352,0.7954545454545454,310.0,336
84650,403,0.8684863523573201,310.0,375
84653,363,0.8732782369146006,310.0,342
84656,348,0.8448275862068966,310.0,330
84719,252,0.9007936507936508,47.0,246
84720,211,0.9383886255924171,47.0,204
84721,222,0.954954954954955,47.0,212
84722,202,0.9603960396039604,47.0,194
84723,223,0.9372197309417041,47.0,212
84724,201,0.9154228855721394,47.0,191
84725,196,0.9285714285714286,47.0,186
84726,217,0.9216589861751152,47.0,210
84727,204,0.9215686274509803,47.0,194
84728,200,0.915,47.0,194
84741,205,0.9658536585365853,47.0,197
84742,192,0.9375,47.0,183
84743,217,0.9354838709677419,47.0,207
84744,235,0.9276595744680851,47.0,224
84745,193,0.9844559585492227,47.0,184
84746,375,0.9413333333333334,47.0,367
84749,204,0.9607843137254902,47.0,200
84751,217,0.967741935483871,47.0,208
84889,1447,0.8389771941948859,277.0,1078
84890,655,0.7694656488549618,277.0,638
84891,517,0.7253384912959381,277.0,501
84892,862,0.8155452436194895,277.0,723
84893,725,0.84,277.0,579
84894,459,0.7690631808278867,277.0,443
84895,486,0.8415637860082305,277.0,473
84896,482,0.8340248962655602,277.0,459
84897,499,0.781563126252505,277.0,483
84898,494,0.8117408906882592,277.0,474
84899,567,0.8059964726631393,277.0,545
849,392,0.7576530612244898,77.0,290
84900,867,0.803921568627451,277.0,595
84901,661,0.8184568835098336,277.0,534
84902,452,0.7765486725663717,277.0,436
84903,859,0.7927823050058207,277.0,732
84904,606,0.7904290429042904,277.0,595
84905,526,0.7300380228136882,277.0,502
84906,464,0.7693965517241379,277.0,450
84907,475,0.7557894736842106,277.0,457
84908,480,0.73125,277.0,462
84912,350,0.8628571428571429,47.0,269
84959,241,0.946058091286307,47.0,227
84960,229,0.9082969432314411,47.0,223
84961,274,0.9452554744525548,47.0,249
84962,222,0.9279279279279279,47.0,216
84964,187,0.9358288770053476,47.0,181
84965,215,0.9534883720930233,47.0,205
84966,220,0.9545454545454546,47.0,214
84967,227,0.947136563876652,47.0,217
84968,210,0.9476190476190476,47.0,200
84969,197,0.9390862944162437,47.0,191
84970,202,0.9158415841584159,47.0,197
84971,205,0.9121951219512195,47.0,193
84972,195,0.9179487179487179,47.0,186
84973,188,0.9202127659574468,47.0,179
84974,353,0.8725212464589235,47.0,346
84975,208,0.7163461538461539,47.0,201
84976,229,0.9344978165938864,47.0,218
84977,218,0.9174311926605505,47.0,203
84979,343,0.7551020408163265,309.0,328
84980,332,0.7831325301204819,309.0,316
84981,349,0.6275071633237822,309.0,334
84982,348,0.7586206896551724,309.0,329
84983,312,0.782051282051282,309.0,302
84984,376,0.7553191489361702,309.0,356
84985,352,0.7784090909090909,309.0,335
84986,355,0.6450704225352113,309.0,344
84987,339,0.8023598820058997,309.0,327
84988,342,0.7485380116959064,309.0,329
84989,356,0.7668539325842697,309.0,342
84990,336,0.7648809523809523,309.0,325
84991,336,0.7113095238095238,309.0,327
84992,342,0.7309941520467836,309.0,329
84993,336,0.7946428571428571,309.0,321
84994,358,0.7430167597765364,309.0,342
84995,350,0.6257142857142857,309.0,334
84996,323,0.7554179566563467,309.0,309
84997,363,0.7575757575757576,309.0,349
84998,341,0.7390029325513197,309.0,329
85019,503,0.8011928429423459,310.0,497
85022,349,0.8452722063037249,310.0,335
85025,394,0.8908629441624365,310.0,378
85028,351,0.8547008547008547,310.0,335
85031,386,0.8782383419689119,310.0,361
85034,385,0.825974025974026,310.0,367
85037,337,0.7774480712166172,310.0,323
85040,336,0.8452380952380952,310.0,315
85043,366,0.8469945355191257,310.0,346
85046,372,0.8225806451612904,310.0,352
85056,365,0.8191780821917808,310.0,348
85062,395,0.8683544303797468,310.0,374
85065,360,0.8611111111111112,310.0,347
85068,348,0.8189655172413793,310.0,337
85071,321,0.8722741433021807,310.0,307
85074,434,0.8548387096774194,310.0,410
85077,392,0.8316326530612245,310.0,376
85080,424,0.8349056603773585,310.0,400
85083,342,0.827485380116959,310.0,334
85086,522,0.8295019157088123,310.0,507
85110,508,0.7440944881889764,309.0,490
85111,530,0.8169811320754717,309.0,427
85112,331,0.7220543806646526,309.0,320
85113,436,0.7889908256880734,309.0,400
85117,352,0.65625,309.0,333
85118,381,0.8372703412073491,309.0,359
85119,538,0.8011152416356877,309.0,522
85691,403,0.8039702233250621,49.0,361
85692,242,0.8057851239669421,49.0,229
85693,189,0.746031746031746,49.0,180
85694,204,0.5931372549019608,49.0,193
85695,204,0.7058823529411765,49.0,195
85696,214,0.7990654205607477,49.0,195
85697,194,0.6597938144329897,49.0,185
85698,210,0.6047619047619047,49.0,193
85699,195,0.6256410256410256,49.0,186
85700,197,0.7106598984771574,49.0,192
85701,214,0.7383177570093458,49.0,204
85702,375,0.7226666666666667,49.0,368
85703,189,0.6878306878306878,49.0,177
85704,200,0.6,49.0,193
85705,199,0.628140703517588,49.0,193
85706,213,0.6713615023474179,49.0,200
85707,228,0.7105263157894737,49.0,212
85708,199,0.7085427135678392,49.0,193
85710,198,0.8080808080808081,49.0,190
85711,218,0.7752293577981652,49.0,205
85712,193,0.6113989637305699,49.0,181
85713,210,0.6952380952380952,49.0,195
85714,208,0.5721153846153846,49.0,196
85715,216,0.6666666666666666,49.0,209
85716,231,0.6753246753246753,49.0,217
85717,192,0.6354166666666666,49.0,188
85718,208,0.7980769230769231,49.0,191
85719,213,0.5915492957746479,49.0,202
85720,199,0.7688442211055276,49.0,189
85722,201,0.6169154228855721,49.0,189
85724,197,0.7969543147208121,49.0,193
85725,196,0.7346938775510204,49.0,187
85726,196,0.5612244897959183,49.0,187
85727,208,0.8365384615384616,49.0,196
85728,207,0.8067632850241546,49.0,197
85729,201,0.7860696517412935,49.0,189
85730,190,0.6789473684210526,49.0,182
85732,203,0.8177339901477833,49.0,198
85733,211,0.6824644549763034,49.0,207
85734,210,0.719047619047619,49.0,198
85735,199,0.7889447236180904,49.0,195
85736,215,0.7162790697674418,49.0,206
85737,207,0.6376811594202898,49.0,203
85738,188,0.5691489361702128,49.0,180
85739,196,0.6122448979591837,49.0,187
85740,202,0.7722772277227723,49.0,187
85741,201,0.6368159203980099,49.0,196
85742,219,0.589041095890411,49.0,211
85743,189,0.7407407407407407,49.0,177
85744,201,0.6069651741293532,49.0,189
85745,218,0.4908256880733945,49.0,207
85746,229,0.6681222707423581,49.0,212
85747,207,0.7294685990338164,49.0,196
85748,185,0.8108108108108109,49.0,172
85749,221,0.6244343891402715,49.0,205
85750,200,0.79,49.0,188
85751,220,0.8,49.0,206
85793,537,0.88268156424581,47.0,466
85794,269,0.9033457249070632,47.0,256
85795,322,0.9627329192546584,47.0,313
85796,225,0.9466666666666667,47.0,213
85797,215,0.8465116279069768,47.0,210
85798,213,0.9107981220657277,47.0,209
85799,195,0.958974358974359,47.0,188
85800,211,0.9289099526066351,47.0,204
85801,206,0.883495145631068,47.0,198
85838,255,0.8392156862745098,47.0,248
85850,244,0.8565573770491803,47.0,242
85857,188,0.8457446808510638,47.0,186
85893,279,0.4767025089605735,47.0,264
85894,264,0.5378787878787878,47.0,248
85895,605,0.8446280991735537,47.0,515
85896,335,0.9014925373134328,47.0,304
85897,331,0.47129909365558914,47.0,310
85898,327,0.8287461773700305,47.0,311
85899,232,0.6293103448275862,47.0,207
85900,239,0.6652719665271967,47.0,218
85901,440,0.8022727272727272,47.0,413
85902,334,0.4491017964071856,47.0,316
85903,250,0.64,47.0,225
85904,332,0.46686746987951805,47.0,299
85905,267,0.5430711610486891,47.0,243
85906,256,0.75,47.0,229
85907,256,0.66796875,47.0,239
85908,340,0.9235294117647059,47.0,313
85909,252,0.7658730158730159,47.0,228
85910,234,0.9358974358974359,47.0,210
85911,254,0.5787401574803149,47.0,238
85925,247,0.5910931174089069,47.0,225
85926,250,0.68,47.0,223
85927,252,0.7103174603174603,47.0,226
85928,245,0.7020408163265306,47.0,221
85929,226,0.5752212389380531,47.0,202
85930,212,0.5141509433962265,47.0,193
85931,194,0.6804123711340206,47.0,184
85932,275,0.6872727272727273,47.0,261
85933,189,0.5396825396825397,47.0,172
85936,191,0.9319371727748691,47.0,177
85938,192,0.4791666666666667,47.0,178
85939,191,0.5078534031413613,47.0,176
85940,201,0.5970149253731343,47.0,188
85941,193,0.5492227979274611,47.0,183
85943,204,0.7254901960784313,47.0,184
85944,213,0.4694835680751174,47.0,203
85946,217,0.5668202764976958,47.0,205
85947,191,0.5497382198952879,47.0,185
85949,264,0.7462121212121212,47.0,251
85950,202,0.5792079207920792,47.0,181
85952,195,0.4512820512820513,47.0,180
85953,274,0.8065693430656934,47.0,267
85954,201,0.6417910447761194,47.0,190
85955,207,0.5362318840579711,47.0,190
85956,196,0.6224489795918368,47.0,186
85957,185,0.5243243243243243,47.0,175
85958,189,0.9365079365079365,47.0,183
85959,217,0.5990783410138248,47.0,202
85960,204,0.5098039215686274,47.0,188
85961,190,0.5631578947368421,47.0,182
85962,200,0.51,47.0,183
85965,199,0.47738693467336685,47.0,187
85966,194,0.6752577319587629,47.0,184
85967,194,0.6185567010309279,47.0,179
85968,185,0.7135135135135136,47.0,174
85969,296,0.9087837837837838,47.0,280
85972,201,0.6268656716417911,47.0,187
85973,317,0.526813880126183,47.0,306
85974,220,0.759090909090909,47.0,194
86045,201,0.7661691542288557,47.0,182
86048,226,0.39823008849557523,47.0,213
86049,259,0.4092664092664093,47.0,222
86050,219,0.5707762557077626,47.0,210
86051,258,0.8682170542635659,47.0,244
86052,200,0.605,47.0,189
86054,271,0.7195571955719557,47.0,259
86061,201,0.3582089552238806,47.0,188
86062,216,0.6157407407407407,47.0,194
86063,215,0.4930232558139535,47.0,203
86064,201,0.6218905472636815,47.0,186
86065,207,0.5507246376811594,47.0,188
86066,201,0.5323383084577115,47.0,191
86067,209,0.6172248803827751,47.0,196
86068,208,0.9134615384615384,47.0,199
86069,188,0.5531914893617021,47.0,176
86070,223,0.5067264573991032,47.0,210
86071,196,0.6071428571428571,47.0,182
86072,289,0.4602076124567474,47.0,263
86073,194,0.5618556701030928,47.0,181
86075,219,0.5205479452054794,47.0,206
86076,215,0.5302325581395348,47.0,204
86077,240,0.9333333333333333,47.0,231
86078,206,0.6844660194174758,47.0,197
86079,202,0.5,47.0,189
86080,204,0.6470588235294118,47.0,189
86137,297,0.7239057239057239,65.0,276
86138,290,0.7103448275862069,65.0,265
86139,311,0.7009646302250804,65.0,285
86140,365,0.7835616438356164,65.0,338
86141,378,0.8359788359788359,65.0,345
86142,285,0.6736842105263158,65.0,262
86143,276,0.7282608695652174,65.0,257
86144,279,0.8100358422939068,65.0,256
86145,315,0.7015873015873015,65.0,291
86146,273,0.7216117216117216,65.0,250
86147,260,0.676923076923077,65.0,241
86148,318,0.7295597484276729,65.0,292
86149,294,0.6938775510204082,65.0,273
86150,317,0.6750788643533123,65.0,294
86151,292,0.8184931506849316,65.0,269
86152,308,0.6785714285714286,65.0,292
86153,303,0.7128712871287128,65.0,281
86154,278,0.7877697841726619,65.0,258
86155,299,0.7290969899665551,65.0,265
86156,257,0.7042801556420234,65.0,237
86157,292,0.6917808219178082,65.0,271
86158,309,0.7152103559870551,65.0,277
86159,313,0.65814696485623,65.0,280
86160,316,0.7025316455696202,65.0,292
86161,487,0.8459958932238193,65.0,432
86162,350,0.6057142857142858,65.0,328
86163,322,0.7670807453416149,65.0,294
86164,299,0.8461538461538461,65.0,281
86165,288,0.6944444444444444,65.0,251
86166,293,0.6723549488054608,65.0,277
86167,281,0.693950177935943,65.0,256
86168,260,0.6807692307692308,65.0,250
86169,285,0.7263157894736842,65.0,262
86170,287,0.6550522648083623,65.0,264
86171,387,0.8682170542635659,65.0,348
86172,420,0.6523809523809524,65.0,392
86173,417,0.7410071942446043,65.0,353
86239,221,0.755656108597285,80.0,213
86240,296,0.5304054054054054,80.0,276
86311,313,0.8338658146964856,280.0,302
86312,235,0.7914893617021277,280.0,226
86313,310,0.7903225806451613,280.0,300
86314,243,0.7777777777777778,280.0,232
86315,229,0.7510917030567685,280.0,218
86316,215,0.7069767441860465,280.0,206
86317,240,0.7416666666666667,280.0,226
86318,212,0.7358490566037735,280.0,209
86319,245,0.6530612244897959,280.0,237
86320,226,0.7433628318584071,280.0,214
86322,225,0.7244444444444444,280.0,216
86323,246,0.7967479674796748,280.0,234
86324,251,0.7609561752988048,280.0,242
86325,228,0.7675438596491229,280.0,215
86326,266,0.7631578947368421,280.0,255
86327,350,0.7714285714285715,280.0,327
86328,234,0.7393162393162394,280.0,225
86329,251,0.7410358565737052,280.0,238
86330,256,0.77734375,280.0,242
86331,234,0.7393162393162394,280.0,225
86332,266,0.8195488721804511,280.0,249
86341,209,0.6794258373205742,280.0,200
86342,249,0.8152610441767069,280.0,238
86343,210,0.7904761904761904,280.0,202
86344,248,0.7741935483870968,280.0,236
86345,361,0.5734072022160664,280.0,336
86346,222,0.7162162162162162,280.0,217
86347,241,0.7095435684647303,280.0,228
86348,226,0.7566371681415929,280.0,219
86349,212,0.7028301886792453,280.0,198
86350,239,0.7364016736401674,280.0,227
86352,232,0.8103448275862069,280.0,227
86353,267,0.7790262172284644,280.0,254
86354,240,0.7958333333333333,280.0,230
86355,329,0.7051671732522796,280.0,313
86356,233,0.7682403433476395,280.0,221
86357,245,0.8244897959183674,280.0,233
86358,221,0.7375565610859729,280.0,214
86359,257,0.7392996108949417,280.0,250
86360,219,0.7351598173515982,280.0,213
86361,223,0.7085201793721974,280.0,208
86440,218,0.7568807339449541,280.0,204
86442,233,0.7553648068669528,280.0,223
86444,252,0.7261904761904762,280.0,237
86446,263,0.7642585551330798,280.0,249
86448,213,0.6431924882629108,280.0,204
86450,284,0.8133802816901409,280.0,278
86452,217,0.7142857142857143,280.0,206
86454,330,0.6545454545454545,280.0,318
86455,214,0.705607476635514,280.0,205
86456,241,0.7717842323651453,280.0,227
86457,522,0.5593869731800766,46.0,348
86509,280,0.7857142857142857,280.0,267
86511,229,0.6855895196506551,280.0,219
86513,223,0.7130044843049327,280.0,213
86515,486,0.6522633744855967,280.0,384
86517,207,0.748792270531401,280.0,196
86519,235,0.7489361702127659,280.0,228
86521,236,0.7415254237288136,280.0,220
86523,233,0.721030042918455,280.0,223
86525,239,0.7238493723849372,280.0,230
86527,205,0.7414634146341463,280.0,195
86528,211,0.7819905213270142,280.0,199
86529,219,0.684931506849315,280.0,207
86530,228,0.7675438596491229,280.0,219
86531,224,0.7723214285714286,280.0,214
86532,239,0.6778242677824268,280.0,226
86533,255,0.7803921568627451,280.0,244
86534,265,0.7245283018867924,280.0,257
86535,218,0.7339449541284404,280.0,210
86536,264,0.7386363636363636,280.0,250
86537,252,0.6984126984126984,280.0,239
86538,212,0.7594339622641509,280.0,204
86539,247,0.7408906882591093,280.0,237
86540,222,0.6126126126126126,280.0,210
86541,231,0.7835497835497836,280.0,216
86542,223,0.6412556053811659,280.0,218
86543,227,0.748898678414097,280.0,218
86544,230,0.6869565217391305,280.0,218
86545,188,0.7287234042553191,280.0,182
86546,232,0.7068965517241379,280.0,224
86547,284,0.6549295774647887,280.0,270
86548,292,0.791095890410959,280.0,280
86549,320,0.678125,280.0,306
86550,226,0.668141592920354,280.0,218
86551,215,0.7116279069767442,280.0,207
86552,227,0.6519823788546255,280.0,214
86553,223,0.6771300448430493,280.0,212
86554,227,0.7048458149779736,280.0,215
86555,227,0.6696035242290749,280.0,213
86556,219,0.7214611872146118,280.0,205
86557,219,0.684931506849315,280.0,209
86572,215,0.7441860465116279,280.0,209
86574,277,0.8014440433212996,280.0,250
86575,290,0.6310344827586207,280.0,282
86576,186,0.7526881720430108,280.0,175
86577,192,0.75,280.0,182
86578,210,0.7904761904761904,280.0,199
86579,237,0.7215189873417721,280.0,224
86581,203,0.7931034482758621,280.0,192
86582,319,0.8714733542319749,79.0,317
86583,256,0.69140625,79.0,246
86591,189,0.8095238095238095,79.0,185
86602,189,0.7671957671957672,280.0,181
86604,187,0.8235294117647058,280.0,179
86609,185,0.8,280.0,177
86611,195,0.8051282051282052,280.0,190
86612,201,0.7661691542288557,79.0,196
86622,187,0.8342245989304813,280.0,179
86623,218,0.7752293577981652,280.0,206
86624,201,0.746268656716418,280.0,190
86626,188,0.776595744680851,280.0,178
86628,187,0.7967914438502673,280.0,180
86643,215,0.813953488372093,280.0,208
86644,192,0.7916666666666666,280.0,186
86646,193,0.7616580310880829,280.0,179
86649,208,0.7211538461538461,280.0,194
86650,195,0.7487179487179487,280.0,188
86651,194,0.8402061855670103,280.0,187
86664,186,0.8118279569892473,280.0,176
86665,188,0.8191489361702128,280.0,182
86666,199,0.7738693467336684,280.0,191
86667,202,0.806930693069307,280.0,195
86668,367,0.659400544959128,280.0,343
86669,196,0.75,280.0,181
86670,187,0.7593582887700535,280.0,185
86704,203,0.812807881773399,79.0,199
86724,191,0.7015706806282722,280.0,184
86726,250,0.64,280.0,244
86728,223,0.7130044843049327,280.0,213
86730,191,0.6910994764397905,280.0,179
86737,191,0.6649214659685864,280.0,182
86738,206,0.7087378640776699,280.0,195
86739,204,0.7254901960784313,280.0,191
86741,189,0.7248677248677249,280.0,180
86742,188,0.7606382978723404,280.0,175
86746,186,0.7204301075268817,280.0,181
86747,188,0.7446808510638298,280.0,178
86750,207,0.7729468599033816,280.0,195
86755,197,0.7766497461928934,280.0,182
86763,235,0.7574468085106383,280.0,224
86764,195,0.7333333333333333,280.0,184
86766,252,0.75,280.0,242
86767,214,0.7710280373831776,280.0,199
86770,205,0.7609756097560976,280.0,185
86773,937,0.8495197438633938,67.0,862
86774,880,0.8386363636363636,67.0,811
86775,906,0.8543046357615894,67.0,755
86776,700,0.7942857142857143,67.0,569
86777,751,0.9267643142476698,67.0,610
86778,687,0.8209606986899564,67.0,537
86779,683,0.7247437774524158,67.0,543
86780,735,0.8081632653061225,67.0,594
86781,694,0.8270893371757925,67.0,548
86782,741,0.7503373819163293,67.0,607
86783,717,0.8967921896792189,67.0,567
86784,623,0.8764044943820225,67.0,578
86785,716,0.797486033519553,67.0,573
86786,796,0.8065326633165829,67.0,651
86787,767,0.8865710560625815,67.0,552
86788,677,0.7208271787296898,67.0,625
86789,566,0.7544169611307421,67.0,514
86790,587,0.8040885860306644,67.0,533
86791,592,0.8074324324324325,67.0,549
86792,907,0.8511576626240352,67.0,646
86793,696,0.8405172413793104,67.0,552
86794,917,0.7884405670665212,67.0,660
86795,715,0.8545454545454545,67.0,573
86796,825,0.8218181818181818,67.0,575
86797,711,0.8635724331926864,67.0,563
86798,612,0.8856209150326797,67.0,562
86799,712,0.8160112359550562,67.0,557
86800,710,0.7183098591549296,67.0,560
86801,621,0.9001610305958132,67.0,557
86802,481,0.8981288981288982,67.0,456
86834,267,0.4756554307116105,67.0,250
86835,268,0.5111940298507462,67.0,257
86836,299,0.431438127090301,67.0,281
86837,263,0.4866920152091255,67.0,247
86838,265,0.44528301886792454,67.0,244
86839,236,0.4661016949152542,67.0,218
86840,328,0.3780487804878049,67.0,314
86841,261,0.4942528735632184,67.0,246
86842,251,0.4900398406374502,67.0,225
86843,257,0.42023346303501946,67.0,242
86844,254,0.531496062992126,67.0,236
86845,231,0.5281385281385281,67.0,222
86846,236,0.4110169491525424,67.0,218
86847,237,0.4345991561181435,67.0,221
86848,255,0.3843137254901961,67.0,235
86849,250,0.412,67.0,232
86850,257,0.44357976653696496,67.0,238
86851,256,0.49609375,67.0,245
86852,240,0.4875,67.0,231
86853,310,0.45806451612903226,67.0,293
86854,296,0.46959459459459457,67.0,280
86855,285,0.4666666666666667,67.0,270
86856,259,0.4749034749034749,67.0,243
86857,248,0.5201612903225806,67.0,237
86858,253,0.43873517786561267,67.0,231
86859,257,0.4357976653696498,67.0,246
86860,249,0.36947791164658633,67.0,231
86861,252,0.42063492063492064,67.0,242
86862,307,0.4495114006514658,67.0,283
86863,258,0.5116279069767442,67.0,233
86876,511,0.6634050880626223,67.0,468
86877,492,0.6158536585365854,67.0,456
86878,537,0.6089385474860335,67.0,508
86879,493,0.6247464503042597,67.0,453
86880,685,0.6963503649635037,67.0,619
86881,454,0.6850220264317181,67.0,414
86882,512,0.6484375,67.0,474
86883,619,0.6365105008077544,67.0,568
86884,453,0.6688741721854304,67.0,415
86885,486,0.6728395061728395,67.0,450
86886,485,0.6123711340206186,67.0,448
86887,474,0.6139240506329114,67.0,434
86888,500,0.618,67.0,468
86889,451,0.5831485587583148,67.0,425
86890,513,0.7017543859649122,67.0,480
86891,469,0.650319829424307,67.0,428
86892,503,0.6421471172962226,67.0,468
86893,478,0.6778242677824268,67.0,444
86894,467,0.683083511777302,67.0,425
86895,497,0.670020120724346,67.0,456
86900,622,0.729903536977492,67.0,584
86901,605,0.6595041322314049,67.0,549
86902,554,0.6588447653429603,67.0,512
86903,594,0.67003367003367,67.0,553
86904,575,0.7321739130434782,67.0,539
86905,574,0.7125435540069687,67.0,516
86906,600,0.6966666666666667,67.0,542
86907,563,0.6820603907637656,67.0,511
86908,736,0.748641304347826,67.0,663
86909,595,0.7478991596638656,67.0,546
87024,715,0.6475524475524476,61.0,579
87025,716,0.6620111731843575,61.0,562
87026,427,0.7353629976580797,61.0,341
87027,410,0.7658536585365854,61.0,382
87028,382,0.7879581151832461,61.0,356
87029,290,0.7,61.0,273
87030,217,0.7373271889400922,61.0,209
87031,258,0.7093023255813954,61.0,242
87032,258,0.7209302325581395,61.0,250
87033,260,0.7076923076923077,61.0,246
87034,281,0.7651245551601423,61.0,262
87035,247,0.6720647773279352,61.0,237
87036,242,0.6694214876033058,61.0,235
87037,239,0.7447698744769874,61.0,228
87038,345,0.6521739130434783,61.0,303
87039,258,0.875968992248062,61.0,242
87040,261,0.8352490421455939,61.0,251
87041,328,0.725609756097561,61.0,317
87042,378,0.7248677248677249,61.0,304
87043,239,0.7322175732217573,61.0,232
87044,269,0.7211895910780669,61.0,260
87045,292,0.797945205479452,61.0,276
87046,267,0.7378277153558053,61.0,249
87047,261,0.7701149425287356,61.0,247
87048,260,0.65,61.0,247
87049,242,0.7148760330578512,61.0,228
87050,246,0.7357723577235772,61.0,234
87051,245,0.7959183673469388,61.0,230
87052,232,0.7844827586206896,61.0,225
87053,232,0.7241379310344828,61.0,218
87054,239,0.8702928870292888,61.0,224
87055,246,0.7439024390243902,61.0,232
87056,282,0.6914893617021277,61.0,270
87057,291,0.7800687285223368,61.0,281
87058,263,0.714828897338403,61.0,251
87059,255,0.7725490196078432,61.0,243
87060,252,0.7301587301587301,61.0,238
87061,258,0.7751937984496124,61.0,248
87062,262,0.7900763358778626,61.0,252
87063,261,0.7662835249042146,61.0,249
87064,260,0.7884615384615384,61.0,250
87065,244,0.7418032786885246,61.0,236
87066,250,0.752,61.0,238
87067,197,0.6802030456852792,61.0,188
87068,269,0.7397769516728625,61.0,255
87069,245,0.6775510204081633,61.0,234
87070,226,0.6902654867256637,61.0,217
87071,263,0.844106463878327,61.0,254
87072,245,0.763265306122449,61.0,228
87073,381,0.6745406824146981,61.0,362
87074,318,0.7452830188679245,61.0,301
87077,359,0.7520891364902507,61.0,339
87078,449,0.7126948775055679,61.0,423
87079,429,0.6503496503496503,61.0,401
87080,435,0.6597701149425287,61.0,417
87081,328,0.6371951219512195,61.0,313
87082,356,0.7162921348314607,61.0,336
87083,245,0.6489795918367347,61.0,237
87084,241,0.7344398340248963,61.0,228
87085,262,0.7022900763358778,61.0,243
87086,255,0.6941176470588235,61.0,245
87087,237,0.7215189873417721,61.0,226
87088,235,0.6425531914893617,61.0,224
87089,226,0.6017699115044248,61.0,214
87090,245,0.6693877551020408,61.0,234
87091,251,0.6135458167330677,61.0,240
87092,233,0.7081545064377682,61.0,222
87093,278,0.6151079136690647,61.0,268
87104,240,0.675,61.0,230
87105,236,0.6864406779661016,61.0,216
87106,243,0.7530864197530864,61.0,230
87107,249,0.7269076305220884,61.0,232
87108,248,0.6612903225806451,61.0,239
87109,245,0.6285714285714286,61.0,233
87110,267,0.6741573033707865,61.0,257
87111,211,0.6208530805687204,61.0,200
87112,253,0.6561264822134387,61.0,241
87113,248,0.6451612903225806,61.0,236
87114,234,0.7264957264957265,61.0,216
87115,248,0.7096774193548387,61.0,234
87116,244,0.7008196721311475,61.0,233
87117,234,0.7008547008547008,61.0,223
87118,236,0.635593220338983,61.0,230
87119,233,0.6094420600858369,61.0,224
87120,316,0.5949367088607594,61.0,299
87121,229,0.5807860262008734,61.0,220
87122,254,0.6889763779527559,61.0,244
87123,304,0.6217105263157895,61.0,289
87124,253,0.6600790513833992,61.0,240
87125,253,0.6561264822134387,61.0,236
87126,229,0.6855895196506551,61.0,214
87127,234,0.7051282051282052,61.0,217
87128,242,0.6363636363636364,61.0,231
87129,256,0.65234375,61.0,244
87130,255,0.6745098039215687,61.0,246
87131,235,0.6170212765957447,61.0,225
87132,274,0.656934306569343,61.0,262
87133,252,0.5793650793650794,61.0,231
87168,211,0.7488151658767772,81.0,207
87246,196,0.8826530612244898,81.0,192
87263,488,0.7315573770491803,79.0,475
87264,275,0.8109090909090909,79.0,271
87295,206,0.7669902912621359,79.0,204
87297,210,0.861904761904762,79.0,200
87422,460,0.6413043478260869,83.0,395
87423,464,0.7931034482758621,83.0,348
87424,235,0.8680851063829788,83.0,223
87425,210,0.7714285714285715,83.0,200
87426,206,0.6747572815533981,83.0,203
87427,225,0.7777777777777778,83.0,212
87428,379,0.49868073878627966,83.0,339
87429,205,0.7463414634146341,83.0,195
87430,251,0.4940239043824701,83.0,238
87431,208,0.40865384615384615,83.0,197
87432,228,0.5394736842105263,83.0,221
87433,210,0.7380952380952381,83.0,202
87434,223,0.7085201793721974,83.0,206
87435,203,0.6896551724137931,83.0,191
87436,246,0.5203252032520326,83.0,237
87437,204,0.8088235294117647,83.0,194
87438,219,0.867579908675799,83.0,211
87439,221,0.7239819004524887,83.0,202
87440,240,0.7333333333333333,83.0,225
87441,240,0.48333333333333334,83.0,230
87443,242,0.45454545454545453,83.0,229
87444,195,0.4461538461538462,83.0,184
87445,218,0.6055045871559633,83.0,207
87446,218,0.5229357798165137,83.0,208
87447,207,0.4927536231884058,83.0,199
87448,224,0.8348214285714286,83.0,213
87449,206,0.4563106796116505,83.0,190
87450,207,0.4782608695652174,83.0,194
87451,193,0.5544041450777202,83.0,180
87452,208,0.5096153846153846,83.0,202
87453,188,0.5053191489361702,83.0,179
87455,281,0.5088967971530249,83.0,263
87456,236,0.809322033898305,83.0,220
87458,205,0.4097560975609756,83.0,196
87460,231,0.5974025974025974,83.0,216
87461,192,0.453125,83.0,186
87462,244,0.7131147540983607,83.0,232
87463,208,0.7403846153846154,83.0,200
87464,187,0.47058823529411764,83.0,182
87465,207,0.47342995169082125,83.0,197
87466,225,0.6177777777777778,83.0,203
87467,210,0.680952380952381,83.0,200
87468,221,0.45248868778280543,83.0,206
87469,190,0.3368421052631579,83.0,185
87470,190,0.5526315789473685,83.0,176
87471,205,0.7121951219512195,83.0,194
87472,444,0.6756756756756757,311.0,346
87473,1093,0.716376944190302,311.0,845
87474,340,0.7647058823529411,311.0,329
87475,296,0.7432432432432432,311.0,283
87476,294,0.7312925170068028,311.0,285
87477,374,0.6871657754010695,311.0,288
87478,295,0.7457627118644068,311.0,285
87479,374,0.7406417112299465,311.0,285
87480,532,0.7274436090225563,311.0,387
87481,460,0.6413043478260869,311.0,359
87482,480,0.7979166666666667,311.0,376
87483,463,0.7365010799136069,311.0,396
87484,429,0.6876456876456877,311.0,361
87485,521,0.7351247600767754,311.0,369
87486,527,0.7666034155597723,311.0,388
87487,432,0.7199074074074074,311.0,372
87488,430,0.7511627906976744,311.0,371
87489,445,0.7707865168539326,311.0,379
87490,461,0.7613882863340564,311.0,391
87491,449,0.7193763919821826,311.0,391
87492,571,0.7408056042031523,311.0,390
87493,517,0.7001934235976789,311.0,415
87494,443,0.7381489841986456,311.0,381
87495,605,0.7305785123966942,311.0,391
87496,432,0.7662037037037037,311.0,362
87497,318,0.7295597484276729,311.0,295
87498,299,0.725752508361204,311.0,292
87499,315,0.780952380952381,311.0,301
87500,395,0.6784810126582278,311.0,385
87501,294,0.7380952380952381,311.0,283
87502,315,0.6507936507936508,311.0,301
87503,245,0.7346938775510204,311.0,240
87504,251,0.7091633466135459,311.0,241
87505,262,0.6984732824427481,311.0,254
87506,322,0.6459627329192547,311.0,273
87507,227,0.7136563876651982,311.0,221
87508,242,0.7148760330578512,311.0,231
87509,271,0.7490774907749077,311.0,262
87510,262,0.7900763358778626,311.0,251
87511,251,0.7211155378486056,311.0,240
87512,215,0.5069767441860465,83.0,209
87513,236,0.576271186440678,83.0,227
87514,198,0.47474747474747475,83.0,190
87515,225,0.8755555555555555,83.0,213
87516,217,0.5023041474654378,83.0,208
87517,206,0.4029126213592233,83.0,195
87518,217,0.5069124423963134,83.0,206
87519,227,0.42290748898678415,83.0,207
87520,245,0.5142857142857142,83.0,237
87521,211,0.7251184834123223,83.0,202
87522,291,0.7422680412371134,311.0,280
87523,276,0.6630434782608695,311.0,265
87524,291,0.6872852233676976,311.0,277
87525,478,0.7364016736401674,311.0,379
87526,236,0.711864406779661,311.0,223
87527,224,0.6919642857142857,311.0,215
87528,240,0.8,311.0,230
87529,264,0.625,311.0,257
87530,260,0.6961538461538461,311.0,250
87531,265,0.6641509433962264,311.0,257
87532,218,0.7614678899082569,83.0,205
87533,216,0.47685185185185186,83.0,207
87534,201,0.527363184079602,83.0,197
87535,220,0.509090909090909,83.0,207
87536,196,0.6887755102040817,83.0,188
87537,193,0.33678756476683935,83.0,183
87538,230,0.8434782608695652,83.0,214
87539,214,0.5467289719626168,83.0,202
87540,217,0.5299539170506913,83.0,201
87541,199,0.5125628140703518,83.0,189
87542,241,0.8049792531120332,311.0,236
87543,246,0.6544715447154471,311.0,238
87544,198,0.48484848484848486,83.0,189
87545,355,0.8366197183098592,311.0,338
87547,271,0.7749077490774908,311.0,261
87548,209,0.5167464114832536,83.0,197
87549,355,0.6985915492957746,311.0,350
87550,206,0.42718446601941745,83.0,198
87551,256,0.7421875,311.0,247
87552,209,0.6507177033492823,83.0,197
87553,250,0.764,311.0,242
87554,199,0.4120603015075377,83.0,186
87555,250,0.684,311.0,239
87556,285,0.7017543859649122,311.0,273
87557,222,0.4009009009009009,83.0,216
87558,260,0.823076923076923,311.0,251
87560,199,0.7286432160804021,83.0,191
87561,231,0.7012987012987013,83.0,220
87562,209,0.569377990430622,83.0,195
87563,219,0.8493150684931506,83.0,204
87564,207,0.46859903381642515,83.0,198
87565,205,0.6829268292682927,83.0,189
87566,228,0.8026315789473685,83.0,211
87567,236,0.6864406779661016,83.0,225
87568,195,0.48717948717948717,83.0,185
87569,209,0.4688995215311005,83.0,193
87570,221,0.746606334841629,83.0,208
87571,223,0.7443946188340808,83.0,213
87572,236,0.788135593220339,311.0,229
87573,364,0.7087912087912088,311.0,351
87574,269,0.828996282527881,311.0,260
87575,270,0.8,311.0,263
87576,228,0.7192982456140351,311.0,221
87577,248,0.717741935483871,311.0,241
87578,249,0.7469879518072289,311.0,242
87579,249,0.7429718875502008,311.0,236
87580,253,0.7193675889328063,311.0,247
87581,252,0.7142857142857143,311.0,244
87582,202,0.4306930693069307,83.0,192
87583,226,0.4690265486725664,83.0,216
87584,223,0.6771300448430493,83.0,216
87585,204,0.4852941176470588,83.0,194
87586,208,0.42788461538461536,83.0,196
87587,226,0.6061946902654868,83.0,216
87588,234,0.688034188034188,83.0,220
87589,217,0.5207373271889401,83.0,202
87590,204,0.5147058823529411,83.0,193
87591,210,0.5428571428571428,83.0,208
87592,210,0.7238095238095238,83.0,201
87593,218,0.7660550458715596,83.0,209
87594,235,0.7148936170212766,83.0,219
87595,226,0.5,83.0,215
87596,206,0.49514563106796117,83.0,193
87597,204,0.45588235294117646,83.0,194
87598,203,0.5123152709359606,83.0,195
87599,223,0.47533632286995514,83.0,211
87600,221,0.7420814479638009,83.0,203
87601,209,0.5885167464114832,83.0,201
87602,244,0.7131147540983607,311.0,233
87603,249,0.7228915662650602,311.0,239
87604,222,0.7297297297297297,311.0,219
87605,219,0.7488584474885844,311.0,215
87606,257,0.8015564202334631,311.0,252
87607,264,0.75,311.0,255
87608,258,0.7441860465116279,311.0,250
87609,270,0.7185185185185186,311.0,260
87610,260,0.7230769230769231,311.0,254
87611,247,0.8582995951417004,311.0,239
87612,276,0.7608695652173914,311.0,267
87613,230,0.7260869565217392,311.0,220
87614,277,0.7184115523465704,311.0,262
87615,280,0.7678571428571429,311.0,266
87616,272,0.7058823529411765,311.0,260
87617,269,0.7546468401486989,311.0,258
87618,238,0.7605042016806722,311.0,229
87619,264,0.7234848484848485,311.0,250
87620,252,0.6825396825396826,311.0,237
87621,255,0.8196078431372549,311.0,243
87622,252,0.7063492063492064,311.0,241
87623,251,0.8605577689243028,311.0,240
87624,248,0.7701612903225806,311.0,237
87625,256,0.73828125,311.0,249
87626,264,0.7462121212121212,311.0,255
87627,282,0.6773049645390071,311.0,268
87628,290,0.6793103448275862,311.0,273
87629,261,0.8544061302681992,311.0,252
87630,263,0.7680608365019012,311.0,252
87631,246,0.7845528455284553,311.0,237
87693,567,0.673721340388007,311.0,491
87694,570,0.7684210526315789,311.0,496
87695,387,0.7700258397932817,311.0,335
87696,378,0.6798941798941799,311.0,362
87697,299,0.7357859531772575,311.0,285
87698,429,0.6736596736596736,311.0,367
87699,291,0.6632302405498282,311.0,272
87700,528,0.7102272727272727,311.0,460
87701,295,0.6983050847457627,311.0,284
87702,285,0.6912280701754386,311.0,271
87711,301,0.8039867109634552,311.0,284
87713,442,0.6855203619909502,311.0,380
87715,433,0.7159353348729792,311.0,372
87716,435,0.632183908045977,311.0,367
87717,292,0.6746575342465754,311.0,282
87718,244,0.639344262295082,311.0,234
87719,331,0.7220543806646526,311.0,313
87720,276,0.6811594202898551,311.0,271
87721,441,0.5850340136054422,311.0,381
87722,456,0.6842105263157895,311.0,399
87733,446,0.6210762331838565,311.0,374
87734,280,0.7071428571428572,311.0,271
87735,283,0.6643109540636042,311.0,272
87736,299,0.6688963210702341,311.0,288
87737,277,0.6967509025270758,311.0,264
87738,271,0.6937269372693727,311.0,260
87739,261,0.6781609195402298,311.0,247
87740,274,0.6715328467153284,311.0,259
87741,267,0.6441947565543071,311.0,256
87742,273,0.7362637362637363,311.0,262
87763,256,0.70703125,311.0,245
87764,274,0.7664233576642335,311.0,260
87765,278,0.6834532374100719,311.0,268
87766,283,0.6643109540636042,311.0,273
87767,268,0.6604477611940298,311.0,260
87768,265,0.690566037735849,311.0,259
87769,276,0.6702898550724637,311.0,270
87770,362,0.6574585635359116,311.0,350
87771,299,0.6655518394648829,311.0,290
87772,306,0.6699346405228758,311.0,294
87780,315,0.6253968253968254,311.0,295
87791,273,0.684981684981685,311.0,254
87792,287,0.6759581881533101,311.0,277
87803,257,0.6614785992217899,311.0,248
87804,269,0.620817843866171,311.0,258
87805,281,0.6192170818505338,311.0,266
87806,284,0.5246478873239436,311.0,268
87807,282,0.6347517730496454,311.0,270
87808,277,0.6534296028880866,311.0,266
87809,308,0.5714285714285714,311.0,285
87810,302,0.6423841059602649,311.0,292
87811,325,0.5784615384615385,311.0,312
87812,263,0.6577946768060836,311.0,249
87813,283,0.6113074204946997,311.0,268
87814,367,0.5885558583106267,311.0,347
87815,281,0.5836298932384342,311.0,267
87816,288,0.6388888888888888,311.0,272
87817,293,0.5392491467576792,311.0,276
87818,280,0.6357142857142857,311.0,272
87819,270,0.6555555555555556,311.0,263
87820,309,0.5792880258899676,311.0,295
87821,297,0.622895622895623,311.0,283
87822,259,0.667953667953668,311.0,247
87833,295,0.6406779661016949,311.0,278
87834,275,0.6436363636363637,311.0,265
87835,304,0.6282894736842105,311.0,293
87836,279,0.6200716845878136,311.0,271
87837,301,0.6511627906976745,311.0,286
87838,266,0.6466165413533834,311.0,253
87839,278,0.6726618705035972,311.0,263
87840,258,0.627906976744186,311.0,247
87841,286,0.6188811188811189,311.0,276
87842,297,0.7205387205387206,311.0,279
87863,284,0.5880281690140845,311.0,272
87864,263,0.6653992395437263,311.0,256
87865,290,0.6275862068965518,311.0,274
87866,273,0.6593406593406593,311.0,264
87867,266,0.556390977443609,311.0,253
87868,249,0.6184738955823293,311.0,234
87869,274,0.6751824817518248,311.0,259
87870,283,0.607773851590106,311.0,271
87871,275,0.6145454545454545,311.0,266
87872,259,0.640926640926641,311.0,250
87883,268,0.6567164179104478,311.0,260
87884,359,0.4958217270194986,311.0,343
87885,303,0.6237623762376238,311.0,286
87886,283,0.6819787985865724,311.0,266
87887,274,0.6715328467153284,311.0,268
87888,287,0.6062717770034843,311.0,272
87889,285,0.6175438596491228,311.0,274
87890,302,0.7152317880794702,311.0,297
87891,292,0.5787671232876712,311.0,285
87892,266,0.6541353383458647,311.0,256
87900,322,0.8105590062111802,311.0,268
87903,313,0.8562300319488818,311.0,259
87904,396,0.9318181818181818,311.0,299
87905,293,0.7918088737201365,311.0,269
87906,341,0.9266862170087976,311.0,279
87907,429,0.8111888111888111,311.0,289
87908,286,0.8636363636363636,311.0,270
87909,322,0.7111801242236024,311.0,268
87910,304,0.9210526315789473,311.0,289
87911,351,0.6438746438746439,311.0,264
87912,285,0.7298245614035088,311.0,270
87913,273,0.8791208791208791,311.0,259
87914,298,0.87248322147651,311.0,285
87915,216,0.8240740740740741,311.0,170
87916,226,0.6902654867256637,311.0,182
87919,254,0.8110236220472441,311.0,213
87920,230,0.8565217391304348,311.0,228
87923,241,0.7717842323651453,311.0,197
87925,204,0.9166666666666666,311.0,162
87927,223,0.8923766816143498,311.0,219
87928,270,0.8037037037037037,311.0,227
87929,290,0.7310344827586207,311.0,245
87936,234,0.7991452991452992,311.0,188
87960,218,0.7018348623853211,311.0,172
87986,203,0.7241379310344828,84.0,198
88017,221,0.8190045248868778,311.0,177
88031,242,0.7396694214876033,311.0,240
88041,224,0.8571428571428571,311.0,178
88089,302,0.8245033112582781,311.0,256
88091,224,0.7946428571428571,311.0,215
88092,226,0.7787610619469026,311.0,184
88093,214,0.7616822429906542,311.0,171
88094,204,0.7549019607843137,311.0,161
88096,254,0.7952755905511811,311.0,206
88097,222,0.5990990990990991,311.0,220
88100,280,0.7464285714285714,311.0,277
88102,197,0.8121827411167513,311.0,154
88106,209,0.9138755980861244,311.0,206
88114,221,0.7737556561085973,311.0,175
88115,206,0.8058252427184466,311.0,162
88116,208,0.8221153846153846,311.0,165
88118,201,0.845771144278607,311.0,160
88122,209,0.7272727272727273,311.0,164
88126,216,0.8333333333333334,311.0,171
88135,275,0.8727272727272727,311.0,260
88179,322,0.8540372670807453,311.0,263
88180,280,0.8214285714285714,311.0,263
88181,278,0.8057553956834532,311.0,261
88182,268,0.8768656716417911,311.0,249
88183,277,0.8664259927797834,311.0,260
88184,269,0.8550185873605948,311.0,258
88185,291,0.8281786941580757,311.0,269
88186,287,0.8327526132404182,311.0,278
88187,285,0.8070175438596491,311.0,275
88188,222,0.8288288288288288,311.0,177
88192,499,0.6893787575150301,311.0,439
88198,542,0.8837638376383764,86.0,507
88199,427,0.7213114754098361,86.0,397
88200,391,0.7212276214833759,86.0,362
88201,583,0.8044596912521441,86.0,555
88202,434,0.8064516129032258,86.0,412
88204,480,0.8125,86.0,446
88205,448,0.78125,86.0,423
88207,398,0.7487437185929648,86.0,354
88208,426,0.7605633802816901,86.0,398
88210,437,0.8627002288329519,86.0,407
88211,448,0.7924107142857143,86.0,412
88213,441,0.9002267573696145,86.0,407
88214,419,0.8735083532219571,86.0,387
88215,417,0.7601918465227818,86.0,381
88216,444,0.8851351351351351,86.0,409
88218,453,0.8388520971302428,86.0,411
88219,421,0.7434679334916865,86.0,396
88221,445,0.8449438202247191,86.0,410
88222,432,0.9259259259259259,86.0,404
88223,599,0.8697829716193656,86.0,571
88232,433,0.8221709006928406,86.0,397
88239,404,0.7772277227722773,86.0,374
88241,433,0.74364896073903,86.0,400
88248,381,0.7086614173228346,86.0,350
88274,412,0.7378640776699029,86.0,379
88288,597,0.8693467336683417,311.0,531
88289,421,0.7814726840855107,311.0,382
88290,551,0.8638838475499092,311.0,500
88291,328,0.6432926829268293,311.0,312
88292,673,0.9153046062407132,311.0,621
88293,432,0.6967592592592593,311.0,408
88294,429,0.8648018648018648,311.0,389
88295,383,0.741514360313316,311.0,348
88296,308,0.8701298701298701,311.0,292
88297,299,0.8561872909698997,311.0,292
88298,311,0.8938906752411575,311.0,290
88299,472,0.7478813559322034,311.0,425
88300,376,0.8776595744680851,311.0,362
88301,322,0.8478260869565217,311.0,306
88302,303,0.8910891089108911,311.0,292
88303,307,0.6286644951140065,311.0,289
88304,312,0.8589743589743589,311.0,292
88305,336,0.6517857142857143,311.0,320
88306,290,0.8586206896551725,311.0,278
88307,313,0.8594249201277955,311.0,296
88308,305,0.839344262295082,311.0,289
88309,295,0.8067796610169492,311.0,279
88310,315,0.8666666666666667,311.0,301
88311,289,0.8685121107266436,311.0,281
88312,332,0.9006024096385542,311.0,308
88313,331,0.8851963746223565,311.0,309
88314,299,0.862876254180602,311.0,281
88315,337,0.7744807121661721,311.0,316
88316,314,0.9012738853503185,311.0,298
88317,325,0.8184615384615385,311.0,305
88318,304,0.8519736842105263,311.0,287
88319,341,0.7096774193548387,311.0,323
88320,324,0.845679012345679,311.0,305
88321,345,0.8376811594202899,311.0,332
88322,304,0.9144736842105263,311.0,289
88323,298,0.802013422818792,311.0,278
88324,310,0.8774193548387097,311.0,290
88325,283,0.6713780918727915,311.0,273
88326,299,0.8929765886287625,311.0,283
88327,315,0.6095238095238096,311.0,294
88328,295,0.9016949152542373,311.0,270
88329,334,0.6526946107784432,311.0,314
88330,273,0.8827838827838828,311.0,260
88331,315,0.6825396825396826,311.0,303
88332,302,0.8741721854304636,311.0,292
88333,330,0.8393939393939394,311.0,310
88334,300,0.8433333333333334,311.0,288
88335,290,0.6344827586206897,311.0,276
88336,296,0.847972972972973,311.0,280
88337,364,0.6428571428571429,311.0,343
88338,333,0.6996996996996997,311.0,317
88339,335,0.7432835820895523,311.0,326
88340,305,0.5704918032786885,311.0,292
88341,308,0.5097402597402597,311.0,293
88342,315,0.7238095238095238,311.0,304
88344,318,0.7075471698113207,311.0,302
88345,274,0.6094890510948905,311.0,258
88346,296,0.6824324324324325,311.0,283
88347,295,0.6406779661016949,311.0,272
88348,299,0.5719063545150501,311.0,280
88349,304,0.6414473684210527,311.0,287
88350,292,0.6095890410958904,311.0,278
88351,309,0.6666666666666666,311.0,293
88352,315,0.7301587301587301,311.0,298
88353,297,0.5858585858585859,311.0,273
88354,312,0.6121794871794872,311.0,293
88355,296,0.5844594594594594,311.0,277
88357,327,0.7247706422018348,311.0,306
88359,293,0.7303754266211604,311.0,276
88360,308,0.7207792207792207,311.0,294
88361,302,0.5298013245033113,311.0,283
88362,289,0.6366782006920415,311.0,273
88363,305,0.5573770491803278,311.0,288
88364,318,0.6572327044025157,311.0,295
88365,297,0.7542087542087542,311.0,281
88366,284,0.5669014084507042,311.0,272
88367,282,0.599290780141844,311.0,269
88368,310,0.6516129032258065,311.0,298
88369,286,0.5629370629370629,311.0,272
88370,266,0.556390977443609,311.0,258
88371,264,0.6704545454545454,311.0,252
88375,323,0.5944272445820433,311.0,303
88380,278,0.5899280575539568,311.0,270
88382,334,0.7335329341317365,311.0,318
88383,297,0.5252525252525253,311.0,281
88384,321,0.7538940809968847,311.0,295
88385,314,0.7229299363057324,311.0,298
88386,284,0.5246478873239436,311.0,275
88388,286,0.7412587412587412,311.0,269
88389,328,0.625,311.0,318
88390,326,0.6779141104294478,311.0,307
88391,305,0.6524590163934426,311.0,285
88392,283,0.7102473498233216,311.0,271
88394,333,0.6906906906906907,311.0,313
88395,318,0.7452830188679245,311.0,307
88399,441,0.8072562358276644,86.0,407
88406,439,0.7972665148063781,54.0,417
88407,359,0.8217270194986073,54.0,343
88408,343,0.8862973760932945,54.0,323
88409,289,0.8373702422145328,54.0,279
88410,356,0.7668539325842697,54.0,339
88411,315,0.8444444444444444,54.0,299
88412,338,0.7544378698224852,54.0,321
88414,319,0.8244514106583072,54.0,298
88415,317,0.8201892744479495,54.0,302
88416,368,0.8070652173913043,54.0,348
88417,296,0.8175675675675675,54.0,281
88418,306,0.8300653594771242,54.0,294
88419,309,0.7184466019417476,54.0,298
88420,315,0.8476190476190476,54.0,293
88421,317,0.8422712933753943,54.0,294
88422,332,0.8102409638554217,54.0,309
88423,301,0.8504983388704319,54.0,290
88424,308,0.814935064935065,54.0,291
88425,293,0.7679180887372014,54.0,282
88426,330,0.8151515151515152,54.0,307
88427,347,0.8357348703170029,54.0,330
88428,320,0.840625,54.0,298
88429,304,0.8388157894736842,54.0,287
88430,307,0.8403908794788274,54.0,290
88431,313,0.8849840255591054,54.0,295
88432,264,0.7954545454545454,54.0,255
88433,318,0.8207547169811321,54.0,297
88434,331,0.8368580060422961,54.0,317
88435,494,0.7732793522267206,54.0,476
88466,325,0.72,54.0,306
88467,320,0.734375,54.0,302
88468,310,0.6806451612903226,54.0,292
88469,315,0.7047619047619048,54.0,303
88470,359,0.7409470752089137,54.0,342
88471,341,0.7214076246334311,54.0,327
88472,314,0.7165605095541401,54.0,299
88473,373,0.7372654155495979,54.0,358
88474,269,0.6840148698884758,54.0,257
88475,308,0.6948051948051948,54.0,293
88476,283,0.7137809187279152,54.0,267
88477,290,0.6793103448275862,54.0,279
88478,321,0.67601246105919,54.0,299
88479,321,0.6947040498442367,54.0,301
88480,304,0.6414473684210527,54.0,284
88481,299,0.7759197324414716,54.0,280
88482,295,0.6610169491525424,54.0,279
88483,300,0.7233333333333334,54.0,286
88484,443,0.7246049661399548,54.0,404
88485,307,0.7328990228013029,54.0,288
88486,280,0.7071428571428572,54.0,266
88487,333,0.6756756756756757,54.0,316
88488,307,0.7263843648208469,54.0,295
88489,305,0.7114754098360656,54.0,285
88490,319,0.670846394984326,54.0,304
88491,348,0.7701149425287356,54.0,336
88492,302,0.7052980132450332,54.0,287
88493,286,0.7412587412587412,54.0,272
88494,476,0.7521008403361344,54.0,453
88495,312,0.6025641025641025,54.0,293
88497,221,0.7239819004524887,276.0,214
88498,344,0.8895348837209303,276.0,330
88499,189,0.8677248677248677,276.0,181
88544,188,0.6595744680851063,276.0,176
8857,222,0.7387387387387387,85.0,222
894,379,0.9050131926121372,75.0,378
89619,277,0.9386281588447654,75.0,273
89632,267,0.9176029962546817,75.0,264
89641,367,0.6512261580381471,75.0,339
89646,263,0.7338403041825095,75.0,260
89661,450,0.8288888888888889,277.0,425
89662,428,0.7710280373831776,277.0,414
89663,475,0.7894736842105263,277.0,451
89664,453,0.7350993377483444,277.0,436
89665,453,0.7880794701986755,277.0,439
89666,469,0.8081023454157783,277.0,454
89667,495,0.7414141414141414,277.0,466
89668,460,0.75,277.0,444
89669,451,0.7871396895787139,277.0,436
89670,460,0.7956521739130434,277.0,442
89701,481,0.8004158004158004,277.0,465
89702,510,0.7705882352941177,277.0,479
89703,434,0.7857142857142857,277.0,418
89704,649,0.7750385208012327,277.0,520
89705,842,0.7874109263657957,277.0,598
89706,448,0.7946428571428571,277.0,429
89707,488,0.8319672131147541,277.0,466
89708,471,0.8067940552016986,277.0,451
89709,444,0.7927927927927928,277.0,432
89710,453,0.7947019867549668,277.0,439
89711,480,0.8291666666666667,277.0,461
89712,666,0.7537537537537538,277.0,532
89713,434,0.7511520737327189,277.0,419
89714,469,0.837953091684435,277.0,442
89715,437,0.7986270022883295,277.0,414
89716,455,0.8461538461538461,277.0,426
89717,459,0.8932461873638344,277.0,437
89718,433,0.7575057736720554,277.0,423
89719,492,0.823170731707317,277.0,478
89720,686,0.8338192419825073,277.0,551
89721,393,0.8269720101781171,277.0,385
89722,497,0.8048289738430584,277.0,486
89723,445,0.7955056179775281,277.0,425
89724,420,0.819047619047619,277.0,406
89725,439,0.8086560364464692,277.0,420
89726,450,0.8377777777777777,277.0,439
89727,643,0.864696734059098,277.0,512
89728,677,0.8316100443131462,277.0,529
89729,451,0.7849223946784922,277.0,442
89730,428,0.7850467289719626,277.0,414
89731,964,0.6690871369294605,277.0,640
89732,734,0.7806539509536785,277.0,596
89733,530,0.720754716981132,277.0,503
89734,996,0.7811244979919679,277.0,748
89735,482,0.7842323651452282,277.0,468
89736,510,0.792156862745098,277.0,491
89737,480,0.7958333333333333,277.0,469
89738,851,0.7038777908343126,277.0,604
89739,459,0.6928104575163399,277.0,449
89740,458,0.8013100436681223,277.0,442
89741,548,0.7281021897810219,277.0,532
89742,660,0.7878787878787878,277.0,522
89743,471,0.7961783439490446,277.0,451
89744,430,0.7767441860465116,277.0,417
89745,460,0.7804347826086957,277.0,446
89746,826,0.7760290556900726,277.0,576
89747,652,0.7975460122699386,277.0,524
89748,414,0.7657004830917874,277.0,395
89749,459,0.616557734204793,277.0,437
89750,456,0.7478070175438597,277.0,434
89752,452,0.7079646017699115,277.0,436
89753,415,0.8168674698795181,277.0,396
89754,430,0.6930232558139535,277.0,419
89755,440,0.7840909090909091,277.0,422
89756,657,0.8340943683409436,277.0,524
89757,530,0.7773584905660378,277.0,504
89758,745,0.6348993288590604,277.0,626
89759,567,0.7566137566137566,277.0,551
89760,485,0.7422680412371134,277.0,458
89821,280,0.6071428571428571,277.0,261
89822,254,0.594488188976378,277.0,243
89823,240,0.5916666666666667,277.0,224
89824,287,0.5958188153310104,277.0,260
89825,240,0.6375,277.0,222
89826,271,0.7416974169741697,277.0,256
89827,260,0.6692307692307692,277.0,253
89828,239,0.6694560669456067,277.0,227
89829,260,0.6730769230769231,277.0,246
89830,281,0.608540925266904,277.0,269
89851,270,0.6407407407407407,277.0,255
89852,245,0.6653061224489796,277.0,234
89853,266,0.6954887218045113,277.0,250
89854,256,0.609375,277.0,246
89855,245,0.6530612244897959,277.0,230
89856,233,0.592274678111588,277.0,223
89857,244,0.6598360655737705,277.0,230
89858,281,0.5800711743772242,277.0,269
89859,281,0.6619217081850534,277.0,265
89860,266,0.650375939849624,277.0,246
89861,264,0.6628787878787878,277.0,252
89862,246,0.5691056910569106,277.0,237
89863,264,0.6477272727272727,277.0,251
89864,255,0.6313725490196078,277.0,246
89865,257,0.5719844357976653,277.0,246
89866,273,0.6263736263736264,277.0,257
89867,266,0.6578947368421053,277.0,256
89868,258,0.627906976744186,277.0,248
89869,265,0.5886792452830188,277.0,256
89870,261,0.6283524904214559,277.0,245
89881,235,0.6382978723404256,277.0,226
89882,269,0.5762081784386617,277.0,255
89883,259,0.6216216216216216,277.0,233
89884,306,0.6143790849673203,277.0,284
89885,255,0.6392156862745098,277.0,240
89886,285,0.6526315789473685,277.0,274
89887,255,0.6078431372549019,277.0,241
89888,297,0.6127946127946128,277.0,270
89889,270,0.6407407407407407,277.0,252
89890,250,0.636,277.0,242
89891,273,0.5970695970695971,277.0,263
89892,250,0.576,277.0,235
89893,260,0.5807692307692308,277.0,242
89894,256,0.6640625,277.0,237
89895,254,0.610236220472441,277.0,239
89896,246,0.6341463414634146,277.0,236
89897,229,0.611353711790393,277.0,221
89898,237,0.5780590717299579,277.0,215
89899,229,0.5851528384279476,277.0,223
89900,260,0.5538461538461539,277.0,245
89901,251,0.5856573705179283,277.0,241
89902,263,0.5665399239543726,277.0,247
89903,266,0.6842105263157895,277.0,255
89904,242,0.5289256198347108,277.0,236
89905,266,0.6165413533834586,277.0,251
89906,269,0.6394052044609665,277.0,254
89907,256,0.5625,277.0,240
89908,249,0.5381526104417671,277.0,239
89909,257,0.5875486381322957,277.0,239
89910,253,0.6324110671936759,277.0,244
89911,262,0.5458015267175572,277.0,249
89912,274,0.5693430656934306,277.0,244
89913,266,0.6240601503759399,277.0,255
89914,253,0.6126482213438735,277.0,240
89915,275,0.5890909090909091,277.0,251
89916,245,0.636734693877551,277.0,234
89917,215,0.6,277.0,208
89918,255,0.6039215686274509,277.0,234
89919,254,0.5669291338582677,277.0,239
89920,250,0.564,277.0,233
89921,239,0.5857740585774058,277.0,224
89922,275,0.6,277.0,262
89923,236,0.5889830508474576,277.0,226
89924,255,0.6078431372549019,277.0,239
89925,263,0.7338403041825095,277.0,246
89926,240,0.5708333333333333,277.0,224
89927,275,0.64,277.0,263
89928,238,0.5084033613445378,277.0,226
89929,273,0.5714285714285714,277.0,260
89930,256,0.6015625,277.0,239
89931,248,0.6209677419354839,277.0,236
89932,262,0.5916030534351145,277.0,250
89933,240,0.6291666666666667,277.0,225
89934,243,0.6337448559670782,277.0,228
89935,280,0.6464285714285715,277.0,263
89936,246,0.516260162601626,277.0,237
89937,247,0.6356275303643725,277.0,238
89938,289,0.6124567474048442,277.0,278
89939,260,0.5884615384615385,277.0,242
89940,270,0.5962962962962963,277.0,256
89941,268,0.7388059701492538,277.0,261
89942,266,0.8045112781954887,277.0,255
89943,251,0.7729083665338645,277.0,237
89944,271,0.7158671586715867,277.0,260
89945,286,0.7482517482517482,277.0,272
89946,276,0.7971014492753623,277.0,257
89947,272,0.7573529411764706,277.0,255
89948,289,0.8166089965397924,277.0,269
89949,252,0.753968253968254,277.0,231
89950,267,0.7677902621722846,277.0,253
89951,280,0.7964285714285714,277.0,262
89952,284,0.7570422535211268,277.0,265
89953,276,0.7862318840579711,277.0,256
89954,256,0.828125,277.0,246
89955,266,0.7781954887218046,277.0,254
89956,257,0.7431906614785992,277.0,239
89957,261,0.8237547892720306,277.0,248
89958,267,0.850187265917603,277.0,253
89959,263,0.7870722433460076,277.0,253
89960,260,0.8076923076923077,277.0,238
89961,250,0.764,277.0,235
89962,234,0.7735042735042735,277.0,228
89963,256,0.8046875,277.0,242
89964,281,0.7046263345195729,277.0,262
89965,283,0.8268551236749117,277.0,264
89966,289,0.7854671280276817,277.0,272
89967,258,0.7635658914728682,277.0,244
89968,232,0.8448275862068966,277.0,215
89969,236,0.7669491525423728,277.0,221
89970,265,0.7584905660377359,277.0,251
89995,188,0.7925531914893617,279.0,184
89998,186,0.7956989247311828,279.0,182
90064,189,0.9312169312169312,279.0,186
90085,185,0.8432432432432433,279.0,161
90106,185,0.8756756756756757,279.0,177
90139,197,0.868020304568528,279.0,175
90152,196,0.8418367346938775,279.0,169
90162,203,0.6847290640394089,301.0,200
90562,342,0.5350877192982456,92.0,337
90966,659,0.8391502276176024,94.0,631
90967,358,0.8715083798882681,94.0,337
90968,303,0.768976897689769,94.0,291
90969,235,0.8680851063829788,94.0,224
90970,243,0.8724279835390947,94.0,235
90971,261,0.8275862068965517,94.0,243
90972,261,0.7318007662835249,94.0,247
90973,247,0.9109311740890689,94.0,234
90974,237,0.8523206751054853,94.0,230
90975,331,0.8066465256797583,94.0,326
90976,235,0.8127659574468085,94.0,215
90977,238,0.7983193277310925,94.0,226
90978,270,0.8740740740740741,94.0,259
90979,231,0.8354978354978355,94.0,220
90980,235,0.8170212765957446,94.0,228
90981,270,0.7666666666666667,94.0,252
90982,247,0.8299595141700404,94.0,233
90983,254,0.7598425196850394,94.0,244
90984,227,0.8237885462555066,94.0,221
90985,247,0.8785425101214575,94.0,234
90986,253,0.782608695652174,94.0,241
90987,259,0.861003861003861,94.0,242
90988,256,0.78515625,94.0,246
90989,238,0.819327731092437,94.0,231
90990,238,0.8403361344537815,94.0,227
90991,257,0.8132295719844358,94.0,250
90992,274,0.8321167883211679,94.0,271
90993,270,0.837037037037037,94.0,259
90994,259,0.8223938223938224,94.0,251
90995,242,0.8553719008264463,94.0,233
90996,242,0.3925619834710744,94.0,235
90997,216,0.5,94.0,206
90998,327,0.41896024464831805,94.0,313
90999,238,0.5126050420168067,94.0,229
91000,240,0.5041666666666667,94.0,230
91001,208,0.38461538461538464,94.0,203
91002,225,0.3288888888888889,94.0,218
91003,222,0.536036036036036,94.0,216
91004,231,0.48917748917748916,94.0,224
91005,243,0.5102880658436214,94.0,231
91006,235,0.5106382978723404,94.0,228
91007,246,0.42276422764227645,94.0,230
91008,239,0.4309623430962343,94.0,232
91009,221,0.4479638009049774,94.0,215
91010,252,0.5198412698412699,94.0,237
91011,225,0.4488888888888889,94.0,214
91012,231,0.48917748917748916,94.0,218
91013,231,0.48484848484848486,94.0,212
91014,227,0.4581497797356828,94.0,221
91015,247,0.4574898785425101,94.0,235
91016,225,0.43555555555555553,94.0,216
91017,224,0.4107142857142857,94.0,217
91018,233,0.351931330472103,94.0,224
91019,260,0.3576923076923077,94.0,252
91020,230,0.3652173913043478,94.0,219
91021,222,0.31981981981981983,94.0,216
91022,255,0.4235294117647059,94.0,242
91023,217,0.3824884792626728,94.0,211
91024,277,0.4223826714801444,94.0,267
91025,236,0.3813559322033898,94.0,223
91026,261,0.6053639846743295,94.0,253
91027,275,0.5890909090909091,94.0,254
91028,247,0.5708502024291497,94.0,237
91029,270,0.5555555555555556,94.0,251
91030,260,0.5192307692307693,94.0,250
91031,286,0.6048951048951049,94.0,276
91032,235,0.6170212765957447,94.0,229
91033,263,0.5779467680608364,94.0,246
91034,215,0.5488372093023256,94.0,205
91035,248,0.5766129032258065,94.0,235
91036,273,0.575091575091575,94.0,262
91037,260,0.6038461538461538,94.0,250
91038,246,0.6300813008130082,94.0,237
91039,271,0.5830258302583026,94.0,257
91040,221,0.579185520361991,94.0,209
91041,227,0.5682819383259912,94.0,218
91042,275,0.5854545454545454,94.0,260
91043,234,0.5726495726495726,94.0,220
91044,237,0.510548523206751,94.0,229
91045,267,0.5393258426966292,94.0,259
91572,256,0.8203125,94.0,247
91573,254,0.8031496062992126,94.0,242
91574,237,0.8059071729957806,94.0,227
91575,233,0.7896995708154506,94.0,220
91576,239,0.7907949790794979,94.0,230
91577,216,0.8703703703703703,94.0,209
91578,244,0.889344262295082,94.0,235
91579,317,0.8107255520504731,94.0,307
91580,236,0.8347457627118644,94.0,223
91581,281,0.8185053380782918,94.0,263
91593,247,0.5587044534412956,94.0,236
91594,260,0.5576923076923077,94.0,253
91595,256,0.58203125,94.0,241
91596,253,0.5691699604743083,94.0,236
91597,261,0.6206896551724138,94.0,247
91598,247,0.5789473684210527,94.0,241
91599,221,0.5972850678733032,94.0,216
91600,242,0.5330578512396694,94.0,232
91601,283,0.5512367491166078,94.0,264
93046,288,0.6145833333333334,4.0,204
93821,238,0.7058823529411765,91.0,229
93822,189,0.7354497354497355,91.0,177
93824,210,0.7285714285714285,91.0,197
93825,237,0.8143459915611815,91.0,232
93826,185,0.8378378378378378,91.0,176
93827,201,0.7611940298507462,91.0,193
93828,196,0.7908163265306123,91.0,185
93830,219,0.7488584474885844,91.0,209
93832,193,0.8186528497409327,91.0,179
93835,204,0.7941176470588235,91.0,188
93836,191,0.7905759162303665,91.0,176
93837,191,0.8272251308900523,91.0,177
93838,186,0.8010752688172043,91.0,180
93839,190,0.7736842105263158,91.0,176
93840,194,0.7783505154639175,91.0,186
93841,203,0.7783251231527094,91.0,188
93842,194,0.7835051546391752,91.0,183
93845,217,0.7419354838709677,91.0,200
93846,190,0.8526315789473684,91.0,177
93847,188,0.8191489361702128,91.0,178
93848,195,0.8051282051282052,91.0,187
93849,200,0.815,91.0,192
93850,188,0.8085106382978723,91.0,177
93851,188,0.7872340425531915,91.0,174
93852,202,0.8762376237623762,91.0,188
93853,187,0.9037433155080213,91.0,175
93855,199,0.8391959798994975,91.0,190
93857,190,0.7894736842105263,91.0,180
93858,190,0.8105263157894737,91.0,182
93859,191,0.8010471204188482,91.0,181
93860,215,0.8418604651162791,91.0,207
93865,193,0.8238341968911918,91.0,181
93866,185,0.8702702702702703,91.0,176
93868,199,0.8090452261306532,91.0,183
93870,194,0.8402061855670103,91.0,188
93871,229,0.8296943231441049,91.0,209
93872,193,0.7875647668393783,91.0,182
93873,189,0.8624338624338624,91.0,178
93875,294,0.8877551020408163,91.0,276
93876,188,0.8191489361702128,91.0,179
93879,204,0.8235294117647058,91.0,192
93880,256,0.828125,91.0,247
93885,186,0.6612903225806451,91.0,178
93889,206,0.7038834951456311,91.0,196
93891,218,0.5091743119266054,91.0,204
93894,201,0.5373134328358209,91.0,189
93897,193,0.538860103626943,91.0,174
93901,207,0.5072463768115942,91.0,191
93905,185,0.6648648648648648,91.0,177
93906,194,0.654639175257732,91.0,181
93907,293,0.6655290102389079,91.0,254
93908,256,0.5625,91.0,246
93909,203,0.6699507389162561,91.0,188
93910,186,0.5,91.0,178
93921,204,0.6127450980392157,91.0,191
93929,307,0.6644951140065146,91.0,264
93937,244,0.6024590163934426,91.0,230
93938,186,0.6075268817204301,91.0,178
93939,188,0.5585106382978723,91.0,171
94584,230,0.6608695652173913,311.0,220
94585,228,0.7543859649122807,311.0,221
94586,192,0.734375,311.0,185
94587,185,0.7297297297297297,311.0,172
94588,186,0.6612903225806451,311.0,176
94589,235,0.7106382978723405,311.0,226
94590,187,0.6844919786096256,311.0,180
94591,214,0.7990654205607477,311.0,202
94596,222,0.6531531531531531,311.0,209
94597,211,0.6635071090047393,311.0,196
94598,195,0.6717948717948717,311.0,185
94600,192,0.5885416666666666,311.0,178
94603,193,0.6373056994818653,311.0,184
94604,189,0.6666666666666666,311.0,174
94819,649,0.8489984591679507,279.0,591
94820,681,0.8575624082232012,279.0,599
94821,693,0.84992784992785,279.0,615
94822,684,0.8289473684210527,279.0,612
94823,712,0.8806179775280899,279.0,646
94824,663,0.8446455505279035,279.0,605
94825,708,0.864406779661017,279.0,626
94826,686,0.8862973760932945,279.0,623
94827,704,0.8494318181818182,279.0,634
94828,671,0.8390461997019374,279.0,607
94832,665,0.8345864661654135,279.0,597
94833,714,0.8991596638655462,279.0,642
94834,689,0.918722786647315,279.0,617
94835,724,0.8604972375690608,279.0,645
94836,667,0.8530734632683659,279.0,605
94837,661,0.859304084720121,279.0,596
94838,701,0.8815977175463623,279.0,649
94839,688,0.9215116279069767,279.0,618
94840,715,0.8503496503496504,279.0,653
94841,695,0.8805755395683453,279.0,632
94842,775,0.8180645161290323,279.0,686
94843,1507,0.8925016589250165,279.0,1132
94844,780,0.8576923076923076,279.0,703
94845,781,0.8770806658130602,279.0,716
94846,795,0.7283018867924528,279.0,723
94847,772,0.8341968911917098,279.0,703
94848,786,0.9033078880407125,279.0,707
94849,830,0.9,279.0,731
94850,806,0.8846153846153846,279.0,707
94851,888,0.8716216216216216,279.0,780
94852,783,0.8888888888888888,279.0,705
94853,797,0.8531994981179423,279.0,707
94854,834,0.8693045563549161,279.0,746
94855,849,0.833922261484099,279.0,742
94856,846,0.8747044917257684,279.0,753
94857,802,0.8865336658354115,279.0,737
94858,760,0.8355263157894737,279.0,697
94859,816,0.8737745098039216,279.0,746
94860,794,0.8702770780856424,279.0,734
94861,790,0.8734177215189873,279.0,720
97547,307,0.46254071661237783,311.0,289
97639,392,0.6658163265306123,311.0,370
97772,288,0.8784722222222222,50.0,268
97776,200,0.83,50.0,182
97824,195,0.7743589743589744,50.0,173
97848,258,0.8217054263565892,50.0,242
97852,186,0.8655913978494624,50.0,173
97856,272,0.8419117647058824,50.0,262
97872,221,0.746606334841629,50.0,214
97876,186,0.7526881720430108,50.0,175
97884,188,0.8404255319148937,50.0,175
97892,231,0.8614718614718615,50.0,210
97928,238,0.819327731092437,50.0,220
98538,280,0.7428571428571429,86.0,226
98543,247,0.6234817813765182,12.0,186
98655,366,0.6120218579234973,22.0,253
988,533,0.7073170731707317,106.0,515
98874,325,0.5723076923076923,83.0,322
991,311,0.7588424437299035,106.0,294
997,371,0.7870619946091644,106.0,355
