user_id,persona,evaluation_split,n_attempts,actual_accuracy,rapid_guess_rate,remediation_rate,avg_response_time,final_dars_rating,final_glicko2_rating,final_glicko2_rd,final_fixed_elo_rating,darsplus_calibrated_brier,darsplus_calibrated_log_loss,darsplus_calibrated_auc,dars_brier,dars_log_loss,dars_auc,glicko_2_brier,glicko_2_log_loss,glicko_2_auc,fixed_elo_k32_brier,fixed_elo_k32_log_loss,fixed_elo_k32_auc,static_start_brier,static_start_log_loss,static_start_auc
stu_fte455_001,steady_improver,test,363,0.6721763085399449,0.0027548209366391185,0.31129476584022037,77.69972451790633,1445.0,1535.9529798848823,46.10987565041292,1520.8902449438956,0.21651114839261018,0.6220044309824263,0.5964147954263672,0.23271207965316582,0.656933470470659,0.6284095605455297,0.21647598186825423,0.6217417071071597,0.61125843780135,0.21713012426791356,0.6243138868865976,0.597844055655049,0.2554737293269278,0.7069517462245918,0.6163038986086238
stu_fte455_002,fast_but_careless,test,307,0.5732899022801303,0.04560260586319218,0.40390879478827363,74.28338762214983,1447.0,1454.6172571656193,30.0,1467.4395338161607,0.2384867560151107,0.6705667433952519,0.5847284871616932,0.24719849460044924,0.6907042608042445,0.5735166551006246,0.24708853496972372,0.6889476521575821,0.5670975017349064,0.25241017449009673,0.6992514880644801,0.5422015961138098,0.248898371730478,0.6963978348833767,0.5801960444136016
stu_fte455_003,slow_analytical,train,306,0.5751633986928104,0.0,0.4019607843137255,106.17320261437908,1373.0,1437.6521038976507,51.24298135769651,1440.248682767952,0.23231931091132396,0.6566103692364303,0.5989291958041958,0.24789974654368926,0.6888030417403422,0.5966346153846154,0.24327454112125838,0.6800882069234678,0.5826048951048951,0.24120813939357313,0.6753847744143179,0.5793706293706293,0.2441332455985789,0.6806127431868765,0.5949519230769231
stu_fte455_004,volatile_practicer,train,322,0.5745341614906833,0.0,0.41304347826086957,93.9192546583851,1444.0,1426.8303979580107,43.065422895712075,1408.8742443678277,0.23998404825859462,0.6732588283354073,0.5875912408759124,0.24539253572788558,0.6852852468447258,0.5649043203787729,0.24535829237903722,0.6849514854517219,0.5661077135529691,0.25140732714073205,0.6985032223907133,0.5506806076149142,0.24466283269142308,0.6833370311821625,0.5706253698954429
stu_fte455_005,remediation_responder,train,218,0.6192660550458715,0.0,0.37155963302752293,92.6697247706422,1458.0,1465.535881470155,30.410627893037727,1429.2964913846524,0.21177883825100205,0.6110545161107092,0.6863900044622936,0.21619950173608724,0.621331718938978,0.6681392235609103,0.21589432084692073,0.6208545206611866,0.6584114234716645,0.2213143734534811,0.6317122758691139,0.6221329763498438,0.21655641568952877,0.6218853131039425,0.6645693886657742
stu_fte455_006,steady_improver,train,203,0.6157635467980296,0.0,0.3448275862068966,88.05418719211822,1344.0,1496.5805225771783,51.860295686370854,1489.6173052738136,0.2308295574118686,0.6535503804309959,0.5702051282051283,0.26822973647893783,0.7322339680583664,0.5502051282051282,0.2504731348143192,0.6974804855776058,0.5423589743589744,0.24762688832761895,0.6902876089918798,0.5077948717948718,0.2705734524263239,0.7371271018759327,0.5652307692307692
stu_fte455_007,fast_but_careless,train,312,0.5576923076923077,0.035256410256410256,0.4230769230769231,70.0448717948718,1344.0,1391.9675438453453,53.096721897534984,1363.3944431115606,0.2351533748655389,0.6634798447478251,0.6191487589538565,0.23595880392999805,0.664674407519724,0.6214809262035649,0.23740596606249184,0.6676350226900862,0.6182533733133433,0.24256527788283813,0.6793870988979225,0.5892053973013494,0.2354750393990774,0.6633629527996453,0.623375812093953
stu_fte455_008,slow_analytical,train,210,0.6,0.0,0.38095238095238093,109.88571428571429,1525.0,1529.0312776845574,51.00775492112791,1515.366296346001,0.2402004942454096,0.673855512827941,0.5415249433106576,0.24520878590386086,0.6853264560247067,0.551067649281935,0.24708595888227797,0.6893224192437379,0.5482804232804233,0.25044960779556896,0.6965815609379051,0.5393990929705216,0.24407533442961002,0.6828574614182138,0.5602324263038548
stu_fte455_009,volatile_practicer,train,309,0.6213592233009708,0.0,0.3592233009708738,96.49190938511327,1689.0,1553.6557025804407,50.8117624220664,1535.249040733796,0.22591406971808742,0.6440461594302358,0.6017850783475783,0.2538954728589716,0.7268040024602965,0.5761885683760684,0.24866463620409993,0.6956076766065308,0.5317396723646723,0.24213536184407897,0.6798383711123017,0.5437143874643875,0.2525825880691366,0.7226377373374717,0.5840010683760684
stu_fte455_010,remediation_responder,train,419,0.6443914081145584,0.0,0.33890214797136037,95.70883054892602,1582.0,1499.9010393923684,45.35239105532805,1482.8009037308352,0.21837608912027517,0.6274971439617181,0.625901068854089,0.2241771450662942,0.6412837411938032,0.6069848371861795,0.22830286478626338,0.6522684968408053,0.6013298533432762,0.22552596538887024,0.6460971954235561,0.609992542878449,0.22318746250455868,0.6380424731361537,0.6196619438230176
stu_fte455_011,steady_improver,train,228,0.6271929824561403,0.0,0.3508771929824561,96.24561403508773,1671.0,1537.7934806143028,63.650528791232325,1495.8437505304064,0.2235990066308779,0.6382096585412173,0.6176059234882765,0.24721758086914772,0.7008569582642242,0.5783628136569313,0.2410148626878383,0.6775615999644604,0.5531057178116001,0.23718870151851615,0.6695689572087511,0.5689839572192513,0.2424239516728186,0.6857367829559211,0.5882352941176471
stu_fte455_012,fast_but_careless,test,359,0.5738161559888579,0.011142061281337047,0.403899721448468,78.40389972144847,1604.0,1435.2600258749824,55.27691053202342,1419.4958493224442,0.23638495776275656,0.6652343737502998,0.6067326607018212,0.2738017928891817,0.7637807590414745,0.5740053302874548,0.25249492687849984,0.70112592295338,0.5591249444761723,0.2519961414888548,0.6995172123508184,0.5457833618884447,0.274912771665351,0.7678591768028666,0.5842058506250397
stu_fte455_013,slow_analytical,test,237,0.6160337552742616,0.0,0.35864978902953587,99.08016877637131,1387.0,1526.4931389590183,59.194336971867244,1518.3089192678062,0.2360775948411415,0.6642935459014966,0.5521225349992473,0.25273823110276294,0.699071296770438,0.5846379647749511,0.2382511950707853,0.6682570559099208,0.5677404786993828,0.23726744682773895,0.6655957984445466,0.5724823122083396,0.2560322826581596,0.7066881401063535,0.5772994129158513
stu_fte455_014,volatile_practicer,train,402,0.582089552238806,0.0,0.39552238805970147,95.20646766169155,1602.0,1379.5577556726173,53.3458611632692,1371.4252837225495,0.23322555136140968,0.6603144795900029,0.6086055148555148,0.25142791264168274,0.7111640551632238,0.5971204721204721,0.23960757169430494,0.6735062138472825,0.5899343711843712,0.2384339637171165,0.6715260976127125,0.5937627187627188,0.254532191358146,0.7191076289791485,0.6053240740740741
stu_fte455_015,remediation_responder,train,241,0.6307053941908713,0.0,0.34854771784232363,102.68464730290457,1760.0,1514.6092125471623,30.0,1489.01422607876,0.22269443363263025,0.6368834876821555,0.6151315789473685,0.26421995103955265,0.7736322042966777,0.6045609107037256,0.23494085736975548,0.6676317994145774,0.5564384979302188,0.2344029357652881,0.6660511082093293,0.5623151981076286,0.25651697463730366,0.7419368586806759,0.6082569485511532
stu_fte455_016,steady_improver,test,263,0.6730038022813688,0.0,0.3155893536121673,89.86311787072243,1628.0,1584.191940662744,43.49840524612026,1616.193142027624,0.20472981485462408,0.5976192592811808,0.6538562606753383,0.20641599298083682,0.6038311089386941,0.6491591118118513,0.21521811219312284,0.6212319882065321,0.6274799632111417,0.20765480927321497,0.6034727159092329,0.65149126264617,0.20445898198775425,0.5981758894726198,0.6604256996452503
stu_fte455_017,fast_but_careless,train,408,0.5735294117647058,0.04411764705882353,0.4068627450980392,66.9779411764706,1386.0,1408.0799403094147,62.28762048083877,1413.62050039904,0.23456451095450148,0.6620379292607684,0.6151021711366539,0.23622022139366997,0.6654034025195701,0.6227036054622261,0.23984666315527434,0.675350544599952,0.6082129875233323,0.23875494646934403,0.6723298166792379,0.6075007368110816,0.2346218278084563,0.6622085290719768,0.6243368700265252
stu_fte455_018,slow_analytical,train,353,0.6345609065155807,0.0,0.35127478753541075,101.72804532577904,1546.0,1431.2095404877834,54.94433422065079,1466.5197503328022,0.22492691599152576,0.6400742633385307,0.6040282392026578,0.22765157462548793,0.6485618033782594,0.6065026301218162,0.23127148735688272,0.6560314185960715,0.5914832502768549,0.23306386743889324,0.6601643530376766,0.5805301771871539,0.2282630780590906,0.6478109071557007,0.6140123200442967
stu_fte455_019,volatile_practicer,train,324,0.5524691358024691,0.0,0.42592592592592593,87.57098765432099,1349.0,1375.600647770415,72.21786030520111,1384.4772077332966,0.23803111043929118,0.6700664908287822,0.6212097861683683,0.23848657733287948,0.6698735274836648,0.6108071662492776,0.24400174198484825,0.6831878272507558,0.6061452513966481,0.2417540872295358,0.6774718931518732,0.5991138508957812,0.2367573481735509,0.6666438124698164,0.6214216913889424
stu_fte455_020,remediation_responder,train,258,0.6162790697674418,0.0,0.3643410852713178,105.47674418604652,1597.0,1541.3070907065596,70.42092570579773,1583.8547608503673,0.23042275800799236,0.6522624856984972,0.5904643923511848,0.22968211842024994,0.6511677817805722,0.6224191601550092,0.23031160507050552,0.6531428848407996,0.6049488596658408,0.22517681902419104,0.6431579484402672,0.6223873959723016,0.232914148785961,0.6586432200417777,0.6259449844355505
stu_fte455_021,steady_improver,train,318,0.6729559748427673,0.0,0.3113207547169811,86.5754716981132,1548.0,1611.958818054242,46.01717500629814,1603.898678757829,0.21247490564854093,0.6135159327484733,0.6563173975557153,0.2126774247927076,0.6131731048854716,0.6491732566498921,0.2086825983836928,0.6036328555387047,0.6573957584471604,0.21210953933391155,0.6123694103806883,0.6241912293314162,0.2210992189832329,0.6317898875907809,0.6393107476635514
stu_fte455_022,fast_but_careless,train,389,0.570694087403599,0.04884318766066838,0.4087403598971722,72.86889460154242,1426.0,1406.9876393671634,55.88669938793309,1397.9004752167625,0.24173968716568353,0.677039221126016,0.5647219075362788,0.2525682322716099,0.700812552916394,0.5408911905917894,0.25690745426616757,0.7095603072721738,0.5494821168473863,0.25708218721989623,0.7106640863016732,0.5273776770782759,0.25568112513955704,0.7109732897454314,0.5548902195608783
stu_fte455_023,slow_analytical,train,210,0.7047619047619048,0.0,0.28095238095238095,109.11428571428571,1794.0,1632.7900481874797,49.75502948655327,1655.0081136811334,0.2006222709696598,0.5888647998071979,0.6517545771578029,0.21074489833125531,0.6222840168037571,0.6496839581517001,0.2097786066950282,0.6084186563099703,0.6092523975588492,0.2040808689461997,0.5971410003950214,0.6012423714036618,0.21161495751183024,0.6250386694476444,0.6477223190932868
stu_fte455_024,volatile_practicer,train,187,0.5989304812834224,0.0,0.37967914438502676,102.15508021390374,1701.0,1506.51157577151,54.62090155087114,1510.675155192219,0.2285348155820115,0.6479189985504472,0.6333928571428571,0.2606445478881116,0.7354149857953991,0.62125,0.23245313457975683,0.6575232083622726,0.6191666666666666,0.2335106798471955,0.6595178451969076,0.6108333333333333,0.26164189759850853,0.7382255847486984,0.625
stu_fte455_025,remediation_responder,train,196,0.5969387755102041,0.0,0.3877551020408163,100.48979591836735,1495.0,1485.4473314372908,30.0,1537.5290369590023,0.23971411758283775,0.6747244128641156,0.5611273396083523,0.24683538470032088,0.6945895498475494,0.5470626419993508,0.24893445717223098,0.6955618294303306,0.5195282916801904,0.2528253467961242,0.7040432538217766,0.49442821594720326,0.24713261354519153,0.6964907730228969,0.53862382343395
stu_fte455_026,steady_improver,train,319,0.677115987460815,0.0,0.31347962382445144,87.29153605015674,1695.0,1571.6750771680272,47.27963310628217,1586.2643420559484,0.21262906520956293,0.614287690048059,0.5972222222222222,0.22044608864970838,0.638930490275134,0.5984807623157138,0.21656435066165008,0.625647336684735,0.5796026609133406,0.21825186841326194,0.6288076818534629,0.5709277238403452,0.2148639319142542,0.6217123697251682,0.5977166486875225
stu_fte455_027,fast_but_careless,test,383,0.556135770234987,0.0391644908616188,0.42297650130548303,76.92167101827677,1487.0,1455.2501833260244,47.20274831417619,1434.118333216278,0.23418764693111715,0.6594796178862656,0.6218171775752555,0.24251223753290013,0.6787681858185403,0.6219828776581054,0.23438271442764347,0.6613661395990791,0.6370892018779343,0.23888109333382282,0.6716932264651555,0.611709472521403,0.24809886409813145,0.6926670955164754,0.6321596244131455
stu_fte455_028,slow_analytical,train,317,0.6182965299684543,0.0,0.3722397476340694,99.40378548895899,1483.0,1490.251681795478,50.24940053477121,1502.6181005561023,0.23016896007804288,0.652310851772836,0.5838252656434475,0.23359969037220343,0.6603797265820351,0.6008812615955473,0.23583301611804283,0.6666192075028556,0.5904452690166976,0.23938683937343788,0.6730510936198558,0.5655675493337831,0.23672198051615667,0.6664774028925502,0.5896652049249452
stu_fte455_029,volatile_practicer,train,249,0.5783132530120482,0.0,0.40160642570281124,97.21285140562249,1650.0,1427.7567049099532,52.423373740624434,1471.3645378386936,0.2333424114554917,0.6580964536615799,0.6128306878306878,0.2827872760548229,0.8014316338601186,0.5941137566137566,0.25547005931845157,0.7089749919579947,0.5457671957671958,0.24685482830068947,0.6885517193821826,0.5798941798941799,0.28672389310751645,0.8168697882982893,0.6107804232804233
stu_fte455_030,remediation_responder,test,315,0.5873015873015873,0.0,0.4031746031746032,96.71428571428571,1509.0,1445.0127875614546,45.41156996085899,1437.107215728738,0.22730486090802407,0.6451281500787833,0.6378170478170478,0.23236885927344733,0.6560242045266583,0.6378794178794179,0.23401452332502928,0.6593553682473487,0.623035343035343,0.2366322907477667,0.6639948073835096,0.6044074844074844,0.23530057668988424,0.6634214731904182,0.6399168399168399
stu_fte455_031,steady_improver,test,298,0.697986577181208,0.0,0.28523489932885904,87.60402684563758,1829.0,1598.9064489267164,48.4962224834398,1560.9235910232853,0.2101265186437101,0.6112241054721358,0.571073717948718,0.2264348428565764,0.6809523720172646,0.5885416666666666,0.21154127186846544,0.6175656131828464,0.5633279914529915,0.2148028520313842,0.6261718230596184,0.5454594017094017,0.22086787056953477,0.6552840234939298,0.5810363247863248
stu_fte455_032,fast_but_careless,train,414,0.5193236714975845,0.04589371980676329,0.46618357487922707,72.66425120772946,1276.0,1406.0049361897197,50.72960642030217,1379.3877423636693,0.2460898145893293,0.6858051280477108,0.5800397335514783,0.25142368103956503,0.6987228025768599,0.5825756690428888,0.24902802779359534,0.6926611041489786,0.5794554166179736,0.255320121160771,0.7051476022981774,0.538763585368704,0.2498789676112841,0.695103561607969,0.5833703400724553
stu_fte455_033,slow_analytical,test,221,0.583710407239819,0.0,0.3936651583710407,103.68778280542986,1488.0,1457.9004368941498,48.2834401503403,1384.326851830912,0.25187165840701115,0.7001565494166764,0.5232979440512302,0.26277290494992295,0.7307736607173312,0.5123862487360971,0.2781428297838841,0.7590815694520967,0.46667509268621504,0.26529240073155635,0.7326688485326006,0.5212335692618807,0.2620421938326896,0.7297686696236645,0.5217391304347826
stu_fte455_034,volatile_practicer,train,325,0.563076923076923,0.0,0.4246153846153846,94.98153846153846,1642.0,1549.4150749887503,53.55444424866376,1571.3334828253935,0.23571739183587004,0.663210980977011,0.6409797583314092,0.27589779548008736,0.7702931983634245,0.6304933425690756,0.24366717997218557,0.6813836895676337,0.6104056030170092,0.23662240244855062,0.6625560723886259,0.611983375663819,0.2911717904911355,0.8198587616884336,0.6395174324636342
stu_fte455_035,remediation_responder,train,237,0.6033755274261603,0.0,0.38396624472573837,100.61181434599156,1498.0,1518.5750280586685,45.81942162461638,1501.5333461453858,0.23162317248463607,0.6560110236732685,0.5878217527153697,0.2436761688688416,0.6867847233749728,0.5527451272132123,0.2499576319744071,0.6975195543005109,0.5556464811783961,0.24971981931996284,0.6975771121008731,0.527823240589198,0.24324413023085908,0.6863046190194063,0.5652060705252194
stu_fte455_036,steady_improver,train,262,0.7251908396946565,0.0,0.2633587786259542,85.58778625954199,1597.0,1593.8989683284647,48.225755332638194,1598.2078754327806,0.1924602257416278,0.571477037126714,0.7013157894736842,0.1913451432716903,0.564926373965215,0.6724780701754386,0.18979846436508216,0.5599367147978331,0.6647295321637426,0.18941180446966605,0.5595775057319538,0.6564327485380117,0.20526037978425432,0.5977964359111023,0.6831505847953216
stu_fte455_037,fast_but_careless,test,227,0.5859030837004405,0.05286343612334802,0.3920704845814978,69.7488986784141,1434.0,1436.9252297257322,30.0,1439.0681618104504,0.2379770177533069,0.6692304912304943,0.5830267157254839,0.2407907514253827,0.6750987430142482,0.5809470484722444,0.2406217101180241,0.6745584360995026,0.5784274516077428,0.24779760469834786,0.6907162654034755,0.5479123340265557,0.24159630315497563,0.6772358420955086,0.576427771556551
stu_fte455_038,slow_analytical,test,371,0.6792452830188679,0.0,0.29380053908355797,105.47978436657682,1843.0,1553.2043975252454,53.13944553029412,1531.7249385301243,0.20885027554499289,0.6036803194281585,0.6069594504468454,0.24729810962407234,0.7413201553677838,0.60140722955849,0.22282019973305942,0.640780943274204,0.581032412965186,0.22069971467316396,0.6333121091527975,0.5510871015072696,0.23906982923889641,0.7028970733593173,0.5925870348139256
stu_fte455_039,volatile_practicer,train,379,0.5646437994722955,0.0,0.42744063324538256,98.8311345646438,1492.0,1384.8546388513282,45.11772519238366,1367.1940259372377,0.2404311902900891,0.6732481856935442,0.5733078448031719,0.24629261919542955,0.6873991277836006,0.573208722741433,0.24979027317821187,0.6946915886802617,0.5624893797790994,0.24823341545081995,0.6911039187172343,0.5698952138204475,0.24523300972406648,0.6850562208808307,0.5779241008212971
stu_fte455_040,remediation_responder,test,288,0.5486111111111112,0.0,0.4409722222222222,95.20486111111111,1397.0,1462.9047129362507,54.28501651128173,1454.7103942914764,0.23534228068040747,0.662878979562443,0.6115141187925998,0.23800657844134399,0.6681608254973325,0.609493670886076,0.2431948422665164,0.6809278108220054,0.5957643622200585,0.24125931355585045,0.6753434445379547,0.5967867575462512,0.23677761898554442,0.6660260947961236,0.6248052580331062
stu_fte455_041,steady_improver,test,363,0.7300275482093664,0.0,0.2534435261707989,85.87603305785125,1832.0,1661.4495823883333,51.253194453837494,1670.5520253747993,0.19877578255514386,0.5861503374901732,0.5658259530227185,0.21374618393643083,0.6514895016483206,0.5645167500962649,0.20101137391743373,0.5955838767644602,0.5619946091644205,0.20232274975555756,0.5979182252566333,0.5537158259530227,0.20196790336246348,0.6019150480112049,0.5641894493646515
stu_fte455_042,fast_but_careless,train,318,0.6069182389937107,0.04716981132075472,0.37735849056603776,72.17295597484276,1601.0,1496.099191154962,44.809005616563084,1494.6318236222164,0.23642719363817985,0.6677421934752077,0.5723108808290155,0.26217293690225835,0.7485043595514663,0.5629222797927461,0.2527622147220107,0.7045913696063161,0.550321243523316,0.24694780751666312,0.6900961544824469,0.5528290155440414,0.26355347729474793,0.7529685561279948,0.5627564766839378
stu_fte455_043,slow_analytical,test,255,0.596078431372549,0.0,0.39215686274509803,103.73725490196078,1435.0,1565.2485809731804,48.35215695814976,1575.083090477507,0.22269164266600705,0.633758208618333,0.6476430761369443,0.22430874471472834,0.6384225300988048,0.6654637199795606,0.2267910959162689,0.6424269564866159,0.6510283597342872,0.21714638397228958,0.6217072369512017,0.6792922841083291,0.22178754265961081,0.6325840267788116,0.6711165048543689
stu_fte455_044,volatile_practicer,train,350,0.5114285714285715,0.0,0.4742857142857143,92.51428571428572,1312.0,1412.187452217215,42.19188956492796,1388.6461601398598,0.2534116806864642,0.7019788827437096,0.5470776568982979,0.2632712138396284,0.7243854810147439,0.5374072985069751,0.26593277009058064,0.730683733413244,0.530791597242641,0.2583944972901155,0.7139374597424052,0.5502629945440883,0.25733435838421875,0.710592516868873,0.5522395373909634
stu_fte455_045,remediation_responder,test,214,0.6588785046728972,0.0,0.32710280373831774,98.6355140186916,1774.0,1597.7522254374292,59.33606086305217,1567.8107532174874,0.2089198155340553,0.606051476307068,0.6524336928009327,0.24080164557040226,0.7056162062125939,0.6380549888273584,0.22548374198381915,0.6448263959969045,0.5903526668609734,0.21777669258777288,0.627635217858347,0.6027397260273972,0.23698837766958664,0.6909003570609019,0.6459244146507335
stu_fte455_046,steady_improver,train,350,0.6457142857142857,0.0,0.32857142857142857,86.3,1575.0,1500.560282111059,59.43545280379748,1484.2194255789195,0.2165525649776537,0.6216736177162574,0.6318691121895518,0.22150278389986347,0.6337326999967499,0.612153868113046,0.22479192702498738,0.6424944795510704,0.5942049671709962,0.22293114846147744,0.6370604695933849,0.605588067370825,0.2211231138291596,0.6317380070871409,0.6237510705109905
stu_fte455_047,fast_but_careless,train,258,0.5775193798449613,0.03488372093023256,0.3992248062015504,73.24031007751938,1445.0,1461.2202680517064,56.505024923468135,1464.3450691603052,0.23297481432289138,0.6584012380788635,0.6472199987685487,0.23481215328638858,0.663630650693278,0.6219752478295671,0.23622928107020685,0.6669022067025104,0.6154485561233914,0.23932323239882303,0.675097795986169,0.6135090203805185,0.23507887467603422,0.6644107763958506,0.6284403669724771
stu_fte455_048,slow_analytical,train,384,0.7265625,0.0,0.2552083333333333,101.63802083333333,1807.0,1575.4736078511617,55.812094148398515,1601.9703927018247,0.19175713617673415,0.567397319588329,0.6437617340843147,0.19454194859326876,0.5879760236296149,0.6332309267793139,0.19338321706203052,0.5730010288400641,0.6329237071172555,0.18938079325542123,0.5651706480829333,0.6250554702167606,0.1871038409236123,0.5586709068443879,0.6476361153780509
stu_fte455_049,volatile_practicer,test,364,0.6318681318681318,0.0,0.34065934065934067,90.14285714285714,1519.0,1454.767680898943,45.01092886565795,1439.7456327891605,0.22877204190654302,0.6500530387729173,0.5846852693056457,0.23646154777539716,0.6707257135519777,0.5813595068137573,0.2360949593323142,0.6696679361915437,0.5902498377676834,0.23980247407925206,0.6780928119912167,0.5646333549643089,0.23455615120534665,0.6647640026621233,0.5928455548345231
stu_fte455_050,remediation_responder,train,286,0.6258741258741258,0.0,0.35664335664335667,90.67832167832168,1371.0,1513.4825003523206,44.96511828862546,1510.5476111179253,0.22933840972216732,0.6508422275515522,0.5704067247950713,0.2623219762164409,0.7201152891720761,0.537148227431734,0.24675525664187026,0.688598488466374,0.5346159870516368,0.24804045849938622,0.6923082367281649,0.5236255416905967,0.2636723349320625,0.7232365216369668,0.539053934109539
stu_fte455_051,steady_improver,train,340,0.6852941176470588,0.0,0.28823529411764703,87.46470588235294,1698.0,1535.3341790099114,72.15214628902962,1569.5650970269128,0.21591126423540183,0.6221501285017158,0.5557739360635353,0.22128389486270936,0.6442242527698461,0.5558942681801773,0.22557343403740307,0.6500634848007476,0.5307448558020136,0.22368602964836715,0.6425330563975312,0.5254903533753159,0.21669655728914744,0.6281905028360134,0.5633949701175244
stu_fte455_052,fast_but_careless,test,341,0.5659824046920822,0.03225806451612903,0.41642228739002934,77.57771260997067,1630.0,1463.8286050060262,62.62695957194843,1486.2385788353167,0.2436032192313393,0.6818606054056808,0.5841793866405265,0.2863809956088134,0.802861493875157,0.5868575829715726,0.2525797824746521,0.7037524297859848,0.5689679316622321,0.24759333555347116,0.6908671678543451,0.5618610838818092,0.28980697443976466,0.8147507679138716,0.5919339028147318
stu_fte455_053,slow_analytical,train,410,0.6414634146341464,0.0,0.3439024390243902,101.89024390243902,1533.0,1463.4787776275828,42.87903049124734,1430.3568529679314,0.211113630707287,0.6105674360085643,0.6705077468249657,0.21361522667281746,0.6150934793960066,0.6509143581386927,0.21557539804065415,0.618090066867638,0.6452238690152867,0.21638723111668648,0.6218863153516632,0.6417578438219395,0.21283620323411362,0.6138762728245157,0.6680116913685626
stu_fte455_054,volatile_practicer,train,209,0.5885167464114832,0.0,0.41148325358851673,98.17703349282297,1563.0,1478.1489658256544,30.0,1469.4832081489023,0.2370124220116144,0.6671343276125957,0.5876819814709775,0.2502595969354413,0.702247418626421,0.5658442049536775,0.24635652776407416,0.6906355084421376,0.5601720552089242,0.2506101066660609,0.7008586655570423,0.544053696350917,0.24923948499786722,0.6998259549811833,0.5704764605785593
stu_fte455_055,remediation_responder,train,335,0.6029850746268657,0.0,0.3880597014925373,94.42985074626866,1442.0,1462.2501600637163,30.0,1477.9579097194965,0.2353351344486113,0.6630578771176021,0.585312290627559,0.23525775379192954,0.6623037473401467,0.6060634258914613,0.2317155961630246,0.654996785504318,0.6114791930320852,0.2385241857538736,0.6699192955398093,0.5717263455668875,0.23445809836693288,0.6607333231251779,0.6061006476587508
stu_fte455_056,steady_improver,test,345,0.6347826086956522,0.0,0.3507246376811594,86.26376811594203,1427.0,1463.9880285366335,55.20443614006985,1482.039027924913,0.23287953892426427,0.6587800910149771,0.5636913821845329,0.2555424283727028,0.7061092856183082,0.5625498296731174,0.2368417989225816,0.669375574887897,0.5564796694933681,0.2429229989120719,0.6820391638246464,0.5101471334348047,0.2774138274782211,0.7527370532696491,0.5653946510110893
stu_fte455_057,fast_but_careless,train,327,0.5504587155963303,0.05198776758409786,0.43119266055045874,71.03058103975535,1364.0,1377.2311550224501,59.848711782125825,1341.4653383979971,0.23717159088072964,0.6673378828034672,0.6078609221466365,0.23768239257601614,0.6690051222643808,0.6191609977324263,0.24105939524473333,0.6771325290678942,0.617233560090703,0.24282437446789146,0.680315536888541,0.6015873015873016,0.23787738863482152,0.6714036858224404,0.624244142101285
stu_fte455_058,slow_analytical,train,265,0.6415094339622641,0.0,0.3433962264150943,108.56603773584905,1469.0,1519.384687026577,37.96214488496415,1530.6083083090518,0.22958084951907223,0.6496957359661719,0.5739009287925697,0.2462231771515952,0.6882357287116179,0.5599071207430341,0.23940503894656492,0.6763962991478393,0.5573684210526316,0.24388079286005446,0.68659445558838,0.5060681114551083,0.2544772617891299,0.7050067609797492,0.5693808049535604
stu_fte455_059,volatile_practicer,test,352,0.5454545454545454,0.0,0.4403409090909091,90.61079545454545,1315.0,1400.6739155835742,43.22475830141954,1401.5867554774522,0.23346890908079115,0.65872414753787,0.63583984375,0.2470175096107398,0.6893797946900352,0.616748046875,0.24096523424967486,0.6743667694339551,0.6065755208333333,0.24362464111343274,0.6809286109330492,0.5974283854166667,0.24057859451390043,0.6746637113393347,0.6230794270833333
stu_fte455_060,remediation_responder,train,357,0.5770308123249299,0.0,0.4117647058823529,99.11764705882354,1393.0,1455.1708043043602,57.05117615014807,1445.8867517505964,0.2308396806951189,0.6525618187537141,0.6352793673246319,0.23756164226955895,0.6690152618510917,0.6524625474185045,0.24188554473412113,0.6791470621812249,0.6106699672088987,0.23394076374210065,0.6616641837766487,0.6305857390857069,0.24074529905759873,0.6764234387528895,0.6553558798945541
stu_fte455_061,steady_improver,train,395,0.7164556962025317,0.0,0.2683544303797468,83.5620253164557,1743.0,1634.3361379307369,77.45827383606765,1611.0106088073223,0.1926680490726811,0.5697834324109744,0.6689487632508834,0.18997908170720224,0.5613723737159444,0.6617869762746088,0.19753913278418553,0.578495077924489,0.6342125189298334,0.19319829989684403,0.568626743893155,0.6506814740030288,0.19086527811498039,0.5636264068712081,0.6644529278142353
stu_fte455_062,fast_but_careless,test,199,0.5628140703517588,0.01507537688442211,0.41708542713567837,83.14070351758794,1506.0,1480.1546300519756,30.0,1434.2437431923383,0.24317814018412104,0.6798017663028724,0.5681444991789819,0.24210805284536357,0.6779914234634972,0.6084770114942529,0.23995816343895565,0.6727794866498775,0.5977011494252874,0.24475696434430236,0.684184510459032,0.5764573070607554,0.2432265491576454,0.6809578016552801,0.6074507389162561
stu_fte455_063,slow_analytical,test,255,0.5882352941176471,0.0,0.4,107.03921568627452,1460.0,1496.0854391806954,49.924677656149456,1463.4763134166556,0.2254913447455101,0.6403847896529429,0.6424761904761904,0.23253897910817595,0.6547107051448381,0.6115873015873016,0.23259759324478366,0.6542741061193058,0.6328571428571429,0.2284558900943356,0.6452021334561083,0.6258412698412699,0.23036407891311567,0.6500047655850064,0.6264761904761905
stu_fte455_064,volatile_practicer,train,326,0.5828220858895705,0.0,0.3895705521472393,94.83128834355828,1713.0,1468.393494179911,58.15513120683599,1454.8959867503427,0.2420314010274602,0.6787205632214939,0.5868421052631579,0.3067072634550839,0.8864247489593011,0.5743227554179566,0.2761248627759258,0.7578871041692824,0.49241486068111456,0.2527218223707386,0.70296784782521,0.5422987616099071,0.31079924464446873,0.9054347963173006,0.5851006191950464
stu_fte455_065,remediation_responder,test,420,0.6190476190476191,0.0,0.37142857142857144,96.34285714285714,1607.0,1413.3863931529786,58.77600784245977,1409.6006020776158,0.22391208979900554,0.6388962312799251,0.6180408653846153,0.23384877767788284,0.666393577752645,0.6152403846153847,0.23109176777517138,0.6540954485107869,0.5959375,0.23230336722120565,0.6575432191862143,0.5942067307692308,0.23282227640269035,0.6624054856084223,0.6177283653846154
stu_fte455_066,steady_improver,train,396,0.6186868686868687,0.0025252525252525255,0.36363636363636365,80.21212121212122,1406.0,1492.4750288534547,55.03491769918871,1449.5960009916487,0.2275141998917924,0.6460231988794406,0.6156372482767941,0.24741430692517866,0.6886680570287212,0.580659548587647,0.23280240129969304,0.657731145307103,0.5923908636302203,0.2351897802610099,0.6645843512193097,0.5907825381808353,0.2455947048366152,0.6847254072522131,0.5892823354507366
stu_fte455_067,fast_but_careless,test,319,0.5329153605015674,0.06896551724137931,0.4482758620689655,70.15673981191223,1341.0,1369.3957913953625,31.88656937660553,1356.0458703129582,0.24370243026403693,0.6808474784530815,0.613758389261745,0.23600855891160222,0.6652618249057237,0.6345045400710619,0.23606262185941643,0.665233228678252,0.6324713778128701,0.2421646978590737,0.6793693774005524,0.6121989735491512,0.23855375791373212,0.6707629043204173,0.6382550335570469
stu_fte455_068,slow_analytical,test,207,0.6714975845410628,0.0,0.30917874396135264,103.2463768115942,1731.0,1427.9623827826986,63.0315941837661,1455.5933006091975,0.21870916696935216,0.6276298412907239,0.5709902666102412,0.24634211033003814,0.7277443062834998,0.5620503597122302,0.22666300878985157,0.6493107804223316,0.5720482437579348,0.22923423829861317,0.65364226890337,0.5501481168006771,0.24090370607335665,0.7021579648962023,0.5724185357596276
stu_fte455_069,volatile_practicer,train,419,0.5918854415274463,0.0,0.3937947494033413,97.00238663484487,1540.0,1387.5903166356363,52.20624658735673,1320.3150934417506,0.2325671597000197,0.6574647829304402,0.6117477834370874,0.2403643805759918,0.6777947271174154,0.6068076777966421,0.23688095434297327,0.6672395376467255,0.5913978494623656,0.23427291789978033,0.6624224502664158,0.6138936049801924,0.23819757555219476,0.672666023104748,0.6156621392190152
stu_fte455_070,remediation_responder,train,418,0.6483253588516746,0.0,0.33014354066985646,92.02153110047847,1564.0,1516.643541465041,51.523459818334175,1468.1628128388097,0.2165720260289762,0.6228204972119195,0.6210558023947587,0.22241112255015139,0.6362484737711298,0.6087807816853679,0.22637221257568677,0.6447396667333827,0.6001957978763461,0.2268923235578182,0.6475955465144696,0.5906067223937546,0.22402807132208652,0.6387683235211421,0.6100609985691694
stu_fte455_071,steady_improver,test,392,0.7117346938775511,0.0,0.2755102040816326,85.68367346938776,1904.0,1662.8934867803753,56.94728601628718,1645.1876446639164,0.19669207267299382,0.5760533955139095,0.6339328194880579,0.22079143564631304,0.6621626348969101,0.6375646271449869,0.20382740724470677,0.5950553446420378,0.58337298188854,0.19957054474420216,0.5838276857609718,0.6186443366003743,0.21055942693042112,0.6193582524498027,0.6252735750309258
stu_fte455_072,fast_but_careless,train,408,0.5931372549019608,0.06372549019607843,0.38480392156862747,74.57352941176471,1649.0,1439.2130815235782,45.33158067929128,1467.3604473019855,0.2367703190676508,0.665380513029605,0.5812381758438714,0.28827365448193804,0.8216208887133086,0.5748655780145375,0.25060442385849846,0.6946477997667028,0.5544533505924525,0.24691341447960125,0.6870956765777638,0.5589963158418799,0.2953881941155309,0.8516904455280262,0.5793338643831525
stu_fte455_073,slow_analytical,train,252,0.6388888888888888,0.0,0.3531746031746032,109.72222222222223,1592.0,1571.4448324674624,46.599055410312964,1565.5784764861714,0.22709190593046916,0.6457100025497126,0.587502559552249,0.2308503965426847,0.6583737217104881,0.5600982868063613,0.2334562070243531,0.6607841725328589,0.5365162787523036,0.23629718893256385,0.6691546409955104,0.5351853115828271,0.23009523475453278,0.6558548565168186,0.5585284280936454
stu_fte455_074,volatile_practicer,train,416,0.53125,0.0,0.45913461538461536,89.09134615384616,1292.0,1378.1007433627528,38.00356133077744,1329.5937339597347,0.22809492734653508,0.6475114627137948,0.6864833507367444,0.22707008998459108,0.645614461347839,0.6761457245620142,0.22499155307574029,0.6407863438875037,0.6730711219399003,0.22969290282291968,0.6513187078658377,0.6582202111613876,0.22282491258640588,0.6362088520208201,0.6846733959856132
stu_fte455_075,remediation_responder,train,389,0.6066838046272494,0.0,0.38046272493573263,94.85347043701799,1448.0,1564.4897775001155,64.66102374246805,1571.6403670983277,0.22224705405149245,0.6342509986489662,0.6534424504264983,0.23551721768692893,0.6641369212238423,0.6387088733798604,0.22842507064850495,0.6484863499613214,0.6429877035559987,0.23129225588195756,0.6552970131783665,0.630192755068129,0.2351758994687512,0.663512554428506,0.6448709427273734
stu_fte455_076,steady_improver,test,390,0.6717948717948717,0.0,0.30256410256410254,87.25897435897436,1545.0,1593.5479930556746,56.35012959863956,1582.643227621541,0.21024070472199863,0.6087752083018487,0.6575471135496184,0.21478894840988655,0.6167179744295638,0.6457389074427481,0.20786113108842713,0.6015423597728928,0.6524928435114504,0.20682696789959454,0.6014448127177768,0.6545503339694656,0.2190682460411819,0.6270279981934702,0.663659947519084
stu_fte455_077,fast_but_careless,test,360,0.6305555555555555,0.03611111111111111,0.35,74.04722222222222,1723.0,1409.1880991953599,58.02743203993789,1408.4499299119066,0.2276812780932648,0.6488408092824528,0.5781358683051241,0.26548930167484697,0.780815276124417,0.566029611473618,0.2409231075477566,0.6805745856430719,0.5364181378556524,0.24221617928524453,0.681425863966485,0.519061972110894,0.26220893975414794,0.7641579184038169,0.5718922857805306
stu_fte455_078,slow_analytical,train,290,0.6344827586206897,0.0,0.35172413793103446,107.25862068965517,1545.0,1554.288331152537,40.62306227416303,1520.4905949068868,0.21827353703768285,0.6257520480738641,0.6422528712059065,0.21197976907931834,0.6113935512855773,0.6685038966365874,0.21471855323099762,0.6181382675911957,0.6654788761279737,0.21831154446178094,0.6260593809505949,0.6300758818703855,0.21378059367986438,0.6151468121454897,0.6593775635767022
stu_fte455_079,volatile_practicer,train,277,0.5740072202166066,0.0,0.40794223826714804,97.50541516245487,1579.0,1485.7566511087327,58.15165344177949,1462.4541769806888,0.23436804630748484,0.6625770684545117,0.6142735316064385,0.24787390831102377,0.7029740485634812,0.6335412002984756,0.2529734426335247,0.7105102068485252,0.5962317450165228,0.24119702689899902,0.6813166860848064,0.6008954269267669,0.2479246314635128,0.7034803229272895,0.6363927086664535
stu_fte455_080,remediation_responder,train,220,0.6954545454545454,0.0,0.2909090909090909,100.05909090909091,1779.0,1565.2139599068175,46.89403901134857,1539.6690379704442,0.2110361221294779,0.6123182226741467,0.5476051116964199,0.23020709107979806,0.6862481717615644,0.5622378304555653,0.2132452731971206,0.6165901605836922,0.5931616427665594,0.21790013323076693,0.6290087835279291,0.5401424251292557,0.22052432277175113,0.6466706752722328,0.5821383279680031
stu_fte455_081,steady_improver,test,323,0.5727554179566563,0.0,0.4086687306501548,88.73993808049535,1452.0,1416.9234828561946,42.03892053445861,1365.4854001868855,0.23155139298040703,0.6536916894390703,0.617978848413631,0.23095106590390643,0.6532724215453809,0.6262240501370936,0.23419332906283977,0.6600112815356443,0.6184880532706619,0.2365055434158493,0.6648598852480548,0.6032902467685076,0.23037210417959467,0.6520035233170627,0.636623580101841
stu_fte455_082,fast_but_careless,train,406,0.603448275862069,0.03694581280788178,0.3793103448275862,71.94827586206897,1608.0,1492.3656477372972,50.85741645147932,1458.1222684684817,0.2325451516993821,0.6580278635694935,0.5983648117632147,0.25896913273082894,0.7318159791270289,0.578159462542781,0.24378828212427922,0.6831993763243708,0.5668652554189377,0.24824015709266042,0.6942871660557215,0.5480035492457853,0.26594718170923975,0.7554264453272782,0.5827354544302193
stu_fte455_083,slow_analytical,train,341,0.6598240469208211,0.0,0.3255131964809384,104.38123167155425,1628.0,1628.2445358430423,54.07653148670118,1604.0376229270432,0.21094659478255004,0.6113810216403188,0.6674137931034483,0.21036055551891483,0.6108394326065772,0.6466666666666666,0.21867521283932895,0.6317950561495438,0.6128927203065134,0.2138470093815653,0.6192796622093518,0.6361685823754789,0.21298201446227308,0.6162955143002458,0.6391187739463602
stu_fte455_084,volatile_practicer,train,273,0.5824175824175825,0.0,0.3956043956043956,94.88278388278388,1468.0,1464.947165901065,52.21040482931391,1452.681630787455,0.22566093508541796,0.6411248512085218,0.6484883592629372,0.22611550882411455,0.6420586195118785,0.6538397881496193,0.2284585563832418,0.6471026667358457,0.635082202361249,0.23122383993098747,0.6543125325934946,0.6282136158005076,0.22585485415804296,0.6416123561145552,0.655025929603884
stu_fte455_085,remediation_responder,train,409,0.5623471882640587,0.0,0.4156479217603912,101.39119804400978,1540.0,1471.7432344053927,42.99115456212525,1459.3489098307878,0.22865585818220188,0.648936561235653,0.6542992470245325,0.23766988351980803,0.669183404750525,0.6502186057809084,0.23043513599880316,0.6518631515535502,0.6358877823658003,0.23261506809447288,0.6581609000812335,0.637745931503522,0.24001410889271615,0.6748041197092672,0.6554772892883167
stu_fte455_086,steady_improver,test,346,0.6242774566473989,0.0,0.3583815028901734,87.04335260115607,1527.0,1479.0908834739123,41.2361800894124,1448.2119882556344,0.22210137465580682,0.6346067234828955,0.6375178062678063,0.2286815851059942,0.6503097611520945,0.6256944444444444,0.22846365159314785,0.6496222790651461,0.6288995726495726,0.23364437909010852,0.6598391225139068,0.584045584045584,0.2290960420883494,0.6504392889103052,0.6208155270655271
stu_fte455_087,fast_but_careless,train,319,0.6112852664576802,0.0219435736677116,0.3667711598746082,77.17868338557994,1739.0,1469.9457829519988,39.74037630147435,1464.4962534326676,0.2288889654425479,0.6485307440892525,0.6068238213399504,0.281748187449124,0.812842300947885,0.6088916459884202,0.238305730336243,0.6778740983830291,0.5929693961952026,0.23581066155191346,0.6684761056938804,0.5933829611248966,0.27651895403729954,0.7927554179178914,0.6171629445822994
stu_fte455_088,slow_analytical,test,445,0.6584269662921348,0.0,0.3258426966292135,101.15280898876405,1724.0,1515.0191839022677,50.7664363813806,1491.9221289767809,0.21466526697967972,0.6192081086940432,0.6317810310759835,0.23659448962721355,0.6909374463010685,0.6054315609843722,0.22609350450444965,0.6446792064878848,0.5955070055685289,0.22693384074865303,0.6489812159356518,0.5760059277887551,0.22988644494007376,0.6639744400395244,0.6135934973953655
stu_fte455_089,volatile_practicer,test,421,0.5439429928741093,0.0,0.42992874109263657,95.24465558194774,1415.0,1446.5213044048096,43.567666108790306,1388.1963597944095,0.24612553720084435,0.6855876695980265,0.5611012554585153,0.2550084014479159,0.7060445876371576,0.5570642285298398,0.2511567446949756,0.6982932853892909,0.5746793122270742,0.25355569080709073,0.7031584022437657,0.5665938864628821,0.25092309253153,0.6979210612083556,0.5694254912663755
stu_fte455_090,remediation_responder,test,299,0.5819397993311036,0.0,0.3979933110367893,97.09698996655518,1388.0,1389.2153121923693,60.96155287565598,1390.0691185950122,0.23487582642853552,0.6624263532850262,0.5919310344827586,0.23801558865094546,0.668388570170272,0.6143908045977011,0.23740362234876922,0.6677326848028722,0.6052413793103448,0.24079859283079,0.6758847663216345,0.5882298850574713,0.2403620213597148,0.6736540952048581,0.614
stu_fte455_091,steady_improver,test,415,0.6144578313253012,0.0,0.3710843373493976,85.21927710843373,1402.0,1503.586406714402,48.75360569397794,1483.729813397574,0.22470818801780054,0.6398473400620363,0.6241176470588236,0.24903861380061668,0.6923507577075486,0.6266911764705883,0.23073437751044976,0.6526307544877503,0.6054901960784314,0.22943463983514897,0.6505508801103063,0.6118382352941176,0.2607187899475891,0.7179487947739509,0.6281495098039216
stu_fte455_092,fast_but_careless,test,417,0.5515587529976019,0.08393285371702638,0.4316546762589928,61.70983213429257,1212.0,1347.3496433720286,42.86672480660655,1380.8301767675266,0.2353877855775102,0.6637053096693147,0.6381887933038828,0.24704360791660532,0.6889405541270798,0.6361660079051383,0.2370459695159591,0.6683081726958252,0.6225993954894211,0.2382866651885172,0.670913448617824,0.6238549174610556,0.23381989306349812,0.6603756171565913,0.6493722390141827
stu_fte455_093,slow_analytical,train,344,0.622093023255814,0.0,0.36046511627906974,106.26744186046511,1580.0,1430.4057499694038,78.5789072598548,1486.7383029392206,0.22749919275064853,0.6456910865216613,0.5901509705248023,0.23621005117448135,0.6685022322017636,0.5833752695902229,0.24008446925817103,0.6761818622977834,0.5706146657081237,0.24006723626844143,0.6760322618863789,0.5561466570812366,0.23506843509334333,0.6640094344222152,0.5830337886412653
stu_fte455_094,volatile_practicer,train,391,0.5601023017902813,0.0,0.4194373401534527,94.49360613810742,1575.0,1452.4480212985743,53.513927098456676,1441.507556866372,0.24149227607021992,0.6770658045227841,0.5960762450886694,0.2643748623943293,0.7387513203010677,0.5880322820431135,0.24632629510015988,0.688264404247698,0.58176701709674,0.2500571086898731,0.6966770770526871,0.5605022831050228,0.27337341183475716,0.7661844478392326,0.5871562068599342
stu_fte455_095,remediation_responder,test,311,0.6816720257234726,0.0,0.2990353697749196,99.34405144694534,1821.0,1599.6399606874886,53.361492457668625,1589.7367419883717,0.21197051149603488,0.612454111343535,0.6134219554030875,0.23809979980177248,0.7054391900281781,0.5853344768439108,0.22150274048776292,0.6361885699468406,0.5473127501429388,0.22154073344328476,0.6368447743693713,0.5563655422145988,0.23026618082203273,0.6719819674024229,0.5809271964932342
stu_fte455_096,steady_improver,test,234,0.6581196581196581,0.0,0.3333333333333333,84.2094017094017,1720.0,1465.0945763563457,57.39980306833378,1485.209746660967,0.2029460833523266,0.5901535195288709,0.6810876623376624,0.22764482084372337,0.6588870191198675,0.6590503246753247,0.221607311850366,0.638242994732319,0.6150568181818182,0.2114439959525659,0.609603306746821,0.6517857142857143,0.2226481904011433,0.6413439489455021,0.6662337662337663
stu_fte455_097,fast_but_careless,train,431,0.5522041763341067,0.03248259860788863,0.4361948955916473,73.08816705336427,1456.0,1450.0360288683426,45.99871646787769,1511.0452637829276,0.232806112857189,0.6561976004843565,0.6351722035964645,0.2364078468057975,0.6657416423646784,0.640527713676144,0.23732963535740487,0.667111679788031,0.6259415683371794,0.23405301630785827,0.6602037945899557,0.6354334479905952,0.2422523765731747,0.6784177740619236,0.6509230635259285
stu_fte455_098,slow_analytical,train,392,0.6147959183673469,0.0,0.36989795918367346,107.58418367346938,1658.0,1470.5802786029562,53.79212783633237,1457.596265796809,0.227318147947452,0.6458197294084774,0.625388145420571,0.24893505732970841,0.7040588918273494,0.6239180017037179,0.22966201627988683,0.6512081440721604,0.608460883185403,0.2336991615981738,0.660325954730206,0.5941853755049326,0.24712924721798554,0.698704618268164,0.6282597345497513
stu_fte455_099,volatile_practicer,train,370,0.581081081081081,0.0,0.4,94.6108108108108,1612.0,1312.0493941879772,66.43606817503078,1327.1465843330175,0.2348708175847964,0.6613687713296194,0.6371642910727682,0.2688536315141088,0.7538564196983385,0.6194298574643661,0.246716317153239,0.693209541339662,0.5844711177794448,0.2355240095120269,0.6674808179443792,0.6275468867216805,0.2638123387909916,0.738560130761745,0.6374043510877719
stu_fte455_100,remediation_responder,train,374,0.5775401069518716,0.0,0.4037433155080214,96.11229946524064,1327.0,1411.7115713427556,52.56349782483895,1354.2528066266398,0.23589537320353765,0.6641965495109651,0.586248827941866,0.26092075178935037,0.7175156745752576,0.5734733942803563,0.2455800591306962,0.6846263002221663,0.5654740975152368,0.24392110164168315,0.6824332485482294,0.5739275668073136,0.2591711371586024,0.7136836178546674,0.5843295827473043
stu_fte455_101,steady_improver,test,434,0.6820276497695853,0.002304147465437788,0.30414746543778803,84.80645161290323,1704.0,1586.9576383585252,49.528192302079106,1558.1761400170146,0.20840369428972721,0.6039367888089933,0.6109356639247944,0.21292666147202904,0.6161438692114319,0.6131267136701919,0.21990698912585582,0.6368368747152244,0.5987318840579711,0.2147437896719913,0.6188476801492284,0.5967978848413631,0.21009783088485695,0.6087460825040351,0.612159714061888
stu_fte455_102,fast_but_careless,test,265,0.4981132075471698,0.052830188679245285,0.49433962264150944,74.63396226415094,1277.0,1443.868375137366,48.4153283211573,1361.9454785821704,0.23642982584978262,0.6645570702743478,0.6250854408749146,0.24214160093663975,0.6790007649822405,0.6186773752563226,0.24128967684758057,0.6754373074402004,0.6228354978354979,0.2410282141926799,0.6754789378225574,0.6164843928001823,0.23766702056136013,0.6676084882556946,0.6212121212121212
stu_fte455_103,slow_analytical,test,427,0.6814988290398126,0.0,0.2997658079625293,100.20140515222482,1738.0,1512.0137088325869,49.62261935870021,1484.0929094080532,0.2070884948467556,0.6012292283870182,0.6290681220941985,0.2211144586823946,0.6488408871527391,0.6321128967050738,0.21306144969668925,0.617162959607361,0.6125050535678189,0.21394400051234982,0.6195575494972032,0.6122144734182333,0.21298638330766786,0.6191590549566165,0.6395542753183747
stu_fte455_104,volatile_practicer,train,318,0.6446540880503144,0.0,0.33962264150943394,94.24528301886792,1780.0,1518.1284905397615,30.0,1509.427096306988,0.22195873690562756,0.6335337484223015,0.593848478307792,0.2617887199686674,0.7693813436572682,0.5867040794301749,0.23079549091906446,0.6562816645909715,0.5781135333477229,0.2341815499975072,0.6622319776486145,0.5598963954241313,0.25799234961029655,0.7529840628505862,0.5831210878480466
stu_fte455_105,remediation_responder,train,341,0.6011730205278593,0.0,0.3782991202346041,102.97067448680352,1694.0,1545.592465361604,54.77503049089398,1552.7904963010342,0.22938772631648602,0.6490637733344399,0.6052367288378766,0.2686201963235403,0.7547609937367235,0.5914813486370157,0.24832323968732814,0.691505439118094,0.535993543758967,0.24028650355981773,0.6737799538570426,0.5696556671449068,0.2782057214805881,0.7886466307607232,0.6034253945480631
stu_fte455_106,steady_improver,train,319,0.768025078369906,0.0,0.21316614420062696,84.03448275862068,1863.0,1647.027900276984,63.008003485007364,1646.9723454336647,0.18735182488271587,0.5599435196106338,0.593215664644236,0.1874785599371228,0.5747545882039663,0.5782680639823496,0.1865236248056698,0.5653136408837094,0.5140650854936569,0.1807474851781008,0.5501533537191532,0.5422504136789851,0.17799393148654702,0.5396264251068056,0.5783783783783784
stu_fte455_107,fast_but_careless,train,373,0.5495978552278821,0.024128686327077747,0.4316353887399464,73.0,1417.0,1440.7017724195225,50.74440271880696,1455.3474513077604,0.2395663230930567,0.673158657359206,0.5934233449477352,0.2420951799421324,0.6803293898967139,0.6041666666666666,0.2433903256155108,0.6820656867122401,0.6014227642276423,0.2454954039510167,0.6874280874682344,0.5950929152148664,0.24471896847676805,0.687823194594873,0.6126306620209059
stu_fte455_108,slow_analytical,train,231,0.6406926406926406,0.0,0.341991341991342,110.08658008658008,1761.0,1544.8911461132504,48.09504791362236,1534.5345898484225,0.2230817563927466,0.6372588362292573,0.5964669488765875,0.25743146326104904,0.7514547750951316,0.6060322370563335,0.24793547478844924,0.6999831112230412,0.5455470530771735,0.23711410744925143,0.6691249754014131,0.5641484858352328,0.2541747092027932,0.738007122122814,0.6006186909801368
stu_fte455_109,volatile_practicer,train,265,0.5471698113207547,0.0,0.4339622641509434,92.56603773584905,1328.0,1411.0509537120033,51.65908873138868,1425.4104497765743,0.2387693639228122,0.6692199326144002,0.5834195402298851,0.25517911900963547,0.7049570641359342,0.566235632183908,0.2535087486543418,0.7016533741812913,0.553448275862069,0.25368915158045163,0.701313205720735,0.5372413793103449,0.2528233934813097,0.6996338640197184,0.5641954022988506
stu_fte455_110,remediation_responder,train,351,0.6182336182336182,0.0,0.37037037037037035,100.88319088319088,1672.0,1523.854753484711,60.91265073982192,1552.1097912397304,0.2257045066781896,0.6430738397718253,0.6166173739596946,0.24674714324977784,0.7000651437313573,0.5745408900199463,0.24019655240832097,0.6740446167941168,0.5507428296306486,0.23899425812638134,0.6731731809093398,0.5554027099525415,0.24490714471690372,0.694239012138968,0.5767762569640278
stu_fte455_111,steady_improver,train,263,0.714828897338403,0.0,0.2623574144486692,89.98479087452472,1781.0,1541.1021144223039,60.260045504289856,1588.2605097497603,0.19870220356956597,0.5841406090626243,0.6181205673758865,0.20221346166891452,0.6031758629328365,0.6349290780141844,0.19556720752452805,0.5785951441146726,0.6190425531914894,0.1958925305119974,0.5779498938738477,0.5991489361702128,0.19811191104246942,0.585817887987733,0.6372695035460992
stu_fte455_112,fast_but_careless,test,254,0.5,0.023622047244094488,0.468503937007874,78.18503937007874,1329.0,1413.6583318538535,55.57140913520192,1410.9255580834508,0.2487408802748914,0.6924836266942682,0.5923491846983694,0.24732013746090964,0.6890347125460858,0.5893111786223573,0.2498260769576599,0.6936230174146956,0.5766631533263067,0.24783158180898526,0.6903410651533777,0.5873271746543494,0.24831053484217738,0.692103142664152,0.610763221526443
stu_fte455_113,slow_analytical,test,201,0.5373134328358209,0.0,0.44776119402985076,115.1592039800995,1469.0,1456.1404476226644,30.0,1472.6144425135099,0.24844541045900323,0.6894483417360561,0.5285244922341696,0.25848626233837857,0.7117336942061281,0.5357925129430505,0.25708901423038816,0.7085572837012205,0.5301174830744724,0.26131626512874323,0.7184496975065362,0.5156312226204699,0.25894728060258326,0.7128468894798726,0.5477399442453206
stu_fte455_114,volatile_practicer,test,227,0.5859030837004405,0.0,0.3964757709251101,97.75770925110132,1543.0,1480.0878411055332,46.43481036580597,1491.1185238564906,0.24516070462239758,0.6835065697310654,0.5558310670292753,0.2501605711362618,0.6970157228771661,0.5633498640217565,0.2512944603402004,0.6975295501180062,0.5454327307630779,0.2536280712471277,0.7026243700933001,0.5320748680211166,0.2494230194419857,0.6952791406506754,0.5713085906254999
stu_fte455_115,remediation_responder,train,315,0.6825396825396826,0.0,0.3111111111111111,94.86031746031746,1590.0,1599.720280856704,48.29513330811263,1612.6364855835861,0.20727895520739784,0.6035799383275227,0.6580232558139535,0.2017851591597761,0.5894972618592356,0.6591395348837209,0.20308687999031488,0.5925276587236761,0.6561395348837209,0.20634211994829565,0.6004972425388285,0.6308372093023256,0.20439872599811956,0.5956908834950878,0.655
stu_fte455_116,steady_improver,train,435,0.7195402298850575,0.0,0.26436781609195403,83.51494252873563,1715.0,1582.5070527742282,51.37596713134518,1584.3983298147377,0.19365141493826796,0.5717082375930405,0.6519928769706175,0.19388070804171148,0.578015743058,0.6265908971874509,0.19500541494312038,0.5793774256753653,0.630807102079296,0.19434653348359016,0.5766814868501748,0.6261718954590688,0.1955013328244807,0.576917844545851,0.6267480228355942
stu_fte455_117,fast_but_careless,train,211,0.5545023696682464,0.014218009478672985,0.43601895734597157,81.04265402843602,1508.0,1479.1707667031744,48.01416107003975,1455.3239388861848,0.23088723124012128,0.6529963663918501,0.6404346244771777,0.2338851842916861,0.6616101722794421,0.6359792689579924,0.23800624589738248,0.6679818853338046,0.6089288961629388,0.23726677858792106,0.6672754325986767,0.6112929623567921,0.23719174012414249,0.669881224976304,0.6360247317694127
stu_fte455_118,slow_analytical,test,285,0.6070175438596491,0.0,0.3719298245614035,106.02456140350877,1565.0,1460.9096322689136,38.10734788756916,1436.1969626981963,0.21870903809182604,0.6241367972493891,0.6565854665565648,0.22948391289312908,0.6459193120150771,0.6592691990090834,0.22473852724560342,0.6362501320244021,0.6612561932287366,0.22902431524928898,0.6456377251545021,0.6177745664739884,0.22671703910041865,0.6398165459214649,0.6644044178364987
stu_fte455_119,volatile_practicer,test,343,0.5830903790087464,0.0,0.40233236151603496,91.30029154518951,1355.0,1432.9453851862902,45.70167518476342,1396.5242002905495,0.22477128017128964,0.6403693406601555,0.635506993006993,0.23534673197525335,0.661735203358816,0.6439510489510489,0.23089058727829717,0.6532780909220127,0.6336363636363637,0.23064418098896394,0.6531125103757346,0.6122727272727273,0.2288953053393829,0.6480928567395061,0.6491608391608391
stu_fte455_120,remediation_responder,train,337,0.629080118694362,0.0,0.34421364985163205,98.20178041543026,1656.0,1462.8125060293996,56.709079718480226,1440.7190529355144,0.21563939471075805,0.6204908365384705,0.6421320754716981,0.23742022349674802,0.6765325547614879,0.624,0.2279303416739938,0.6475377552882919,0.606056603773585,0.22468286529764492,0.6410087447812166,0.6263773584905661,0.23604531408160814,0.6719224505371997,0.6406603773584906
stu_fte455_121,steady_improver,train,287,0.578397212543554,0.0,0.397212543554007,87.46689895470384,1323.0,1516.6648922628883,49.35502665275044,1494.2094796847812,0.2405190671399744,0.6747794382827362,0.5840137409140695,0.2787925343254636,0.7568851043752782,0.5714179030170268,0.2532403982513414,0.703601610874377,0.5782136811709648,0.24223864650135288,0.6782501254634272,0.5858309270138405,0.2726113365725646,0.7428378873172268,0.5786866474161108
stu_fte455_122,fast_but_careless,train,242,0.5950413223140496,0.04132231404958678,0.3884297520661157,78.6694214876033,1696.0,1551.3262909513944,53.61328050392967,1568.3712390591545,0.2278670405373631,0.6461644937774964,0.6330782312925171,0.2790577001815207,0.789690335985681,0.6226969954648526,0.24333223115203736,0.6833073844450995,0.5946357709750567,0.24108568575618008,0.6750276713989386,0.5728458049886621,0.28386737426949454,0.8074633035084869,0.6265589569160998
stu_fte455_123,slow_analytical,train,400,0.695,0.0,0.2925,101.74,1621.0,1553.8821146916712,59.27200935789425,1574.9136786206661,0.2066856377432248,0.6006758984753485,0.6266511381059087,0.21186276688863018,0.6158337990511302,0.5995547824035853,0.21435205505128316,0.6230995085237186,0.601869324212761,0.21257817082808303,0.6136129469933123,0.5909010496520816,0.22921445568012708,0.6500708016231769,0.6180121476589221
stu_fte455_124,volatile_practicer,train,227,0.5154185022026432,0.0,0.4669603524229075,97.54185022026432,1473.0,1397.2445641587317,41.467952654495726,1450.8275474805541,0.24817771329757654,0.6888050849269209,0.5944832944832945,0.2613761530324872,0.7178923648895909,0.5767288267288267,0.25119915497576617,0.6964067707985707,0.591996891996892,0.24924393281878873,0.692773655506951,0.5813519813519814,0.27109309543620347,0.741659091159252,0.5831390831390831
stu_fte455_125,remediation_responder,train,216,0.6666666666666666,0.0,0.3194444444444444,98.66666666666667,1611.0,1575.1101786149125,49.25634735821308,1621.4147680116346,0.21581994765248713,0.620280314020298,0.5903742283950617,0.21940821318857445,0.6302849500810542,0.5943287037037037,0.22176897975602494,0.6340286740837074,0.5825617283950617,0.22511111755143073,0.6433947562303445,0.5639467592592593,0.21991012919604958,0.6302931685583014,0.5867091049382716
stu_fte455_126,steady_improver,train,397,0.6347607052896725,0.0,0.345088161209068,87.95969773299748,1569.0,1525.359880775956,57.07177685798294,1520.2131292009367,0.21787932597419848,0.6245303955168435,0.6506978653530378,0.21634785479836502,0.620135216880398,0.6545019157088122,0.21856957665124924,0.6250821341099709,0.6404488232074439,0.22243591625819117,0.633716632709975,0.6193212917350849,0.21747912967773897,0.6231104719793029,0.6509031198686371
stu_fte455_127,fast_but_careless,train,357,0.6106442577030813,0.028011204481792718,0.3697478991596639,76.91316526610645,1676.0,1480.793415267233,57.796770609881165,1477.1652624822798,0.22512496796420897,0.6406813240833147,0.6388357204144941,0.24954330429201108,0.7061340798766276,0.6143323873011682,0.23110513499027274,0.6542978809675905,0.6127648340043561,0.2293362904345978,0.6497292987219175,0.6121708138076695,0.2491185478420834,0.7037091050714979,0.6244142300838228
stu_fte455_128,slow_analytical,train,353,0.56657223796034,0.0,0.4164305949008499,108.60056657223797,1352.0,1516.8161530272437,39.613678532290365,1510.251243602878,0.23167900550586876,0.6550676484642194,0.6076960784313725,0.25002819931143067,0.6936678951311526,0.6102287581699346,0.23692743518628373,0.6695751299637076,0.6178921568627451,0.2387576843071315,0.6718423695034117,0.6020261437908496,0.23833402094206832,0.6701528158266664,0.623218954248366
stu_fte455_129,volatile_practicer,train,358,0.5810055865921788,0.0,0.39664804469273746,95.07262569832402,1491.0,1346.1253815998227,50.37654870201153,1336.072245321835,0.2304966099577072,0.6519524103599323,0.6332211538461539,0.23630180032294487,0.6685109426140076,0.6291025641025642,0.22933814369690336,0.6500528905557756,0.6481410256410256,0.23352440342308148,0.6589098269765469,0.6169551282051282,0.23573345135576163,0.6672327662764037,0.6293589743589744
stu_fte455_130,remediation_responder,train,328,0.5823170731707317,0.0,0.39634146341463417,99.13414634146342,1490.0,1540.9527807284671,66.28157921379507,1487.4436285103916,0.235724753657671,0.664632328942926,0.5831199602552833,0.24249726713305342,0.6812892636832123,0.5736041579088165,0.24654172337721622,0.6880322727093966,0.5647762448886001,0.24720450695680402,0.689093246647648,0.5552795505789735,0.24100218965210182,0.6777198852731738,0.5820881262659074
stu_fte455_131,steady_improver,train,406,0.6945812807881774,0.0,0.29802955665024633,86.84482758620689,1746.0,1556.586958806916,55.033902138626665,1523.1690412775856,0.20337078265658395,0.5933583671581922,0.628631892015557,0.21138672517200763,0.6204205615272057,0.609800388927019,0.20725465550039476,0.6027864799733718,0.6007921528254404,0.20638152837454093,0.6013489256297975,0.6135609700297415,0.20287291972759997,0.591301545692096,0.6219543582704187
stu_fte455_132,fast_but_careless,train,198,0.5707070707070707,0.08585858585858586,0.398989898989899,67.85858585858585,1382.0,1440.0953154650738,57.08083781717225,1454.423677504996,0.2325403220989327,0.6563654819642717,0.6103071317022384,0.23429846138352908,0.660554791904423,0.5933368037480479,0.2475289792739654,0.6881856888732109,0.5711608537220197,0.2370384327560047,0.6696568852088337,0.603331598125976,0.2352254876857013,0.6637456029760598,0.6019781363872982
stu_fte455_133,slow_analytical,train,345,0.6521739130434783,0.0,0.3333333333333333,105.64637681159421,1563.0,1508.6164406070586,47.437855582245305,1522.7141428152036,0.21846117774148577,0.6268130925129063,0.6007592592592592,0.22259298763431623,0.6366011645670179,0.5993148148148149,0.22347211164434383,0.6384202189731725,0.5940185185185185,0.22279161878909953,0.6392161422932331,0.6005185185185186,0.22325760280511936,0.6368626459407466,0.6115925925925926
stu_fte455_134,volatile_practicer,train,367,0.5367847411444142,0.0,0.44959128065395093,95.5858310626703,1427.0,1378.1157067034949,55.41531345486078,1367.4359577302873,0.236586324450577,0.6646828164608294,0.6166318303971334,0.23928341513812226,0.6704682698718372,0.6336816960286653,0.23767988866447148,0.6674270873945372,0.6256345177664975,0.24233692105934632,0.6770344030741097,0.5935801731860256,0.24654996581003813,0.687375490096145,0.6324275903254702
stu_fte455_135,remediation_responder,train,205,0.5414634146341464,0.0,0.44390243902439025,97.5609756097561,1309.0,1296.557283054786,71.55682632696713,1319.2398734433748,0.2470290293527193,0.6883996305824885,0.5752827295380487,0.26453401107894875,0.7266233457907827,0.5313877707494729,0.27838897104961124,0.7626734142620665,0.49333908376461566,0.2569518757983046,0.7128437507055377,0.5548207782250335,0.264037374329406,0.7254432703476923,0.5457638489553384
stu_fte455_136,steady_improver,train,260,0.6269230769230769,0.0,0.3423076923076923,87.23846153846154,1392.0,1526.913358622232,54.950262127736124,1510.822576411181,0.2254567062688832,0.6417105162815188,0.611599519321991,0.2545564499092631,0.7029410949704122,0.597874897223452,0.23359910351183483,0.6594601866426726,0.5887989374486118,0.23295714186587738,0.6566766949014264,0.5698564290683701,0.2615095771959148,0.7183424267315898,0.6025235595471508
stu_fte455_137,fast_but_careless,train,411,0.5644768856447688,0.046228710462287104,0.4209245742092457,73.77615571776155,1525.0,1349.972240805774,46.752679974163314,1367.499223756689,0.24133618330457599,0.6759093375609274,0.5946590252359854,0.26513498343244746,0.7395344981242168,0.5782243305721441,0.25773209880898756,0.7176843252273091,0.5763581198227702,0.24612040969062057,0.6884338571547077,0.5871219418223849,0.2750774759116963,0.7716890861946197,0.5837868426122135
stu_fte455_138,slow_analytical,train,306,0.5980392156862745,0.0,0.38562091503267976,100.91176470588235,1379.0,1415.2852498536258,53.49746995501841,1434.1756773916616,0.22528483479872957,0.6401502869065165,0.630458927540095,0.2401000323991996,0.6731487699916118,0.6113776711537607,0.23716362666502175,0.6681612952667084,0.6157092718468168,0.23628591509018412,0.6642224117083535,0.6009596161535385,0.2422767711817165,0.6779755915558618,0.6090452707805767
stu_fte455_139,volatile_practicer,test,255,0.5686274509803921,0.0,0.40784313725490196,98.09019607843138,1523.0,1498.7149531226228,35.73598587285928,1499.6684218248413,0.23541550400017588,0.6630499678519933,0.6029780564263323,0.24264663035510617,0.6806616525350058,0.6023197492163009,0.24458654274545436,0.684197304179857,0.5936677115987461,0.2455346059762518,0.6868666668850383,0.5728526645768025,0.24445691906598901,0.6853288138926167,0.6156112852664577
stu_fte455_140,remediation_responder,train,385,0.638961038961039,0.0,0.34285714285714286,92.91428571428571,1486.0,1484.6945275754413,47.148933222002064,1494.0332245357806,0.21871405046782952,0.625656016215704,0.6099461893899515,0.22225678655288414,0.633302178743297,0.6173159033748611,0.22239280771287806,0.6336395403416357,0.6119494648183892,0.22688271585063025,0.6429115997610777,0.5817979762531438,0.22807025986727653,0.6457890319239249,0.6162923319880681
stu_fte455_141,steady_improver,train,309,0.7119741100323624,0.0,0.2783171521035599,83.62459546925567,1673.0,1613.4865731041584,43.67085161808723,1620.2579959812692,0.19551148936665155,0.5763761834594748,0.652093973442288,0.19009131574407337,0.5617335338179159,0.6554392236976506,0.19239377875280192,0.5669530212633742,0.6555669050051073,0.1944797385715661,0.5721818337039388,0.6479570990806945,0.1905441793844171,0.5629529075713774,0.6671859039836568
stu_fte455_142,fast_but_careless,train,268,0.5708955223880597,0.011194029850746268,0.417910447761194,78.68656716417911,1695.0,1457.7888749665324,51.84306347564313,1516.8540505670467,0.2557095960700372,0.7071723114800461,0.47956805910770106,0.30868520131374844,0.8783891106591469,0.501591361182154,0.2841170184346297,0.783513686851793,0.5017050298380221,0.2659426863344432,0.7318108416575846,0.4971298664393294,0.3112333536682947,0.8880225029357931,0.5069337880079569
stu_fte455_143,slow_analytical,train,234,0.6923076923076923,0.0,0.2948717948717949,105.75641025641026,1773.0,1498.5204496772842,52.837261124352736,1482.4410763529052,0.20312657612413226,0.5910389425398126,0.6225137174211248,0.21879567305869232,0.6482429811375513,0.6210562414266118,0.20914718100549662,0.6068732465726305,0.6035665294924554,0.2042266763497971,0.5946413627701015,0.6025377229080933,0.2146655091870009,0.6281209520337764,0.639446159122085
stu_fte455_144,volatile_practicer,train,403,0.6054590570719603,0.0,0.37220843672456577,93.151364764268,1647.0,1412.2574555883043,65.50359888484665,1454.9312708094317,0.22408532135122874,0.6375482258135026,0.6421796061449634,0.25733179048238347,0.7305336063735277,0.6516393442622951,0.2301124022106349,0.6538290966375455,0.620888751417672,0.23053368734897461,0.6532358012030088,0.6172285802660068,0.2540851532158349,0.7199984658149206,0.651742447675018
stu_fte455_145,remediation_responder,train,299,0.6254180602006689,0.0,0.3511705685618729,104.45150501672241,1794.0,1502.3858315022696,56.23430162474225,1485.815360846739,0.2279455815645468,0.6487349252968608,0.5739830022918259,0.2768893230381613,0.8090169809016861,0.5909807104660045,0.24427788999312866,0.6865222368909549,0.5326823911382735,0.23288421994562378,0.660497771393359,0.5613063407181055,0.2692198887523997,0.7755196894396632,0.5912671886936592
stu_fte455_146,steady_improver,train,262,0.6603053435114504,0.0,0.31679389312977096,92.85496183206106,1577.0,1553.731389869802,64.06276248074724,1549.1529534802698,0.23168444778940167,0.6550872680442991,0.5297135805676431,0.23314576571730386,0.6594434607222404,0.5290316295382217,0.24943946328449784,0.6935309683657594,0.5074040397480029,0.22983893077606557,0.6583781337826177,0.5491329479768786,0.23408501566220483,0.6612279396486522,0.5306228486068715
stu_fte455_147,fast_but_careless,test,280,0.5178571428571429,0.04642857142857143,0.4642857142857143,77.025,1318.0,1411.4657652253104,43.08515423750917,1385.2806696986136,0.23645733681422554,0.6650697711648808,0.6464112388250319,0.2409094487677052,0.6752614100223121,0.6166538952745849,0.2479616930483754,0.6899196144137681,0.580970625798212,0.24184000304136352,0.6782034994665578,0.6197701149425288,0.23912991504766634,0.671152601436457,0.6227841634738186
stu_fte455_148,slow_analytical,train,381,0.6587926509186351,0.0,0.32808398950131235,107.66141732283465,1697.0,1547.374009542001,59.80255029670009,1532.7648039750463,0.2193079079637644,0.627346863529057,0.5902850137909899,0.22674901578623247,0.6505108943636607,0.5974869751762182,0.2241038613714804,0.6393414781585219,0.5690468893656144,0.22426324455125926,0.6393556447557057,0.5646950658902851,0.2197602012009056,0.6294148581354608,0.5953263867606498
stu_fte455_149,volatile_practicer,train,260,0.5615384615384615,0.0,0.4269230769230769,93.11538461538461,1427.0,1420.4923394561238,59.85812638277893,1405.7394902465264,0.24817772432125162,0.6893247796716017,0.5292597933189137,0.24856776085985113,0.68930974147238,0.557858687815429,0.2527947710908045,0.698490560311778,0.5455419370343667,0.2507047270698583,0.6941370751420481,0.5368901706320596,0.24663700943765943,0.6852582163297289,0.5704758471521268
stu_fte455_150,remediation_responder,test,354,0.556497175141243,0.0,0.423728813559322,98.25706214689265,1466.0,1423.516669384684,42.64713280562839,1454.1849150654077,0.23014140692524687,0.6509834279987442,0.6514274628988975,0.235644552131774,0.6638941002444299,0.6434737624882796,0.23697908691572872,0.6659566736173005,0.6335154709172621,0.23706595893106142,0.6673539219527719,0.6210029422225096,0.237485721355669,0.6684458558253956,0.645252028840247
stu_fte455_151,steady_improver,train,397,0.672544080604534,0.0,0.30730478589420657,87.31738035264483,1769.0,1527.987214922595,49.10345812745728,1546.7783817129734,0.2053144216648858,0.5985499434954515,0.6635839815615097,0.22579207210847738,0.6573296256859619,0.6074186113511956,0.2240911763761125,0.6425553492631197,0.5695908959953904,0.2140865760900336,0.6195191771733161,0.6087870930567559,0.21586722134937417,0.625017200448,0.61355517142034
stu_fte455_152,fast_but_careless,train,202,0.5247524752475248,0.039603960396039604,0.4504950495049505,66.86138613861387,1254.0,1349.3909073132495,57.025204418190725,1362.656870228255,0.24306037629830568,0.6797514569845582,0.5958136792452831,0.24726096504083903,0.689318413930825,0.5936025943396226,0.24972287593966352,0.6962258107916002,0.6055424528301887,0.24589730963120915,0.6859870007430308,0.5985652515723271,0.2415504776911115,0.6765406650860964,0.6164504716981132
stu_fte455_153,slow_analytical,test,200,0.7,0.0,0.275,105.835,1699.0,1576.2834086992093,31.380310270520752,1587.4914730728904,0.20180924407112336,0.5893245666472147,0.6277380952380952,0.20448499021704733,0.6016170445731519,0.636547619047619,0.20021235131663567,0.5878728425929064,0.6442857142857142,0.20752665550388183,0.605809793818549,0.5973809523809523,0.20205788703128924,0.5942737361541228,0.6423809523809524
stu_fte455_154,volatile_practicer,train,426,0.6643192488262911,0.0,0.3192488262910798,89.13849765258216,1755.0,1501.3955761858092,52.591861237052235,1484.5172358697941,0.21285019118326767,0.6151910202354225,0.6254416961130742,0.23777352406920624,0.7035411346852961,0.6074649731893548,0.23034465573431515,0.656532391006075,0.5672984259556698,0.22274450302378748,0.6394911771972639,0.5927005856334479,0.23015770192873738,0.6718653543539422,0.6216610244878796
stu_fte455_155,remediation_responder,train,446,0.5919282511210763,0.0,0.3923766816143498,94.8542600896861,1425.0,1400.4258586027508,46.26938102498295,1383.4849682078247,0.22411300445611196,0.6388220612244727,0.6432213619713619,0.22947586658824518,0.6505803595668915,0.6498189310689311,0.22919334587784781,0.650590798210253,0.6320034132534132,0.22960503114492314,0.6510984939013982,0.633512321012321,0.2317311149564152,0.6553703184742923,0.6552614052614053
stu_fte455_156,steady_improver,train,338,0.6183431952662722,0.0,0.3757396449704142,85.97041420118343,1489.0,1507.947384186958,55.90263502914439,1509.2147174900394,0.22768516657044355,0.6463483696729769,0.6002744705315085,0.23606108438046017,0.6638071932537415,0.6085085864767628,0.2331255344984038,0.6579661714197188,0.594896331738437,0.233650508053792,0.6580143832939352,0.5743110418753014,0.23713222821377639,0.6661231173648042,0.6109380215867364
stu_fte455_157,fast_but_careless,train,339,0.5722713864306784,0.029498525073746312,0.41002949852507375,73.77581120943952,1583.0,1418.9076468642897,56.65824381451483,1412.936190123393,0.24018067675100888,0.673800801082405,0.6133131887664415,0.27242303165271786,0.7632913410561578,0.5945254177035194,0.2503845428776778,0.7011504871291369,0.5734980447920369,0.24431573924607422,0.6856117184838222,0.5735158194098827,0.27581149345707695,0.7735002704650203,0.5959118378954853
stu_fte455_158,slow_analytical,test,247,0.6234817813765182,0.0,0.3481781376518219,109.10121457489879,1591.0,1546.3568218967612,49.73708473125149,1523.763020623987,0.21390772246561113,0.6172975955469178,0.6772447982125401,0.2152161374996573,0.6217332558459121,0.6711353162966066,0.21745462392205725,0.624776778584045,0.6629660661918726,0.2218502771822157,0.6354029015148094,0.6310571149280827,0.21523971845464823,0.6218349057049042,0.6612204999301774
stu_fte455_159,volatile_practicer,train,340,0.5176470588235295,0.0,0.46176470588235297,95.74411764705883,1300.0,1217.4141940608388,67.44046719354631,1277.506853364954,0.23381653401262015,0.6595240249210526,0.647450110864745,0.23761875719752476,0.6672364170622578,0.6300582039911308,0.2395494190120368,0.6716582987762939,0.6191103104212861,0.24255596783844816,0.6785060283160963,0.6008522727272727,0.2387958740406726,0.6700410435043729,0.6225055432372506
stu_fte455_160,remediation_responder,train,202,0.5594059405940595,0.0,0.4207920792079208,98.89603960396039,1407.0,1472.281451711032,54.74017226458436,1483.1075889403935,0.22796613887680117,0.6475012482706596,0.6395048225116834,0.23432024010835295,0.660904120190387,0.6488018295714427,0.23233326274091912,0.6563389138074639,0.6454210997315303,0.23469543469793686,0.6622459670257284,0.6269265188425972,0.23099845922074252,0.654010096288303,0.657850253554738
stu_fte455_161,steady_improver,train,354,0.692090395480226,0.0,0.2994350282485876,89.42655367231639,1733.0,1586.1140193977976,67.17780206795001,1591.448053865295,0.20799927432587628,0.6051513026359728,0.6223553641640143,0.2036524757775831,0.5973327360862594,0.6384572177494852,0.20985613032030026,0.6094129387131875,0.6052611870436247,0.2075297011647772,0.6047525945298451,0.6135555139486988,0.2034924088018092,0.5941813483132194,0.6252761655120764
stu_fte455_162,fast_but_careless,train,355,0.5492957746478874,0.04507042253521127,0.4394366197183099,71.70140845070422,1319.0,1419.2051077456185,53.16158514269837,1455.769042194756,0.24193501542532178,0.6769407151668693,0.5924038461538461,0.24340284687124042,0.6811612299557418,0.6111057692307692,0.24507486349111526,0.6850628179046699,0.5967147435897436,0.24501577423485563,0.6850690465200345,0.595224358974359,0.23840623025066915,0.670248975233963,0.6155288461538462
stu_fte455_163,slow_analytical,train,422,0.590047393364929,0.0,0.3862559241706161,104.1303317535545,1366.0,1454.3776165737024,33.808102252604755,1482.964459983886,0.22800522626485667,0.64623008284575,0.611521229426376,0.24830829403533605,0.6900789918572092,0.611683729136198,0.234711743110007,0.6616504906252783,0.6075051651693479,0.24048677885686137,0.6740955309780278,0.5739257608468556,0.2547553848814959,0.7040211731453682,0.6130301553032941
stu_fte455_164,volatile_practicer,test,341,0.6217008797653959,0.0,0.35777126099706746,95.96774193548387,1750.0,1480.9166802810107,85.24395875424347,1517.8810993119496,0.23282600700724687,0.6574924870337225,0.5618509580225245,0.26489414501820874,0.7604418952505652,0.5772085710106772,0.24211585620231055,0.6831279641419591,0.5504972941348545,0.24012555898293994,0.6751509501908021,0.5442811174491736,0.26614446083507737,0.7635175480526449,0.57792160304227
stu_fte455_165,remediation_responder,train,241,0.6804979253112033,0.0,0.3112033195020747,100.90871369294605,1753.0,1596.2723159218808,54.82876591529032,1594.3303617884155,0.20928009893640148,0.6059194443984899,0.6206445993031359,0.22983127550527416,0.6726972201979656,0.6078159645232816,0.22512094581321626,0.6467103342203282,0.5608964206525182,0.21935243737135696,0.6316680613656596,0.5602629078238834,0.22237206117328615,0.646810093240872,0.6086870446626544
stu_fte455_166,steady_improver,test,329,0.6778115501519757,0.0,0.2978723404255319,89.78419452887537,1635.0,1620.9362078336594,44.9726357875584,1615.8971718449538,0.21156014222341335,0.6119647758326705,0.644111176918521,0.20512682605956964,0.5962245621945177,0.646607157965987,0.20578756258334008,0.5981492387748418,0.6429477959218208,0.21040074215528604,0.6082661940157653,0.608046366020814,0.21204928894074654,0.6123081063562058,0.6389499957695236
stu_fte455_167,fast_but_careless,train,234,0.5641025641025641,0.03418803418803419,0.405982905982906,74.50854700854701,1431.0,1442.8879220306917,40.448287973588066,1464.5883327706388,0.22637509486691126,0.6435998782989653,0.6693775995246584,0.23079863337066256,0.654887960195915,0.6454991087344029,0.2300489834061818,0.6531396826351977,0.6470588235294118,0.23695460272932203,0.6680514008251672,0.6174242424242424,0.23212701074143408,0.6587154673203551,0.6533348187759952
stu_fte455_168,slow_analytical,test,407,0.6855036855036855,0.0,0.29975429975429974,104.62162162162163,1786.0,1637.2489928597133,57.007974659718236,1647.3249695334875,0.20335313657852172,0.5934075447496271,0.652581765232975,0.21557920636345002,0.6305187203712127,0.6430471550179212,0.20934952382759642,0.6080906687416885,0.6103550627240143,0.208701087177324,0.6051126801949233,0.6066028225806451,0.21130409285934929,0.6167322702030413,0.6313704077060932
stu_fte455_169,volatile_practicer,train,199,0.5175879396984925,0.0,0.4723618090452261,97.03517587939699,1439.0,1405.5816275777734,30.0,1399.849417617818,0.23214797516882704,0.6571830635883299,0.674656148867314,0.23766777974011585,0.6715575293356272,0.660548139158576,0.2335402796576641,0.6613268541357672,0.6501820388349514,0.24047980396023647,0.6755194948532618,0.61792071197411,0.24309998600734992,0.6835663531466064,0.6545307443365695
stu_fte455_170,remediation_responder,train,389,0.5912596401028277,0.0,0.38817480719794345,99.1491002570694,1491.0,1527.8145256000396,57.872170821871556,1512.107468647561,0.23126647832842334,0.6532567030574054,0.6133169264424392,0.23310475169921552,0.6567217720582724,0.6243368881596938,0.23660385975398399,0.6647440939457113,0.6125786163522012,0.2386815324869122,0.6692315251431902,0.5957615531856714,0.23279570309613767,0.6559048506199228,0.6245966639321848
stu_fte455_171,steady_improver,test,349,0.7134670487106017,0.0,0.2836676217765043,85.25214899713467,1822.0,1669.6419947155334,72.64994732419689,1666.5759590061346,0.20031928097381582,0.5868547453390355,0.6064457831325302,0.21983670524194537,0.6624342148296367,0.5788955823293173,0.20532747594369027,0.6038731255142754,0.6136345381526105,0.20234325240686665,0.5950767418097285,0.6105622489959839,0.2127026123148047,0.6336781200037476,0.561566265060241
stu_fte455_172,fast_but_careless,train,209,0.5980861244019139,0.04784688995215311,0.3923444976076555,70.66985645933015,1430.0,1430.0764570253298,49.854922438464605,1372.6726692755133,0.23752232895124228,0.6683713358202525,0.5691428571428572,0.2437496949835225,0.6830806070736428,0.5814761904761905,0.25356180805717987,0.7082801180718112,0.548047619047619,0.2486986774255442,0.696437834217507,0.5521904761904762,0.24356787594682472,0.6823520459033069,0.5725714285714286
stu_fte455_173,slow_analytical,train,346,0.661849710982659,0.0,0.315028901734104,108.51445086705202,1729.0,1501.3418843857244,57.47084858038222,1484.0080831163268,0.21297361086990813,0.6144985062012762,0.6365841824357108,0.22680133218581675,0.6551747730847691,0.6452804837084313,0.21621682468379094,0.6225664275559296,0.6258537677751651,0.21941398786666189,0.62977675430554,0.6095248759004217,0.2204152504829769,0.6342704373096153,0.6477251520919644
stu_fte455_174,volatile_practicer,test,228,0.5833333333333334,0.0,0.3991228070175439,91.4342105263158,1490.0,1479.9507735933228,54.98891703294131,1504.0918212117358,0.2305973609257111,0.6515554473472753,0.626790660862683,0.23613520675736285,0.6657269403079724,0.6340324495449149,0.23296962576457328,0.6587789850204727,0.6275029679461812,0.23748984012676827,0.6680445439826943,0.6090225563909775,0.23583272042527526,0.6648307132374494,0.6403640680648991
stu_fte455_175,remediation_responder,train,314,0.6401273885350318,0.0,0.3375796178343949,100.69745222929936,1736.0,1541.2828064107575,45.68264927934452,1543.5848369240605,0.22039737281249253,0.6332367256917132,0.6206577730814952,0.24410921126526192,0.7071987916718504,0.6010434552899221,0.24183397556013533,0.6829316105586577,0.5530753313080614,0.22787908955795477,0.6521075426374101,0.5784792849909743,0.24613102717615765,0.7115953031025518,0.6023202571214723
stu_fte455_176,steady_improver,train,309,0.6731391585760518,0.0,0.313915857605178,81.22977346278317,1544.0,1609.3788316722605,52.45734015957771,1598.4286928019417,0.21265247873744414,0.6146030999248001,0.636162414318355,0.20917987653531256,0.6078634329787601,0.6497762757044935,0.20705263306338592,0.6036888173158865,0.6541793602437167,0.2061660358101752,0.6020271182251541,0.648038842345773,0.21612202359825067,0.621758799909721,0.6303789032749428
stu_fte455_177,fast_but_careless,train,340,0.5647058823529412,0.03529411764705882,0.42058823529411765,77.61176470588235,1628.0,1475.2536051201068,49.70246386209837,1465.2847960934016,0.23521659178822218,0.6610349813853937,0.6429476351351351,0.28115845896641584,0.7766651605900814,0.6475401182432432,0.24417445268135826,0.6832472833134284,0.5940491272522522,0.23555242969128146,0.6621446881901293,0.6242961711711712,0.2921856119076307,0.8135869215982554,0.6558101069819819
stu_fte455_178,slow_analytical,test,459,0.6209150326797386,0.0,0.3616557734204793,103.73202614379085,1642.0,1488.0491725090183,42.41781320718779,1445.056714236764,0.22029679236588473,0.6302311365251931,0.6526114135914499,0.23923971954258547,0.6803084865918445,0.6407239362774753,0.22417692983799262,0.6392952124710052,0.6321939907239362,0.22881585490028528,0.649065385830506,0.6082677959265981,0.23322396791750233,0.6626426632512019,0.6404416212946159
stu_fte455_179,volatile_practicer,test,411,0.5766423357664233,0.0,0.41362530413625304,87.32116788321167,1466.0,1450.4548561565093,49.06131381702564,1423.659889417792,0.23278917585764802,0.6567301085668584,0.6263276589553325,0.23409619033839285,0.6600278667871495,0.6177433435181143,0.23481858860555932,0.6621018557439414,0.6168339880692565,0.23991522242705027,0.6737409547322851,0.5959066880062078,0.23744701516569688,0.6673862665252684,0.6137906785004122
stu_fte455_180,remediation_responder,train,213,0.6431924882629108,0.0,0.3380281690140845,100.71830985915493,1617.0,1539.3408556992915,30.0,1592.5880950065757,0.2137037669229261,0.6156235720741674,0.6395985401459854,0.21943008458539226,0.6292158020575305,0.6424318094506339,0.21486046733599115,0.6184100493491899,0.6265847099500577,0.2196364974323601,0.6282745488678608,0.6055512869765655,0.2161116698625254,0.6212468450913292,0.6345082597003457
stu_fte455_181,steady_improver,train,201,0.7014925373134329,0.0,0.2736318407960199,75.92537313432835,1424.0,1424.0109055799924,65.56415181521884,1422.6381241631916,0.21258136533158528,0.6154170598336589,0.5687352245862884,0.23763595912630156,0.6673970867572661,0.5441489361702128,0.2201876206423227,0.6359340520796114,0.541903073286052,0.21104286196056266,0.6172404694710708,0.5674940898345153,0.2561017337445357,0.7053346675057073,0.5682624113475178
stu_fte455_182,fast_but_careless,train,311,0.5916398713826366,0.00964630225080386,0.3987138263665595,76.68810289389067,1695.0,1547.0244318781633,64.72158600546874,1538.8628214390083,0.23684635346344884,0.6663779918460894,0.5993452584731257,0.28390683227373353,0.8031889710807013,0.5991312906538857,0.24731133503751326,0.6888275133592497,0.5519727832933927,0.24538961835917938,0.6849834335929889,0.5527216706607326,0.29408870052679503,0.8441268596845984,0.5992596713454297
stu_fte455_183,slow_analytical,train,355,0.5802816901408451,0.0,0.4,104.59718309859154,1408.0,1578.7694338986726,54.065579115225454,1593.5078329967346,0.23301108316510008,0.6571058249503794,0.6074802893073565,0.2478637176323895,0.6890867575171544,0.5867270476314589,0.24084451433299797,0.6732790647991732,0.5981625073304229,0.24270955942420075,0.676951028803719,0.5850003257965726,0.24733983806929988,0.6876894883096141,0.5828989379031733
stu_fte455_184,volatile_practicer,train,283,0.6537102473498233,0.0,0.33568904593639576,94.01766784452296,1672.0,1532.8925552103976,58.3081654142449,1507.323975279022,0.21975208544715183,0.6309949236977834,0.5915609487038058,0.2377282842803209,0.6887173876074391,0.5812465526751242,0.24141067828973903,0.6842034048838183,0.5472697186982901,0.23407590614458243,0.6637345307055772,0.5637065637065637,0.23243782133210206,0.6692354355408814,0.5919746276889134
stu_fte455_185,remediation_responder,train,336,0.6071428571428571,0.0,0.37797619047619047,98.25892857142857,1629.0,1486.5287867252916,30.0,1519.3144060770799,0.23101082830368128,0.6529372163814031,0.60299688057041,0.24515718351952556,0.6896717193253972,0.6203394236482471,0.2342620659847555,0.6599116558633384,0.5970365418894831,0.23726405500627262,0.6669572866182777,0.5754604872251932,0.24477526892028553,0.6887092212673974,0.6137292038027332
stu_fte455_186,steady_improver,train,416,0.6201923076923077,0.002403846153846154,0.36538461538461536,86.35817307692308,1469.0,1496.7817913320578,50.57175641262305,1544.4518476614282,0.229990090124552,0.6511000090404628,0.5960038269060937,0.23769004184233916,0.6691552816595655,0.6080487685212442,0.23654936327951578,0.6662760365674365,0.5898954960259052,0.23575962666344383,0.6662696866529958,0.5872583652242175,0.23935976205696138,0.6729248007724515,0.6233195957217152
stu_fte455_187,fast_but_careless,train,378,0.6005291005291006,0.026455026455026454,0.3835978835978836,76.10846560846561,1694.0,1495.9606916670318,48.0281333881952,1498.8015706492363,0.23510047355777072,0.6626948602998856,0.5863406949266272,0.29133228680158085,0.8374392328349775,0.5455845027277766,0.2458876468092998,0.6865448540417002,0.5464451381392771,0.24858997348105977,0.6930758305788128,0.5372698894302301,0.2958383583947142,0.8557788180962508,0.5513755579543134
stu_fte455_188,slow_analytical,test,300,0.5933333333333334,0.0,0.39,105.95333333333333,1521.0,1528.9175126351613,51.546300207031656,1548.2963351861704,0.2350340982824314,0.6613585310801143,0.5715371154908823,0.24289401728131962,0.6803107314783062,0.5731948793516302,0.24682124997058733,0.6866402787833453,0.5759578191195432,0.24351607557264388,0.6802515982078827,0.574829618714312,0.2447682975023738,0.6863985948287753,0.577247191011236
stu_fte455_189,volatile_practicer,train,319,0.5611285266457681,0.0,0.4169278996865204,95.85266457680251,1656.0,1444.6885844022606,42.059118663512905,1439.2192895701955,0.2376622668464697,0.6658382746831718,0.6311252992817239,0.28896535445749255,0.8081398505646243,0.6155626496408619,0.2461754710179738,0.6908580401503343,0.6049481245011972,0.24493947395401283,0.6863653538711184,0.5983240223463687,0.2961197517452606,0.8314034409237374,0.6114724660814046
stu_fte455_190,remediation_responder,train,433,0.6466512702078522,0.0,0.3279445727482679,94.73441108545035,1498.0,1563.9991319731625,50.655657543574186,1565.5354735774856,0.22490597954366198,0.6407168343809299,0.5906279178338002,0.2338236860923589,0.6581422748130201,0.5935224089635854,0.23559508144700964,0.6632991323187387,0.57375116713352,0.22976920525048888,0.6507584753061756,0.5735294117647058,0.24884442746836122,0.6912544975150181,0.5819911297852475
stu_fte455_191,steady_improver,train,477,0.6561844863731656,0.0,0.3165618448637317,82.94758909853249,1481.0,1510.5694293952718,48.90133825496787,1493.1868197403803,0.22065591360184428,0.6309052577779005,0.6050903919582327,0.23471923922639457,0.6614850538756131,0.6011454842982935,0.2257103937224587,0.6432034178222613,0.5928465674433102,0.2250761334471016,0.6428801452832417,0.5829696875243513,0.2631381455816506,0.7231987032505962,0.6111100288319177
stu_fte455_192,fast_but_careless,train,249,0.5863453815261044,0.028112449799196786,0.40963855421686746,77.71887550200803,1525.0,1563.00275584617,69.5205342106785,1519.216974590789,0.24035806003796473,0.6724978823256685,0.567296183003059,0.2525956706892329,0.7049099429990702,0.5614110919005186,0.26612590149981247,0.7310146419450568,0.5120361750232744,0.2541099567451868,0.7048680049087879,0.5244713392738396,0.25501426478732386,0.7126734230960869,0.5663984572416545
stu_fte455_193,slow_analytical,train,219,0.5707762557077626,0.0,0.410958904109589,107.57534246575342,1368.0,1439.167347916879,51.43419223535807,1422.5783210696457,0.23047845498675448,0.6530266548115831,0.6358723404255319,0.24584750527622912,0.6878442115121414,0.6254042553191489,0.23956897942191366,0.6744629885505575,0.6191914893617021,0.24321346007921488,0.6814117604106384,0.5977872340425532,0.24786519289105008,0.6923973037827739,0.6279574468085106
stu_fte455_194,volatile_practicer,train,382,0.5706806282722513,0.0,0.4162303664921466,85.28534031413612,1372.0,1379.5588737100286,42.88915581842906,1329.0790789068196,0.23223451550546412,0.655271627125262,0.6496419780711569,0.22676083880878062,0.6450141155657206,0.6574317520698143,0.22807723757058837,0.6472283781169609,0.6550262922353994,0.23017863192849244,0.6525037666797501,0.6471526068471694,0.22611010977082618,0.6426767734214938,0.6529145222644887
stu_fte455_195,remediation_responder,test,404,0.6163366336633663,0.0,0.36633663366336633,99.43811881188118,1749.0,1630.931778963833,66.47356761657186,1592.2176864796172,0.22744074408027326,0.6465709120078391,0.6000518201839616,0.26579251751790295,0.7592346686211717,0.6127477652545666,0.2358657767328325,0.665759201823242,0.577147298872911,0.24040898776579617,0.6760303422069431,0.5616530638683768,0.2715600614258367,0.7783034400138256,0.6005959321155591
stu_fte455_196,steady_improver,train,372,0.7096774193548387,0.002688172043010753,0.271505376344086,82.6747311827957,1756.0,1676.987750985503,50.76423119171959,1654.7074113977658,0.19569888444804137,0.5759225815208933,0.6513397867564534,0.1951786209833398,0.5790835692247976,0.6786265432098766,0.1993716689738245,0.5853119636017814,0.6392746913580247,0.19589227293272773,0.579435275348352,0.6443251964085297,0.19591909352547485,0.5770519776764733,0.6401164421997755
stu_fte455_197,fast_but_careless,train,212,0.589622641509434,0.02830188679245283,0.3867924528301887,70.19339622641509,1477.0,1472.2637957512636,50.00690398448947,1437.1682772600411,0.2440364663324313,0.6852507671585467,0.5828965517241379,0.24596616732709586,0.6973958245436609,0.5890114942528736,0.2472335145872141,0.6928450239539494,0.5710804597701149,0.24969699708758408,0.6999587458263526,0.5633103448275862,0.24519509789284488,0.6962719031931234,0.5897471264367816
stu_fte455_198,slow_analytical,train,391,0.6675191815856778,0.0,0.29923273657289,104.05626598465473,1695.0,1494.1979658741484,61.9705568740379,1478.9174416830438,0.21542587772251592,0.6199878302756073,0.5943854995579133,0.2278213585157115,0.6593739692452293,0.5930592396109637,0.21568881259746459,0.621720403455468,0.60929855585028,0.2195936892261989,0.6313000254975744,0.5834954317712938,0.2180018326270385,0.6288229313693792,0.6049218980253463
stu_fte455_199,volatile_practicer,train,244,0.5983606557377049,0.0,0.38524590163934425,100.49180327868852,1628.0,1494.7112636738711,50.49002074074606,1517.9418727561842,0.234036886399369,0.6600488054340032,0.5782079955269779,0.26165892274896274,0.7372023542175609,0.5372868325412357,0.24726759049962463,0.6916599855425157,0.5517542633491753,0.2529924663932516,0.7037706412102901,0.5438915292144255,0.2579778398820295,0.7254253216654335,0.5454990215264188
stu_fte455_200,remediation_responder,train,402,0.681592039800995,0.0,0.2935323383084577,95.85572139303483,1845.0,1559.9484589616375,55.649217485028444,1527.037302888748,0.20558640996042277,0.5963629164000515,0.6131814552919708,0.24333896293469195,0.724436397104188,0.6251710766423357,0.21352554660204157,0.6187706791645636,0.6099737682481752,0.21210291772694861,0.6121657546603974,0.6105440237226277,0.23337258690098592,0.6818479927587052,0.6261832801094891
stu_fte455_201,steady_improver,train,444,0.7252252252252253,0.0,0.26576576576576577,79.76351351351352,1662.0,1585.6808485413048,39.35273151539294,1595.7733798025563,0.1963489309331155,0.5770705660583428,0.6396370023419203,0.19614008839500927,0.5747121300683169,0.627863761327767,0.19419329173373884,0.5701615246478321,0.6377532837796558,0.19826190498483146,0.5804942502636622,0.6062264535179717,0.21301540829273238,0.6136791403840473,0.6344058649831993
stu_fte455_202,fast_but_careless,test,373,0.5603217158176944,0.03753351206434316,0.4128686327077748,75.79356568364611,1508.0,1459.1090346910946,35.69996711158915,1471.5512783490572,0.23661903008162424,0.6649941146206206,0.6013828918193488,0.25129541172943776,0.7001710988615115,0.5983632862644416,0.24223451638124044,0.6773873748819739,0.5879770101528766,0.24784747786833297,0.6906661536927033,0.576467499124752,0.2582224485056513,0.7191565879123304,0.6057007818882016
stu_fte455_203,slow_analytical,test,400,0.7225,0.0,0.26,102.5425,1936.0,1540.4703901524847,53.64219701095628,1513.1964170681867,0.18462282438192829,0.5518908095112439,0.6763614825898563,0.21653211703872352,0.6807157324151794,0.6579382150316406,0.19455082570854884,0.5738513769858856,0.6377536706256429,0.18734265829719018,0.558899751651906,0.6549144300009352,0.20319189193594106,0.6082210205717555,0.6875837775491754
stu_fte455_204,volatile_practicer,test,296,0.5675675675675675,0.0,0.41216216216216217,99.08783783783784,1651.0,1445.0655051834954,41.14100243375169,1341.7056947472995,0.24555515200039216,0.686486216458544,0.5651506696428571,0.29050926853012926,0.8143429927399624,0.5639183407738095,0.2598813547717203,0.7192654052611744,0.5189499627976191,0.2535368962238218,0.7065516379318764,0.5473400297619048,0.29485775138298714,0.8305789325625135,0.5711263020833334
stu_fte455_205,remediation_responder,train,199,0.542713567839196,0.0,0.457286432160804,98.90954773869346,1377.0,1437.5520265871855,32.87814952155233,1447.7096468428504,0.22582266914970844,0.64191620957084,0.6842185592185592,0.22209827697548443,0.6341933894169169,0.6791310541310541,0.22190429355564426,0.633678149202542,0.6722120472120472,0.22878759441951044,0.6487838697437834,0.641941391941392,0.22137277909645325,0.6326108088841803,0.678011803011803
stu_fte455_206,steady_improver,test,385,0.6,0.0025974025974025974,0.37922077922077924,85.30389610389611,1468.0,1495.169331270015,57.93203626678107,1459.6528206561682,0.22510997024607743,0.6403762827774239,0.6189913982121774,0.22854157930619937,0.6476185258981326,0.6341288581548322,0.23104102859340644,0.6526690442466015,0.6319221903637489,0.2298843632774377,0.6501743794909761,0.6275931860347445,0.22802677174486854,0.6466995421657651,0.6439675043571147
stu_fte455_207,fast_but_careless,test,243,0.5596707818930041,0.0411522633744856,0.4156378600823045,77.70781893004116,1548.0,1518.7098684243608,46.98981022946882,1482.130779518959,0.2358334515003281,0.6650964124988977,0.6081981858163826,0.25730612064045644,0.7197679396344145,0.6045217152281473,0.24223398317553585,0.6793440316912375,0.6012231995601979,0.2412556396483309,0.6779674785128017,0.5969626168224299,0.26105505049607625,0.7329315941334386,0.6184716877405168
stu_fte455_208,slow_analytical,train,196,0.5816326530612245,0.0,0.4030612244897959,111.24489795918367,1664.0,1566.8962879533165,62.765338662260916,1577.435897241472,0.2206883675387806,0.6313046863905353,0.6896662387676509,0.2607162353880852,0.7260909329887879,0.667255027813436,0.23204856211706984,0.6570243724766457,0.6386392811296534,0.23165257123508215,0.6552728699924438,0.6308301240907146,0.2653214625417351,0.7393150797627636,0.6681108258451005
stu_fte455_209,volatile_practicer,train,283,0.5901060070671378,0.0,0.4028268551236749,96.6113074204947,1509.0,1469.800957390812,30.0,1533.2438702850548,0.23549218652475887,0.6636208714890887,0.5713658889118315,0.23563268090246106,0.662617304138027,0.5844517860830064,0.23501459553308282,0.6611182677372772,0.5874457980590543,0.24037419936717008,0.6726735263381957,0.557144332025604,0.2356907412081862,0.6628091047066571,0.5868005368573198
stu_fte455_210,remediation_responder,test,415,0.6650602409638554,0.0,0.3204819277108434,97.50843373493976,1794.0,1663.6904605516957,53.939767425675186,1628.656735149332,0.21441004215583082,0.6184472834498005,0.6297700969659056,0.24265670976581133,0.7109525417896726,0.6283234282139506,0.2214813361653959,0.6355128575319854,0.5750052132207277,0.22236724965063398,0.6378999095907095,0.5713168595558336,0.24123640284815775,0.7041206389600587,0.6077312063392764
stu_fte455_211,steady_improver,train,317,0.6813880126182965,0.0,0.30914826498422715,86.06624605678233,1489.0,1605.7900866887921,45.920554402390565,1597.6066304822828,0.2099420562015774,0.6072327625402218,0.6668958562522919,0.22652138951147707,0.6430586241921332,0.6671479647964796,0.20635872801297284,0.5981472240936158,0.6429913824715805,0.20550554584625289,0.594035410761763,0.6514026402640264,0.23322951520524565,0.6582525686595007,0.6742528419508618
stu_fte455_212,fast_but_careless,train,258,0.5581395348837209,0.023255813953488372,0.42248062015503873,74.74418604651163,1556.0,1467.7934416679223,41.009488097079796,1483.8148495380287,0.2419867507157435,0.6768845045067433,0.5956079434697856,0.2562735450339888,0.7112581201284323,0.6199134990253411,0.2432958842125402,0.6790222777173874,0.5839729532163743,0.24513558378099265,0.6824889048656104,0.570114522417154,0.2651360212551391,0.7354320834065043,0.6245735867446394
stu_fte455_213,slow_analytical,train,310,0.635483870967742,0.0,0.34838709677419355,107.22258064516129,1672.0,1540.1214719460559,40.30691376676338,1573.4784088373751,0.2110462748113741,0.6083142598218221,0.6771708368896276,0.2339681171411327,0.6608481402449716,0.6510489196352365,0.2244891257449051,0.6371974553112992,0.6337990207088631,0.22416385312998177,0.6355077725853959,0.6195588697722474,0.234597641474128,0.6626907849621665,0.6510713804411302
stu_fte455_214,volatile_practicer,test,274,0.6167883211678832,0.0,0.3686131386861314,98.48175182481752,1701.0,1520.744173142566,34.467038215272616,1509.4016548090854,0.23217467261145608,0.6569918756295208,0.5599323753169907,0.25906676950225,0.7349777742299518,0.5706959706959707,0.23676798837520152,0.6683416763426631,0.5523527754296985,0.24116021623506995,0.6767604919229235,0.5241476472245703,0.25843469168661937,0.7325598455131915,0.5768103691180614
stu_fte455_215,remediation_responder,train,286,0.5979020979020979,0.0,0.38461538461538464,103.04545454545455,1579.0,1476.9452243987898,50.05055591180042,1415.3975472168272,0.2354444897385487,0.6653526827935959,0.5756165776760742,0.23719471186485244,0.6777235272518138,0.6041189931350115,0.24132595414232752,0.6861132456486609,0.5947876938723621,0.23502115187129052,0.666489782059017,0.5889143147724384,0.2361533452752287,0.6739997228370321,0.6005847953216374
stu_fte455_216,steady_improver,train,361,0.6952908587257618,0.0,0.2853185595567867,86.4016620498615,1867.0,1533.2986824207205,76.72140862552236,1546.2677325196858,0.20464562625977867,0.5961176648102239,0.6121151756609924,0.23644310829133985,0.7192544909059778,0.5995110467222021,0.22757755119151288,0.6502293184944675,0.5333212604128938,0.21305348435499735,0.6179610005624234,0.5524447663889895,0.22983510002342594,0.6816416634192148,0.6051430641072075
stu_fte455_217,fast_but_careless,train,414,0.5410628019323671,0.04589371980676329,0.4468599033816425,67.27294685990339,1278.0,1379.5504561536734,47.67570385143252,1393.0015195401827,0.24070627256497,0.6746686019232188,0.6031132518796992,0.2450151416552232,0.6853870448288422,0.6130991541353383,0.24176568613659075,0.6765380040112747,0.6017974624060151,0.2452049014827265,0.6833504130999221,0.5832236842105263,0.2400128278660511,0.6734125310181721,0.6163063909774437
stu_fte455_218,slow_analytical,train,363,0.6418732782369146,0.0,0.3278236914600551,105.94490358126721,1577.0,1479.157967194105,58.757941994015354,1448.8634810686997,0.21444776900679902,0.6183197653278333,0.6519148233740508,0.22037647332667934,0.6332420905606281,0.6211290855067679,0.22176144179740137,0.6383374914526001,0.6255694948827996,0.2221282001790233,0.6381859791031618,0.624496533509409,0.21896534024961306,0.6297392140885707,0.6370254209310003
stu_fte455_219,volatile_practicer,train,331,0.6465256797583081,0.0,0.3293051359516616,96.48942598187311,1711.0,1472.5457041604404,47.75138354461328,1417.5728639915264,0.21902902366105617,0.6289040820442118,0.614046649093378,0.2462547362752555,0.7173685102267919,0.5888649253135234,0.22500038056493787,0.6438656793609285,0.5906422238197939,0.22983666130501804,0.656068401038199,0.5617062065660197,0.2416014950785419,0.6994676625915682,0.5946561226935059
stu_fte455_220,remediation_responder,test,327,0.6116207951070336,0.0,0.3730886850152905,97.62996941896024,1477.0,1524.5975762313299,61.78400897508817,1518.3338287688282,0.22860073295665223,0.6475814574528536,0.5985629921259843,0.23183178311527214,0.6545130630875243,0.6052165354330709,0.2377005749152598,0.6698627443297301,0.6008267716535433,0.2356699218202773,0.662848689966693,0.5718503937007874,0.23272257840519545,0.6562196435566552,0.6092322834645669
